,GSM5016025,GSM5016026,GSM5016027,GSM5016028,GSM5016029,GSM5016030,GSM5016031,GSM5016032,GSM5016033,GSM5016034,GSM5016035,GSM5016036,GSM5016037,GSM5016038,GSM5016039,GSM5016040,GSM5016041,GSM5016042,GSM5016043,GSM5016044,GSM5016045,GSM5016046,GSM5016047,GSM5016048,GSM5016049,GSM5016050,GSM5016051,GSM5016052,GSM5016053,GSM5016054,GSM5016055,GSM5016056,GSM5016057,GSM5016058,GSM5016059,GSM5016060,GSM5016061,GSM5016062,GSM5016063,GSM5016064,GSM5016065,GSM5016066,GSM5016067,GSM5016068,GSM5016069,GSM5016070,GSM5016071,GSM5016072,GSM5016073,GSM5016074,GSM5016075,GSM5016076,GSM5016077,GSM5016078,GSM5016079,GSM5016080,GSM5016081,GSM5016082,GSM5016083,GSM5016084,GSM5016085,GSM5016086,GSM5016087,GSM5016088,GSM5016089,GSM5016090,GSM5016091,GSM5016092,GSM5016093,GSM5016094,GSM5016095,GSM5016096,GSM5016097,GSM5016098,GSM5016099,GSM5016100,GSM5016101,GSM5016102,GSM5016103,GSM5016104,GSM5016105,GSM5016106,GSM5016107,GSM5016108,GSM5016109,GSM5016110,GSM5016111,GSM5016112,GSM5016113,GSM5016114,GSM5016115,GSM5016116,GSM5016117,GSM5016118,GSM5016119,GSM5016120,GSM5016121,GSM5016122,GSM5016123,GSM5016124,GSM5016125,GSM5016126,GSM5016127,GSM5016128,GSM5016129,GSM5016130,GSM5016131,GSM5016132,GSM5016133,GSM5016134,GSM5016135,GSM5016136,GSM5016137,GSM5016138,GSM5016139,GSM5016140,GSM5016141,GSM5016142,GSM5016143,GSM5016144,GSM5016145,GSM5016146,GSM5016147,GSM5016148,GSM5016149,GSM5016150,GSM5016151,GSM5016152,GSM5016153,GSM5016154,GSM5016155,GSM5016156,GSM5016157,GSM5016158,GSM5016159,GSM5016160,GSM5016161,GSM5016162,GSM5016163,GSM5016164,GSM5016165,GSM5016166,GSM5016167,GSM5016168,GSM5016169,GSM5016170,GSM5016171,GSM5016172,GSM5016173,GSM5016174,GSM5016175,GSM5016176,GSM5016177,GSM5016178,GSM5016179,GSM5016180,GSM5016181,GSM5016182,GSM5016183,GSM5016184,GSM5016185,GSM5016186,GSM5016187,GSM5016188,GSM5016189,GSM5016190,GSM5016191,GSM5016192,GSM5016193,GSM5016194,GSM5016195,GSM5016196,GSM5016197,GSM5016198,GSM5016199,GSM5016200,GSM5016201,GSM5016202,GSM5016203,GSM5016204,GSM5016205,GSM5016206,GSM5016207,GSM5016208,GSM5016209,GSM5016210,GSM5016211
Activated CD4+ T Cell Blood Human,0.1541866549878113,0.2637804719909213,0.9016484814351858,0.1511269150986518,-0.2905901224605054,0.04898248639330616,0.2121876948999417,-0.024011666504534658,0.9415437236039487,-0.21652663707137584,0.43069748968802446,-1.0571527632803939,-0.7323659608928955,-0.42559481925303594,-0.11776757583033563,0.5017896666502266,0.7875317813911941,0.10559088573302283,0.7008325180432485,-0.0773226480150066,-4.645577858558846,0.24343261520483764,0.3100387647703404,-0.613855148333857,0.21134520585888714,-0.03261958383930538,-0.1726846131704055,-0.25489420510118244,0.42368250013798897,-0.21926617254208072,-0.17364621894261892,0.01257420122083917,0.32157748890754234,0.5199671826670421,0.26195096968221354,-0.02968743110693736,-0.2668570779918495,0.21330899631467767,0.8620670086990916,0.3270634672100209,0.7638396203587164,0.5299641699454978,0.10398531981045821,0.38918742340701784,0.4421640339053905,-0.09122009445796085,-0.2960551678863743,-0.05035211048392166,-0.48982076893564364,-1.1097683475276496,0.2888123751639084,0.06623050077122537,0.17862090417824986,0.34004678044328984,0.07757921616441808,0.046618502347172214,0.5338774693587253,0.5520077973759443,0.6780671111097174,0.047569821367325946,0.4235347099702986,1.0845891892401136,0.7182559982360632,-0.8928362268370166,0.1211728788438221,-0.06490630707879802,-0.6697340031340424,0.9707239364931745,0.39116011653435195,-0.31447494211216925,-0.17946221914362748,-0.002067323085756437,0.3465140054298934,-0.38769242983197055,-0.2423625013937075,-0.20772392785323007,-0.31190676943950024,0.013701319024540741,-0.016552272674620273,-0.45210009564353526,0.1594488159982505,0.44264869524806405,-0.48643534341024175,0.9118537726260633,-0.5281858582989482,-0.5647070151928858,-0.2969444227538714,-0.44643373841290346,0.023172263517545935,0.25383320534191556,0.3500293853093577,-0.7801313048584793,-0.22317659317819102,0.26373429457850617,0.4755788409646304,0.2779276790043931,0.7012130747043085,-0.6420311772851578,-0.4797456027775134,0.17622792513251218,0.21475376599777932,0.899806700364369,0.9064044487333902,-0.04116470255387244,1.299244947017529,0.1914486838524989,0.6959631138879181,-0.4286895425753521,-0.4783586696030438,-0.49710733380214067,-0.5117035995783304,-0.5731228719591948,0.2445331203902628,-0.4031357806751188,0.20293986411850645,0.7836436288170447,-0.3073806921369242,-0.534672782587689,-0.4617224185172382,0.32920944847491646,0.879509584501445,-0.7705467560407897,-0.7520548189089084,-0.6281465020153086,-0.10607040986863737,-0.1392880985569027,-0.4773110016690412,0.31759404818079534,0.22828822288634215,0.4731169179258814,1.2676263276914412,0.3294150709635295,-0.28138187162916234,-0.8919316999885392,-0.5599571000344771,0.107105058493157,-0.02947916932120509,0.4677928263622648,0.3917471779835919,-0.7113261618717699,0.11677061186145749,-0.05249041474435312,0.17852156654511586,-0.18447775786514614,-0.5400764520145418,-0.0894387218705338,0.5212499851743134,-1.2026062365459373,0.336593246691178,-0.03270444523063512,0.48630437273523097,0.18623168932276413,0.06598830643062249,0.058115362245366516,-0.08013046783363259,0.5610069896748133,-0.3222136426571606,-0.08586581709674385,-0.9132656669484557,-0.22273061794564547,-0.3903858425085755,0.7634721599859605,0.027564867948958006,0.1548172800796358,0.32491186654656945,-0.5485418816605353,-0.7447691956728861,0.20069162522298267,-0.047400865545093464,0.392009893496934,-0.21883917616434873,-0.7782329120504986,0.22992063298673288,0.1950414696521664,0.09091498402336833,-0.2507357291818651,0.6861976185704767,1.094912794169239,0.2844813798259241,-0.5499420061025005,0.3195724790163069,-0.07191777392716298,0.699382574073349,-0.3000992659236524,-0.20439091230222076,-0.654058262891009,-2.6085019202563027
Activated T Cell Skin Human,0.21108794487469065,0.43077879140725045,0.5980117825286315,0.5771782081756355,-0.18930433139072056,0.1844883155089394,-0.11154237194240915,0.04523722765237927,0.7873277957736381,-0.48972995697186433,-0.2841872991016042,-0.7945611842344074,-0.981048379494661,-0.15201661039544362,-0.19505365851474513,0.20564773358089802,0.7360809141133526,0.0719186414405982,0.0917278297676608,0.0674430162434865,-3.4594252911110095,0.4097852258279824,0.0221665915037782,-0.5852329126047141,0.4888603516927866,0.2831091269289873,0.012394672435980863,-0.15160811269132557,0.32153685679385763,-0.6989933122207427,0.15691463887744042,-0.3091657290281793,0.6642401479119115,0.8998901413238981,0.1687239835632162,-0.43747678338055795,0.2386118044449856,0.21888339629286074,0.6812436640439026,0.39847868055487007,1.1308053066030683,0.4149193154762161,0.023595327243326088,0.9236846415311591,0.28668810023430025,-0.00426405609747985,-0.3888239523169262,0.012172384650681394,-0.13107152289095617,-1.6144022860296767,0.28703895287843856,-0.04861253015567922,0.39446624296546373,0.08589623013103295,0.31441720269554335,-0.03668890066877698,0.7883951431784665,0.5687829527032824,0.9671657748519399,0.3219808748448584,0.3944952534630474,1.105044290861621,0.6460852609708777,-0.32530799303923263,0.526375615970437,-0.37050049191286233,-0.11421394990952384,0.7190812022923068,0.2012491263360968,-0.500336186648926,-0.35769646168227914,0.4297720711248272,-0.2120331619355933,-0.25377689647303747,-0.45878097874389573,-0.20012200366770294,-0.6944738656032735,-0.018940234751123438,-0.25298016546139634,-0.20757825968406013,0.19054132100476964,1.018047029968055,-0.441767489531819,0.5551563362393264,-0.6808999403394623,-0.4227705833102152,-0.40198867738823235,-0.06059029107084415,-0.35558898227539226,0.2704257359546284,0.008177872217680484,-0.20130878533939,-0.0748278091574434,0.2346524454571103,0.636253316180851,0.26237675035677627,0.7081565008768844,-0.40232000147965186,-0.6533881533498606,-0.003382123774151567,-0.10755340392313685,0.6883634659141107,0.5493166786187242,-0.03501730341076848,1.3717638660018683,0.08283593894323864,1.2659280637650607,-0.2538178780493881,-0.022843955599466774,-0.15948075181952842,-0.8711696842153726,-0.5389663535126542,-0.15966697942844435,0.0021985802049075487,0.1372293669262667,1.2969155696615273,-0.28496061511139076,-0.7124021449230646,-0.10309027758123808,0.6310765210680704,0.8510490795665183,-0.720019419401967,-1.026807863295315,-0.5905719103367096,-0.02036866738692572,-0.0278619903469132,-0.38447163271948764,-0.20161227134628526,0.12890072848152895,0.4959607677990587,0.9642374544585532,0.28816809450175646,-0.19475548847647212,-1.2232038669325906,-0.4627860629019337,0.1185420715380067,-0.49231890238104536,0.3505311386627147,0.7577308972217097,-0.626807667938721,0.34877574676179685,-5.002718757224356e-05,0.007454796669241785,-0.15118466702858857,-0.8051224816872923,-0.040877344551617026,0.4207845872235866,-0.6914551745021621,0.3728455602900201,-0.042992407978195306,0.5180036812532758,0.7370923142574657,0.6695463418196982,0.4287775819928702,0.056948560608015376,1.0323661685709022,-0.641991839397256,0.014256601586016047,-1.24640055100189,-0.21275086382162017,-0.0032327886555942307,1.0732272008556976,-0.7093219094650128,-0.1615675185695476,0.7723746363434346,-0.5724469132615188,-1.1334878237680157,-0.05429523450962804,-0.06670800581469004,-0.19973012410583732,-0.22361194994900013,-1.0638550647521368,0.2560451836941934,0.49187828558532326,0.6063277949272649,-0.5451919684953607,0.3680417853601991,0.5036770063842607,0.3288283334006249,-0.34595443073255033,-0.2040634138819656,-0.6095295814028364,0.44308943242467497,-0.4159587180382238,-0.5601349832095646,-1.5144325210148621,-2.6630698802762724
Activated T Cell Undefined Human,0.2530655683457775,0.41869690561760914,0.6300108588922474,0.2563357172016355,-0.09386206412029206,0.08169676766202469,-0.16751558991529983,-0.040564617977263066,0.9080363933523606,-0.347462207707751,0.06451067008483662,-0.8530049612981517,-0.9604428195785408,-0.3093276415590877,0.04874070689679271,0.4351525759457765,0.7403287090215345,-0.014721725560252053,0.29328225654107315,-0.10223039245452033,-3.5301048380576185,0.022037141562441815,0.029599947868936886,-0.6580558924992909,0.43049192724066354,0.22669929737526223,0.005657611119508506,-0.11113776458038556,0.40545511608262685,-0.6873455343482678,-0.06154777374760904,0.017399001368311805,0.31144914792260736,0.7128653040483827,0.2058660939221141,-0.30940930017422336,-0.04892343884413322,0.15187696515917307,0.7064588291120764,0.3296637218634168,0.9646103214644229,0.64353124196525,-0.20384927764379204,0.6172818937506358,0.3857271914418004,-0.10721262485599614,-0.423199743282241,-0.19058336782232832,-0.37882474154840834,-1.218179358437975,0.14824439770720801,-0.1776312850546849,0.22912692632749956,0.4073661108444058,0.21908189091514052,-0.06178257803985584,0.7114408820653055,0.6509004722865686,0.7082496436329042,-0.06915177501519333,0.3173728845834465,1.007888057113363,0.7912580494563717,-0.8508422007318177,0.38509994049718765,-0.3120222795296927,-0.3755258150131381,0.7218088692275525,-0.12016170146268083,-0.3695891585130927,-0.29040883911515547,0.3671586944426159,0.0362140386836972,-0.3025689309733475,-0.29037464075333996,-0.3821576959077647,-0.5757619977347415,0.24641711555526546,-0.30525566601216475,-0.4268537196530905,0.11395384380638517,0.756176748309352,-0.5549960197035971,0.8652912004866857,-0.2793307096516405,-0.523260919980491,-0.20148479344043319,-0.11988178609984104,-0.2690728332262079,0.08694595744705041,0.3176627092695864,-0.32030170775148387,-0.11099755338667408,0.30930456395321937,0.5266662273879884,0.2718117252865632,0.6801961515045495,-0.44595445240027654,-0.2926848893144706,-0.12266649334200584,0.08840237777591062,0.9541544555844139,0.7046006601153588,0.006074054952759966,1.5788965243831636,0.2845869768427838,1.022569100811762,-0.3908590040096478,-0.23478602847993818,-0.2896309220249738,-0.7175602052879323,-0.6947001843917323,0.04517480004730525,-0.28654167058700747,0.16667410265727414,0.9823169342352879,-0.28892080668079784,-0.5256889059349583,0.02149309275563677,0.42859817586209065,0.963193566305297,-0.6040558182674814,-0.8368922226349661,-0.4564989336158509,-0.17624239896615695,0.06388238041407876,-0.37406367262577517,-0.06781734033494634,0.08655743705943121,0.39587803562024654,0.9364699591697473,0.38451276338547785,-0.263046779861321,-1.2593058636964147,-0.5689187002203328,0.2137701428631452,-0.27157240004176764,0.3876074410914527,0.36554511579426163,-0.7805919281472916,0.0013040460381752883,-0.04767001703360581,0.0833429479144419,0.10775297513025198,-0.6712496348899882,-0.17749887382104476,0.5850886113021578,-0.8712994462640169,0.34332822067365015,-0.10353912815758366,0.4455281404691177,0.5700624234983935,0.5070322124540608,0.12684380628276362,0.2259924203966202,0.9826795570585865,-0.49891256922932636,-0.10289737937029539,-1.0810404890668663,-0.10174867938203246,-0.0860845356274955,1.0039473174661373,-0.48233107631957195,-0.19019195582871937,0.5762663532381296,-0.6717790080294429,-0.9832504922450269,0.15335900747962566,-0.08310774273994882,0.03883332141200103,0.06513358537183357,-0.7967434249860903,0.482998802514902,0.30749393634261907,0.5351642869972243,-0.4475001324528543,0.6165367728822673,0.9348273522973346,0.2601361394177179,-0.47357084538505195,-0.19777657327908146,-0.17509053828284118,0.6804860176290257,-0.4324515197603057,-0.19079094791840845,-1.0223973501020303,-2.942419071811898
Alveolar Macrophage Lung Human,0.33621681844972134,0.4043727660493584,0.7470949694952081,0.2932472858917952,-0.9807152441948227,-0.5286466279504379,-0.1118859509090001,-0.19575579452877778,0.4485480239523869,-0.20989708789841513,0.9965734638150452,-1.2176721233898011,0.34042906952070556,-0.5301178114287352,0.23168743888877721,0.5989243702005618,1.0606043343012934,0.0038996917937139364,1.1916344253841602,0.057307519398297424,-3.0034987795020984,0.14303315338794742,0.271545344599854,-0.014484315182953853,0.28645745553349955,-0.28966197073357586,-0.28436483502269144,0.06035886260999352,0.42422141620856907,0.36569502078497734,-1.2281417562195465,0.7012299744804893,0.30366205831244536,0.34955403203317914,0.22125480098351988,0.2790726827006649,-1.4758199034068464,-0.08261880012003282,1.3085641751207209,0.18999923992153622,0.38979604476166924,0.24492446754891548,-0.48391202016835,0.025607826503405845,0.6126801181958729,-0.1256720038120896,0.03562734302781166,-0.31780009696227735,-0.39065330034010265,-0.3353059730052334,-0.09777848828581966,-0.000552973961560029,0.005676952885007663,0.2543430762649559,-0.0609771649484663,-0.27358997647518885,-0.2338674057916994,0.271406136144032,0.7456513363441744,-0.03014015605699086,0.3107537844721999,0.8680349470578053,0.1930521483604513,-0.8404512990577572,0.19851783463381442,-0.30386523382738906,-0.2788373328116806,0.4900863325780472,-0.09970025002562995,-0.09809521711855056,-0.0053316821540748405,-0.4530309134142489,1.143662830757225,-0.4215179801159346,0.28899615554972696,-0.15371918098913226,-0.04925506555367564,0.16148007829071231,-0.267689516379582,-1.066762119521773,-0.07009461187691193,-0.5919175555098517,-0.6465159553703729,1.2403711132724342,-0.3066171456836177,-0.967839123285831,-0.4299766771756443,-0.3256042182324154,0.33148263745079737,-0.2616628785031881,0.34762247218050074,-1.067187182593957,-0.5581066368186385,1.4304553574653296,0.13050113859465037,0.16259527516810682,0.3223400832215076,-0.3040220532380586,-0.3610111601798107,-0.00374603054802522,0.2425996046779794,1.2537566303684284,0.8717554577206615,-0.0029347740006994525,0.7658295311290534,0.1574087364002435,0.04366995965317675,-1.0071073074028,-0.889163830690154,-0.857303788889531,-0.5985294458229595,-1.2101231279904627,0.10453923534915523,-0.7744589830689276,0.07842119476629457,-0.06351842060628261,-0.29629764757003185,-0.27283769692403287,-0.08883167878648679,0.022350779697467325,1.1790452280438715,-0.2931780625884813,-0.4268583985152115,0.0344175358308093,-0.26464561660770997,0.012323596202502665,-0.3357038857214644,0.5693011071870776,0.37676577118417437,0.2773282386544475,0.9260410024745171,0.09361621513857861,-0.33026200903204056,-0.6978870137122805,-0.5094871360813755,0.04359778667138484,0.002345468853481516,1.0297057519507367,-0.2391342516945941,-0.5926636838709863,-0.0550832680478494,0.0639390964586937,0.5578825852000868,-0.33515289356978034,-0.0016911898410978121,-0.5401989657384048,1.000684566338639,-1.7497846545827762,0.07620561295036705,-0.08853315550052321,-0.5120917002713901,0.03117176820953724,0.20822875696481694,-1.1945095288223884,-0.16459584899143034,0.37252181578820154,-0.4440415756026879,0.08691932683432683,-0.5522716005878183,-0.377629927512427,-0.1825244078757884,0.6194449257631179,0.018607754906626056,-0.039727803335607985,-0.12862887578900808,-0.7362924081325085,-0.2968338621631513,0.12137437495377336,-0.3899028184036366,0.6691666740943131,-0.20360725531243473,-0.0858404906189238,0.6268310983942987,0.3558052701904433,0.35983079741949714,-0.22226304492404161,0.9207191865480496,1.3062679486172526,0.3300441434664025,0.2614033131726055,0.6747973416842453,0.4366646175262838,0.9736489456818674,0.5892452232253687,0.135644422537588,-0.09627057743529881,-0.11823209051128987
B Cell Breast Human,0.03910170486165345,0.024120913978372564,0.5379940800680598,0.11041169230939121,-0.468213408409416,-0.0784352242719307,-0.23223502049282907,0.039168655741268536,0.5026498299543559,-0.55705593877879,0.37535390107647654,-1.5000183339089332,-0.49198305729966996,-0.22850842227607276,-0.1591780823886783,0.4695781520351731,0.6589469527819033,0.020379421828709828,0.37905784616749283,0.049297831025305404,-3.4276616385575136,0.5826072322456188,0.09961123997143488,-0.2862089065664479,0.2589595879697021,-0.06416772567689893,0.0280190807267406,-0.029300691784867702,0.38896237239239095,-0.13997619623443155,0.024296578737850332,-0.2953451252664431,1.2387186179126348,0.6008957408637037,0.21616926062527597,-0.16298111315567484,-0.28968904766635445,-0.020052155456371623,0.6926264773351607,0.36543207660384375,0.3817392735165466,0.31785139128837453,0.22537771842497037,0.41676379340477465,0.2076939900974812,-0.08128508265826179,-0.4653164077618953,0.02511378981273884,-0.4717111593319673,-1.054428073284344,0.6419386468711544,-0.35990016186737495,0.41150833211142507,0.5588309765850543,-0.0613204819446076,-0.018536372639752236,0.5703344715593678,0.5959314551353815,0.766696296301476,0.4201712882228719,0.6799897078287406,0.8674332289118584,0.8110867707882562,-0.7959756582514249,0.012295123165051613,-0.3040027864803099,-0.6810428155019429,1.204674248063567,0.2714217792418961,-0.47808985692453976,-0.34730607996071294,-0.46108540431989553,0.08996997155795983,-0.6128441937458451,-0.20508441730463184,-0.08836881408900119,-0.4987179007507833,0.15439167175566276,-0.07882961796307415,-0.6518601487435812,0.7715446032006458,-0.02473222158559031,-0.38164219440903346,1.4211923594386915,-0.5699881317629857,-0.28832211604493596,-0.39937269424731153,-0.36616876326232534,-0.008235189068765672,0.22089663904807325,0.19766637037953688,-0.8206025368263224,0.12143164635828066,0.42556363059190205,0.14839896369704533,0.25921821655777233,0.7719603241623882,-0.5027079107540305,-0.6452145229510842,-0.12851752192002386,0.34098875106030907,0.957005420040162,0.6342999344609367,-0.2048702912707023,0.8905828380705747,-0.1460194608226509,0.6298568490934858,-0.7155956448013051,-0.37461464300095576,-0.32994297376833553,-0.6859961170294351,-0.5318181119832348,0.29988677220323817,-0.3687963423992133,0.2058333414792704,0.8326087572044292,-0.058194706742116624,-0.5428747376393517,-0.11866447209293517,0.33144187948118103,0.6996080549510426,-1.0061484299299035,-0.6364136329309945,-0.5775077813382196,-0.3025070588716037,-0.24294863683314236,-0.14700469809338748,0.22263536111542087,0.31235243257202877,0.1595599080095117,1.3029992213421624,0.5190271404557604,-0.2806835248874876,-1.1575170885593067,-0.46647168285827123,-0.11288819438249936,-0.253369344481582,0.4420889015343198,0.5350835086298928,-0.8591134389026571,0.1933622919553814,-0.28912554075170876,0.11589414512686608,-0.16371279482365475,-0.5321649795359855,0.2587138799282437,0.2389667373175511,-1.1047194752327245,0.17741428226222783,0.10814921282753034,0.9896304550158063,0.4150017932097575,0.08522942404484805,-0.07923905259601534,0.10246179504169432,0.7578815017761867,-0.27768137405339055,0.09938233259757585,-0.7293036478944309,-0.6516846431639032,-0.3529808878913671,0.8022682772350013,-0.4708660952083709,-0.21575980674202724,-0.06562855873204809,-0.7403711679121524,-1.0778815647272153,0.06224325112950938,-0.3376780696415486,0.014204566829703976,-0.2631083287782465,-0.9873068593972766,0.7807233618953084,0.7153025131758431,0.2594827916182332,-0.4710613021475307,0.30309404966829917,0.890306528097085,0.6123025716373655,0.5828954333638624,1.1767253702849676,-0.26933531880796413,0.8146779171296572,0.4056418527471878,-0.31503637599751155,-1.1387113185719822,-1.0137238321368736
Brush Cell (Tuft Cell) Lung Human,0.4470657597993418,0.40398502612995413,-0.050597037326492025,0.14576493914481709,0.8013542635325868,0.09118428358602318,0.5265448404091571,-0.07813817052554672,-0.1415260816930059,-0.7521949139235768,-0.1376209732498267,-0.06096784938344162,-0.5955164695065281,-0.5030927298488926,-0.35862795571138917,0.9257659575689561,0.19984185785029754,0.3848070655686695,-0.2346241541968202,0.2084249567008535,-5.688902844980896,0.047033888834313795,-0.14281230619809218,-0.7958655427125545,0.5766940267644473,-0.021529840646584156,-0.2744638718218463,-0.3033537480144832,0.2102999937977672,-0.9241307900056156,-0.5628670124194821,0.1693541530012995,0.7571189283434105,0.1621136114653908,0.5513519848235686,-0.2467370846096993,-0.4532637869865869,0.2104998329223237,0.5753683282092676,0.7185922513252956,0.887310885937977,-0.21076116750117857,0.058170154765522286,0.454370461668036,-0.440098066893706,0.076257823054656,-0.1197857320871792,0.036558835727515566,-0.07883640990137974,-0.5727530385489653,0.1898755757915103,0.09208592591063847,-0.03761082492928614,-0.5807470387552798,0.27075228453444944,-0.04762252049318767,0.28175755229949134,0.44910128442065234,0.8796824520372292,0.27973926338789123,0.9697065076222797,0.6065123466507909,1.109419489670804,-0.38528339772536774,0.35864960241258614,-0.2850400635282483,-0.30691801300270116,0.7283545934778901,-0.05293172596495138,-0.8769928224910553,-0.3690554537674168,0.01966504100252589,-0.46838454624317455,-0.5286594800581028,-0.28692199146147845,-0.133211050374366,-0.6248715739558947,0.11700054525203409,0.12246573876478369,0.054313418680959596,0.2866581691905564,0.2655903796609844,0.061950299484227915,1.0723441096606159,-0.5602933092170694,-0.22243088057457633,-0.3746209300120807,0.004209064103333038,0.20962534474459799,0.1688519025017701,-0.06761177398544047,-0.2676718686693617,0.3485273457147318,0.4889642461497992,-0.0075671127050748145,0.3179504228560658,0.6059855592218419,0.17408959146564001,-0.45649645440650505,-0.4561622469123033,0.11618810897376308,0.10551643624828327,-0.17536212540462384,-0.0357132533372807,0.3866010934165931,-0.22976559973038613,0.3225580169852071,0.3442514407543948,-0.2956274656438772,-0.24201845475786998,-0.5826600149599744,-0.17622959031819077,0.495466955446413,-0.09704674904940096,0.5838976312578982,0.9448246378451692,0.18418496380993815,0.26569533720635,0.14159476219784226,0.32066689889945466,0.39509030486686514,-0.08349928978391889,-0.2646241529915989,-0.3081973130666899,-0.2664786841039257,-0.004407746306473962,0.015206370048953777,-0.016829400250307554,0.12868648173352373,0.2546075768649941,0.593284621963842,0.5237139393521616,-0.18097009778646628,-1.667943963937348,0.0686387655015504,0.4033141386457984,-0.21591630073693704,0.06391608111621921,-0.13818305690388322,-0.3444775435209614,-0.05957936766418342,-0.04457973681381507,0.6692572851550911,-0.41332532639194924,-0.37352605945989253,0.25013547282023413,0.3152723852807878,-0.37784866779917387,0.20928913290663836,0.26863195775885185,-0.020261791452385998,0.6645127419914457,0.4198690534541013,-0.10360938230579357,0.5430084386021212,0.8633826328667563,0.1247106893091729,-0.1917709552600791,-0.5026284706933256,-0.4971635806781687,0.1370732756959295,0.5902753945035861,-0.46957256371526224,-0.8246285207387389,0.48309788420309124,-0.6571282959258292,-0.4980827413516105,0.45758218776877113,-0.2477966849297042,-0.33110988652130896,0.36849272591289883,-0.4468499639156484,0.34691002034208623,0.06338238120338445,0.538676787882597,-0.49278438162695454,0.35523391232353274,0.7756350239846463,0.5849469882749739,-0.27267540436789933,-0.028017889257693166,-0.11439398225960563,0.5204639041298834,-0.06373242067982593,-0.3433108357008718,-0.8369735724035756,-1.6839330646778041
CD4+ T Cell Blood Human,0.2016553170976853,0.3275565385214561,0.3240608818522126,0.2695576609309102,0.11281410628949243,0.04094514442732435,-0.04536582430425621,-0.049687583801397296,0.7487044063541942,-0.44906732842935015,0.20662856284772083,-0.653350408234888,-0.504450059129322,-0.31528851506617656,-0.07913144853385579,0.7401483873173014,0.4691672563633049,0.1338761323072767,0.1664005214005514,-0.18191129872826878,-4.7931818521487894,-0.1001663316408885,0.16802042236760562,-0.7348284156798383,0.3973934366460876,-0.1250084325699608,-0.12468428209365538,-0.2516866046076388,0.13763235638368743,-0.38512588405749926,-0.4659553164329401,0.21033911407827266,0.3684987051665329,0.8436786315324456,0.31010951521148833,-0.17047986106852195,-0.5515441268633114,0.30213212957885593,0.6139314496811806,0.43370263630235717,0.8454142351654834,0.37511697508731673,-0.10924092383587285,0.5261856846820723,0.06002877788731328,-0.2350017767975881,-0.1682702947808988,-0.30604536195428855,-0.1912156742210571,-0.6979534249851463,0.2225884565191246,-0.11157169302890199,0.14430655743801898,-0.029851506819924184,0.1387814777035838,-0.004768885863427665,0.37904967596250916,0.6199618989416893,0.995788512980071,0.1028800608898309,0.5563436203893651,0.9137906543543792,1.0363513227431491,-0.4965235367926886,0.0710639551100281,-0.2257191603753006,-0.37393714198602457,0.7598723132841383,-0.15910156240545428,-0.652694564600581,0.10491152293879118,-0.14405845526899044,-0.0451170878855129,-0.4896098758971661,-0.1810204026896169,-0.2953823346239339,-0.42928289265073316,0.15851719382909718,0.09446056590200462,-0.6603312997309514,0.14398166449378985,0.29581902838659346,-0.17313831150758727,0.9604846749164361,-0.32827335950356185,-0.41414273120594103,-0.1998755400297379,-0.25976919901049517,0.3139325978636616,0.0672133506101583,0.05617490411124193,-0.5997458159446551,0.018872561478638812,0.2239506915961685,0.3909932083288246,0.40262045168940236,0.7530268332974697,0.12766111951993775,-0.33557565143962853,-0.3559899818825558,0.21849466867831926,0.6140034061188432,0.3205345757386043,0.06777070279588808,1.1936297030859986,0.058308276047746965,0.5320641054620217,-0.037873869761695766,-0.4166933511843817,-0.35702763884219085,-0.5117202409245141,-0.5078070346434085,0.23440047173685166,-0.23402516713893565,0.19682786646531902,0.9312559449308371,-0.0643920045844583,-0.022741253246998997,0.0023528422844056236,0.1618085560294525,0.5873850544614654,-0.3825385640924545,-0.4305354051471456,-0.39337573425135763,-0.11258161112056708,-0.023057680153097122,-0.17545999011910732,0.20598967090228149,0.2794003059637237,0.35240422991641845,0.8357897089662556,0.2481228620321334,-0.0700170195221291,-1.5958902980392904,-0.37715097270224246,-0.12301085629677093,-0.007665405098924609,0.24004117622433271,0.1361535122581779,-0.4188569559091908,-0.03946754376016733,-0.22144713040771605,0.4896381427653574,-0.12916226529063418,-0.48691738671167595,-0.18156223201013183,0.4753681757844369,-0.6903856355603005,0.14467007347939617,0.15183474081913764,0.10342252228093107,0.5067369772152654,0.47557370325202175,-0.21070350058942094,0.1689412500364763,0.817849201610915,-0.27584776415731765,0.03471841463150191,-0.484137794141268,-0.46346542569349625,-0.03278954683915868,0.8652856333561572,-0.21311167364398295,-0.27798389544318447,0.3749584509281689,-0.5192214891108173,-0.7629331173019489,0.41803417566540385,-0.22413628600850108,0.064769673758555,0.011487060976007622,-0.6007628409555851,0.3064001448462327,0.12401609694364839,0.14784709677729552,-0.23474075893593369,0.4785814020771487,0.972351240905714,0.27395548174914264,-0.6216214038752907,-0.06191072852818472,0.013817638755171021,0.5720619302615468,-0.27341393461664615,-0.1665199045006249,-0.9089323198155517,-1.7984370779478251
CD4+ T Cell Brain Human,0.21817668163518625,0.2177162385998596,0.22456867033524686,0.22738056826211592,0.7281635652262787,0.1557130021571011,0.3352257337881219,0.032958001926406244,0.5205581379508325,-0.6702156167234377,0.039419458126799936,-0.3019435265545102,-0.6124885580787455,-0.38089256125981813,-0.3792851326375857,0.7977046668281296,0.36782059065533396,0.041535903848762386,-0.015673530113524434,0.18534507274676262,-6.168920149157629,-0.04759370502910528,-0.009216510521942474,-0.8058715656354443,0.40403118267146415,-0.13453544352773367,-0.1208251893254089,-0.3959015509984319,0.19566230859111797,-0.6901203051601846,-0.34939584745597796,-0.16122756301628371,0.3515787747118807,0.5585794794790258,0.45959531466291814,-0.06160556312831137,-0.2560324846556018,0.2260089096300541,0.6143127152690833,0.5097362126781642,0.8734082134608047,0.27819142484596343,-0.01036131601083686,0.4037122074367461,-0.20654086961309795,-0.16583540342330835,-0.03268032451179156,-0.09328539430257571,-0.2601408999624899,-0.7655451114513812,0.22203117595391805,0.10238256526777477,0.009864065671451597,-0.33606379421368177,0.08919908782673389,-0.05153099440445256,0.5426712106945143,0.5958749606493866,0.8917110740029918,0.13679658241820408,0.8010004392152859,0.6617446745722989,1.0622116713346652,-0.42302112059965924,0.35312332492887316,-0.13702576085878249,-0.22610198693057784,0.6614801446562021,0.09565152252936025,-0.811015621850981,-0.29610260328535637,-0.01917265348532755,-0.22450388749214664,-0.3524274966130826,-0.40286954090478005,-0.14243743977787335,-0.36309372337339635,0.1699991344193469,0.2379771687350031,-0.2863825116685324,0.1241293262075564,0.45980203524993046,0.0006403471568605821,0.957313906983556,-0.701399600965712,-0.19842877617535812,-0.1392365838497203,-0.008990408847019472,0.1141757296451946,0.09376324371977353,0.09479550189667944,-0.4525212499993407,0.14789362256066832,0.2733162424641246,0.40403718614453427,0.47430976280210096,0.761592744670441,0.13539319748651962,-0.5055645860041048,-0.4325128958185555,0.1291074524980042,0.28278011701037653,-0.07982994954104788,0.0072399726744924175,0.8089826362275278,-0.11646253715543528,0.6739492750744539,0.09134685446914433,-0.4789497889225324,-0.3768502641257988,-0.6960501728395676,-0.28200131571554293,0.35017522838013443,-0.08035254772516921,0.536422738072078,1.1378095092682814,-0.035102443176749834,0.04204594296057734,-0.07790941015155425,0.24079273228104459,0.4958729354885272,-0.2160694978877365,-0.3538647242936612,-0.5707848316649261,-0.10122307025409537,-0.07934034368475398,0.02856506317953736,0.09425776116615535,0.21706130973509954,0.4060254239855085,0.7393385611237284,0.24692485652078008,-0.2140490225466293,-1.2627684848894443,-0.2540843468595174,0.09709154932348227,-0.15169555252962544,0.2302896527084752,-0.0718189707934036,-0.4750659787050117,-0.029717807009608115,-0.3022775941050289,0.6286277267335011,-0.4352261979893966,-0.3297905087192651,-0.19870970236452695,0.4845192871317374,-0.5538270656446684,0.3051405927545403,0.3408758242295909,-0.12744984854969846,0.4648277996557495,0.4771476413898924,0.10558753106595374,0.0637714734827711,0.8184916925435397,0.07254228487018141,0.011622328667962558,-0.3941009060915454,-0.48232021362981115,-0.014432544931936207,0.5812546809922178,-0.27251421923222935,-0.3997429449916596,0.5572388562901492,-0.3509043723581092,-0.5547642309034152,0.40563961702978124,0.014353405439496925,-0.03659818310785666,0.04183285096962633,-0.6185573699595123,0.14221136589836134,0.09883072393596605,0.2581461259881421,-0.5134613014470739,0.5122757750829252,0.7541293517249669,0.2783300464221204,-0.5632275994346198,-0.07552834277667805,-0.17442643409120195,0.4334722525934686,-0.27422780711419575,-0.05021966775960918,-0.5602633780096538,-1.455834639371059
CD4+ T Cell Peripheral Blood Human,0.2926661463305827,0.46272289717830983,0.6488166317205964,0.4985711567149345,-0.05574433173311246,0.2507957026895577,0.04707551984606647,-0.01369176929210198,0.9567866310206247,-0.49307596415756805,0.12718817148138717,-0.7110087545755256,-0.8408229424028665,-0.24497720036120815,-0.12867695282148728,0.576568891503166,0.8657466255659166,0.0872594791876691,0.2638953929267769,-0.006804600928280681,-5.107916911754733,0.08104322118442406,0.3685486577606304,-0.7484596865451505,0.5419184187490009,0.030208969717443128,-0.09712920534538669,-0.007853348341837277,0.22643516382087275,-0.6292501048406484,-0.1652692471206712,-0.1476662618330475,0.3072239851547981,0.42733230204839023,0.6271022866489878,-0.36406378768710085,-0.33001737636580114,0.16039027005384315,0.6938463870818012,0.22623251711672387,1.0292273093179443,0.5854444303534916,0.056246242102975644,0.7226572201452892,0.3544400068102889,-0.12880843481706086,-0.3449845962676202,-0.20974361982952774,-0.1921844547647384,-1.1191422135455567,0.26159638990781364,-0.15198996970313297,0.041481064040523534,0.04066479009377172,0.1622072492868103,-0.13787589116674467,0.4694702511767971,0.600191025070291,0.8418500918484263,0.0307705527534033,0.521905123204458,1.1173265217871668,0.8924648461896213,-0.433750050955991,0.3470129790443959,-0.18606267548065036,-0.412740485681655,0.7151802129496708,-0.12222868480750775,-0.7057378017005927,-0.39924846777239276,0.17435162382121783,-0.07063635864588187,-0.5815991223838394,-0.23610275092798816,-0.3215396011557612,-0.5516811284168547,0.12923290646508218,-0.008953225302442849,-0.6316776394065708,0.19812717897469836,0.6978706471553322,-0.3528342914223265,0.9656991990132339,-0.7256753758868799,-0.3069737609328322,-0.3101172777970573,-0.42902084948353725,0.1669069790943351,0.15629223402991274,0.1430874295929925,-0.25660874691430824,-0.09869870086138814,0.4765594725866712,0.6398174589220899,0.4342047117607447,0.7165323956665187,-0.17953920506862267,-0.39566804165487324,-0.15157430557053442,0.11266050525015543,0.8356494934428181,0.7618632182815555,0.02493431427342494,1.4327429313160605,0.061542835469250906,0.74223956592922,-0.3234832458303088,-0.2324558569591903,-0.26537159111007463,-0.7526202792927539,-0.3363121257068062,0.2000015123943208,-0.3007051133400467,0.061797692261527294,0.8958023344586553,-0.13035975059504867,-0.2960499232245761,0.06897589804195009,0.29155087403403646,0.6925392635063111,-0.5734833543458799,-0.8970383356051488,-0.5000477662917556,-0.201328268856416,0.031167086935383496,-0.2802401927693381,0.09220103120692964,0.2525136569245801,0.18445454188688845,0.9790855944987661,0.40142929143127354,-0.10535668673782753,-1.4033209658862495,-0.3518663554770964,-0.017407230631177776,-0.12236344810509062,0.32637850643188,0.528985167854069,-0.7329740648928728,0.03780064850999662,-0.18492694471385726,0.18005791900275211,-0.022145922182639406,-0.8374083218248801,-0.16319651091373574,0.5598042869572868,-0.9810720155051464,0.4243406361391812,0.18601041563521664,0.08461110646781787,0.4601935725295753,0.45501760020676574,-0.11562562827330292,0.009610540724007535,0.6471377113024881,-0.3560788717008343,-0.0669127983988507,-0.903273471804704,-0.47507714395109957,-0.1489215437844747,0.9077532586479462,-0.2888935244910809,-0.10344901760230056,0.41621423620661097,-0.7294582276321498,-0.9595215719205544,0.32871383919124975,-0.15460256406187278,0.19277670431554175,-0.03996580324571486,-0.9075556485994418,0.3163792921426665,0.2489532984126397,0.46208951048754154,-0.5916758758267494,0.4493497619863069,0.7926365167818574,0.2485543353647648,-0.37943022135442317,0.4131047479172151,-0.31931532296117776,0.5898327465177756,-0.3197525588440068,-0.4746552768156935,-0.9742170216114161,-1.2809094318355736
CD4+ T Cell Skin Human,0.24727781158510795,0.44685756555501593,0.162541859688488,0.4280792256640644,0.5600664082523058,0.13183744540048628,0.06592983535832474,-0.048553179207636084,0.33879740076157155,-0.5299840915361272,0.01675486114009542,0.02640104607767986,-0.7980336345493653,-0.24608931732095382,-0.24811607164911234,0.6353593174338671,0.29353902815877886,0.26336164603953904,0.15224087644392464,-0.19411312941593958,-5.606101971152193,-0.25216990997131056,0.013018917146053669,-0.9649266417900181,0.40234736613824357,0.04863057134171587,-0.2122304702574808,-0.39812197174231995,0.35809775339276206,-0.6131153105599764,-0.43162899270428695,0.16595929002257392,0.4214878851621033,0.5458666651197716,0.5916315470976911,-0.23535873077823458,-0.42135387911472105,0.19830380455001903,0.44273459268859083,0.5455601452939277,0.9983364231541018,0.2268773910630444,-0.15497316582303802,0.6387460218746439,-0.26499613699621066,-0.07009503121639375,-0.08607333906308447,-0.12700513234565497,-0.22498463716159545,-0.5433043451423548,0.1433352520543326,-0.14023670894894266,-0.050641437792478705,-0.0358080134006679,0.3703845792748062,-0.1878386216144975,0.48598576826467527,0.7262045871441073,0.8828886579802221,-0.3905369867111461,0.6264858068865112,0.6842326557658679,1.1143434939368457,-0.47491998217278053,0.15288892560877113,-0.07836556911967744,-0.3150278863433814,0.4526440807952048,0.007601156011097801,-0.7476774477292162,0.07982975125356523,0.20363946213921494,-0.2185376413499749,-0.3623691034673546,-0.23496310288768116,-0.4250284130758453,-0.2617859378495964,0.06264610260450408,0.25783554191132674,-0.21470601922935076,-0.07005361925694557,0.6474461360632998,-0.11253097389960831,0.5414410899990475,-0.4322451571993146,-0.21675322799572386,-0.1067819501625731,-0.0746244851230523,0.1191442919330465,0.1709649212840636,0.03364678370812163,-0.2735674761862357,-0.14049636247204744,0.14063193825969258,0.307605348482595,0.41191959140116813,0.667265975642067,0.17180612787649618,-0.20159095295202603,-0.3769816568343673,0.13808065969324604,0.506870288114468,-0.20165862605836612,0.1908626459363378,0.6692712417784069,-0.008714157470423728,0.45767513950300037,0.09961545224634755,-0.25219359754773407,-0.22166787107228111,-0.5132522860161919,-0.3300434218880213,0.1995772637478025,-0.09823251916310281,0.3210770580625978,0.9149067850161927,-0.04937539036093408,0.3144109922074416,-0.19832734320263212,0.2865094413855634,0.36133769151315825,0.014770588604287293,-0.25470077881234066,-0.534417717899421,-0.17933435629580707,0.31093063549739147,-0.18262120798569859,0.03867743352975284,0.18197934843021366,0.6077230481075105,0.7083081628294529,0.2700499071002886,-0.19248561006729978,-1.2644590648561598,-0.1309153178192549,0.27755078004401296,0.19842314293600938,0.27983219181832775,-0.1206326534380785,-0.33650139875801405,-0.0527443094209954,-0.05402120404002481,0.5709815416368357,-0.4704417110094683,-0.33059977886428543,-0.25857041652672325,0.3821064013266131,-0.5814133100659514,0.4450234744182271,0.23725340087461846,0.025575514903855803,0.587188058494557,0.39909913069632125,0.1210257211484131,0.28529009707878455,0.9243477177532672,-0.20644015437251775,-0.024959107787148674,-0.3674662108423408,-0.2774371531484376,0.17063563748824903,0.7033933132756279,-0.31460932860517293,-0.4206941075464159,0.7197378994182236,-0.3429745894349128,-0.42958012241297894,0.6673280874780714,-0.21063630288187507,-0.22718122317111736,0.0652166745576536,-0.7009775520593676,-0.008605881701809317,-0.34641933850885676,0.10945926396299216,-0.3422259144811784,0.6643758255940287,0.861966839790595,0.1395810509682357,-0.7132391466889568,-0.47199125459680863,-0.0662382471888723,0.39478483273004733,-0.5782920926295353,-0.1257252750971126,-0.4047081855176453,-2.439148048997462
CD4+ T Cell Stomach Human,0.6294923221801153,-0.061217184916335744,0.4912383281084211,0.11866409658920107,0.2175333313237545,0.20628628639266952,0.8010588033840521,0.005853589027356917,0.838642928445262,-0.9819945214936955,0.11123190094238784,-0.6778953448367092,-0.495338296478581,-0.4116180453032465,-0.6742759672541493,0.3093452046771587,0.6044790219616653,0.14341999565746713,-0.3044642854640522,0.7028358712773938,-3.7320858122788323,0.6700854714712247,-0.03935579060248531,-1.0665670121963526,0.3579383346835187,-0.18284307491475624,-0.20853682588666292,-0.33175551610284426,-0.13529799176876164,-0.5504433444746548,-0.5198420199667074,-0.4057121380048719,1.3060938808819411,0.5716665149085175,0.6190657717990277,-0.05761155644030542,-0.017461123460106927,-0.23492872558386105,0.9829037535190895,0.70186732208529,0.8139376778892983,0.19461437304110865,0.27321057548567734,0.3726880978030616,-0.22335351314886545,0.34963049145804725,-0.16734101663369672,0.3915132166860098,0.1079124933563556,-0.9378838117187612,0.6016044167149724,0.39815121785502544,0.455578759298279,-0.5514143185943005,0.25020927691788347,-0.024316768396087412,0.3919924205388392,0.3882003383777705,0.5341240329493774,0.9527712391544977,0.8920203598128488,1.0224736874427418,0.7143073153996671,-0.5957804652964062,0.5866126327650943,-0.3569889648019657,-0.509414587866284,0.7934694997865317,0.37241380043089567,-1.1009739627821502,-0.8932243038374245,-0.04427118084797554,-0.25376006822888336,-0.8592516731347176,-0.7023424440951929,0.02869566251611407,-1.022448642424122,0.20270948365821964,-0.11032135669852194,-0.11467366719025764,0.6453285317101457,0.4536477710615637,-0.07231697291817658,0.9853149676986935,-1.1369127086809605,-0.09649597221632246,-0.773182067497698,0.09543263555818492,-0.2810305048245162,-0.15496324321218205,-0.21052298798309846,-0.16928466528269315,0.3773913188997577,0.7706919901302406,0.35846170918606535,0.4623281406227153,0.6940098803532587,-0.1900090667765069,-1.0816572801003055,-0.24435519914925463,-0.20402909040072661,0.3159037808483897,0.3410111313016752,-0.25450837737439197,1.1464318215603013,-0.407571384690894,0.8835543580030923,0.022484619453681413,-0.23232472902178417,-0.41843198300936363,-0.9466426821567299,-0.2297072126861759,0.5264890446918674,-0.15109600656226316,0.7106037092649528,1.059883264535858,-0.2344059484212677,-0.3335556798250377,-0.13758671152242893,0.1771091748772823,0.5433189595406221,-0.7281763870433968,-0.9215665779870493,-0.5340988396301284,-0.22279421487937057,-0.36009908865644125,-0.27927896289994236,-0.030416373428563726,0.016697034494963143,0.5455900822897694,0.4829177442826939,0.4567550509705012,-0.4206028837839521,-1.1303757016415508,-0.628035651004796,0.5030516520359294,-0.68763978402791,0.1386529075160822,0.3496070862990919,-1.0890709727200292,0.15246560454032462,-0.398448025222548,0.4498904262932681,-0.5200546980143461,-0.4039055979584139,-0.06983686900179382,0.4173998927411318,-0.8981838271458242,0.039269434936014376,0.12039768984586742,-0.003109155559449796,0.45609162158895417,0.02978446163322876,0.22913185573395914,0.7104831939534516,0.9717183146850933,0.19928249718957236,-0.12556615156661868,-0.876511878414698,-0.8622628532830877,-0.3022651299835543,1.389669722797051,-0.4479898302726976,-0.5659563388676975,0.3756874949055438,-0.7080010824870193,-1.3430289235710795,-0.028600210307418588,-0.4624631954917731,-0.29634523291355713,-0.2679916299480596,-0.8090643967788843,0.7229456859614055,0.9302652209480127,1.1169338304744014,-1.1142794730485903,-0.0810428280169173,0.45646270706427194,0.824775346866387,0.5697593365462533,0.9581731708212177,-0.3654312746167298,0.5311928230904658,0.24700768782037943,-0.22337142803201526,-0.6589651042380109,-0.05757381639723228
CD4+ T Cell Undefined Human,0.23597756637731226,0.22777941938238908,0.6914962132975879,0.7168920755413891,-0.286116014691186,0.1470014288715421,0.035405349184932294,-0.03926536525131198,0.930598373713867,-0.43071394525581913,0.18286505254318122,-1.1301253326832874,-0.9723324240298175,-0.18357851161436595,-0.1294184804465265,0.287814278516278,0.7999926394743759,0.03557888327511868,0.19932003845140825,0.14421657537939903,-4.02454029747031,0.31308316151869964,0.2617926119829709,-0.6666334891811062,0.456888732025612,0.09786124691952594,-0.05268049008346441,-0.003072293493540843,0.11039804111501322,-0.8280546568314022,0.19732055576873683,-0.5798396432269889,0.5508469184443252,0.6796401536205621,0.3605046379010497,-0.4097378855545957,0.169378176063184,0.16286526713278057,0.7741552595295372,0.030553453405340287,1.1222432550351842,0.6720026645992316,0.11065986944872602,0.8985182906112309,0.5529478777407963,-0.20515522041029324,-0.44848584314384177,-0.02946991497091014,-0.20327377191501622,-1.7536802846716297,0.31275709947939173,-0.08823972486042346,0.3820780137773673,0.23998770259338276,0.16786224317793372,-0.019847878580120326,0.7726249146868774,0.5377093384423108,0.8697861730004981,0.44275684746625876,0.5331753314424715,1.1487996688264033,0.7934044560331089,-0.4129003571906829,0.49499475388769976,-0.1855779025698107,-0.24790116254361103,0.8704945823757478,-0.035600068214302324,-0.5374251289324818,-0.5421181625707742,0.3368459350434092,-0.09537866603555084,-0.5936101896475233,-0.45687973853884245,-0.2667850838404013,-0.5820236576780942,0.025576957563902505,-0.12838184371301434,-0.5963329839974711,0.25282761057615294,0.8728532292050536,-0.45622006225811584,0.7094738388736969,-0.9142640152421941,-0.33882756556920657,-0.32084781162548875,-0.34346399210440626,0.15264923896820026,0.2500938625770378,0.08362086924749604,-0.225023523238878,-0.17946192815300177,0.4212260467162738,0.688337837199965,0.3319041173520799,0.8100973905036656,-0.4628179589536253,-0.3891990862494472,0.04993533468593792,-0.036695338283914546,0.8360314940409732,0.8605829668143395,-0.053044848910625636,1.6131379018837466,0.11420541463450545,1.1927279886524167,-0.29705582536103203,-0.12796478525874017,-0.13062626502968536,-0.8682902734498783,-0.4515580838941246,0.11659946049529772,-0.1633359179394337,-0.08395035075300518,0.997383519269778,-0.03760273798265977,-0.8124054941415174,-0.03288964910930668,0.4028777126243959,0.7170806244630802,-0.7571605383526209,-1.332748086236267,-0.5708843173077116,-0.0987411457777231,-0.09685315464265881,-0.3261433643215255,-0.0014359728998030873,0.22608040367949822,0.25794063501931647,1.0969394739906722,0.3078543593495968,-0.2725277306879507,-1.2154653383973129,-0.37948917089331824,-0.102574749926356,-0.43456418475412734,0.21755382005309232,0.7965687652905312,-0.8650415124636746,0.18461472341141996,-0.24881933584684365,-0.03045752941269831,0.0037734575544445766,-1.0253066918929123,-0.10319699010237257,0.5783224210482675,-0.969207984093883,0.11783068102657188,0.04104095079704516,0.4095043316214535,0.5727702259379149,0.6575628520666664,0.08326691027968004,0.02502024609926092,0.7662008924433819,-0.5547898494199794,-0.07481661805751214,-1.1626842187827147,-0.20996008767030985,-0.2653808516152886,0.8551714927580549,-0.4351474261141472,0.024253552803857107,0.5591280663696412,-0.7275771045206121,-1.2637918332833873,0.04145772232668058,0.040134193590463364,0.1491689822330186,-0.26775541242493167,-1.0759265460014897,0.266429100170606,0.36673887945166067,0.7772860744003346,-0.559692742300785,0.31721541195277186,0.7004501076716237,0.44495960627080955,-0.2913948953254516,0.4815276697015121,-0.6270811053462729,0.696358045154175,-0.1923391203126217,-0.6642485536568918,-1.2385499830147078,-1.2897465247725068
CD4+ Recently Activated Effector Memory Or Effector T Cell (CTL) Blood Human,0.08039665029977026,0.15263341321280063,0.06951275772582609,0.4035894271814324,-1.244689514304562,-0.08055220874977788,-0.3832732714851833,0.24825946005379648,1.6379282406736557,0.024519325637953494,0.6508775009302625,-1.6640620945424167,-0.6513303943443454,-0.551511128945769,0.27816255769852904,0.9319401193934232,1.2545258718664951,-0.0024999013807692305,0.7524405963358852,0.055931548158951204,-4.646834324385629,-0.10999258138014169,0.27549740180695054,-0.40237018034738414,-0.25950648433923795,-0.2419694867981418,0.4207306731672682,0.48831546002373066,0.16354462538496392,0.056633378378510076,-0.9482468637941519,0.1106055923040795,-0.48988932333411894,1.184148343461093,-0.18399815578738074,0.09364463680305263,-1.0953301499853008,0.6723342881239744,0.8657792138179686,0.03932572815738913,0.39705776495329664,1.046180950689787,-0.3633538948316492,-0.1398142310757579,0.8890911300704467,-0.03397603134776158,-0.45626540722605535,-0.4181861090339103,-0.5002038281354235,-0.6544653727807224,0.16776599741010856,-0.07323303748199844,0.06797435974048323,0.4173485104593169,-0.20669022698249237,0.25911698748882456,0.2559725562924941,0.13842362479609963,0.8900848809599402,-0.34212102336003514,0.3054659843614727,1.2325758660718598,0.8132107733709152,-0.8081773101781358,0.3786848217260596,-0.37005965977464184,-0.1839539210534661,0.7726683247354693,0.31581618881574447,-0.09659374062404061,0.3379297406441892,-0.4141536705814184,0.9939682140744391,0.29593472513720387,0.5817391606432695,-0.4357159837213241,0.19229537158993723,0.5539655972859315,-0.1697791312406259,-1.0995162311898996,-0.08729387006136644,0.001816252645402467,-1.0942280440126504,0.8724570920003193,-0.20841887421552965,-0.7931219620978873,-0.134224507787012,-0.8946533504053501,0.33899882085480454,0.18293642126262524,0.9494206441008028,-0.7096745234278902,-0.3809648945663506,0.08153441416484254,1.2471603191597977,0.6246980904227183,0.49886222161576765,-0.42608489022846663,0.546598636865821,-0.3065499318174197,0.7421563124581972,1.3193217366482715,0.3989885286928198,0.42423661246629346,2.4964889731992073,0.4903628793610774,1.1164144247713725,-1.1196808161671183,-0.7980483084175236,-1.0440182035292411,-0.6205607658713115,-0.7924769299956627,-0.12215420054565423,-0.2850772642329066,-0.0913322243447182,0.6128363519444784,-0.35577113229220736,-0.42950631535215217,-0.46339215701662384,0.05991629180159643,0.7518753753921945,-0.040359747321959925,-1.3031770045766573,-0.01854603040347468,-0.07963458520786322,-0.005471144045472984,-0.8900271293318217,0.22933871059162084,0.4948116875898678,0.16437300529371274,0.6565653088441338,0.24567803135723085,-0.10736459647899593,-1.8808440926690522,-0.7024256442191112,-0.06076323473490446,0.29952876615358276,0.5919014930393138,0.1566278472226953,-0.6303091046395655,-0.02777725880133306,-0.33401456362658694,0.10081560123255227,0.029427781971867625,-0.3438000506990449,-0.5655022945994383,0.8279385137877134,-2.054675274880056,0.10694135943124916,-0.28245185919047117,-0.1060321814310122,0.25672558041211474,-0.047179019187922396,-0.7622456508770766,-0.2553785052800733,0.7147896435450618,-0.44858165563745317,-0.3533364580488456,-0.19398591601775578,-0.7640566725527808,-0.4078292415335783,1.3074264427704545,-0.06637241086090753,-0.06237790664554443,0.38542215008725317,-0.7253768186200984,-0.609924616993787,0.04252359201975289,0.1734044001698397,0.06486290497460595,0.23787773179060334,-0.3019300635998844,1.0309109899684272,0.3902651652208713,-0.01869356526154818,-0.7608683071556196,0.7553299033983848,1.5405694888755215,0.03815739650285453,-0.313336020285776,0.7784783054455583,0.03986701817588848,0.3914706017923963,0.13049457746716825,0.28178581354482835,-1.1332106341621562,-0.898531253934248
CD8 T Cell Stomach Human,0.16299815333568907,0.13425871302225625,-0.11746408573804626,0.12213349370642175,0.42342417194062393,0.04060033376891018,0.2787869001612294,-0.11247742298378449,0.47963442257063155,-0.4805661487161103,0.11221315097888085,-0.5647060525560426,-0.4781265001145833,-0.25990943079201956,-0.24000103703015455,0.8291925397845789,0.4249064251820261,0.06555079416926671,-0.14645668325813985,0.2329717177263543,-5.4338019609916905,-0.059564538843320594,0.11421844823420894,-0.34215945771153383,0.2351177587374817,-0.10666855065755629,-0.014852344055469693,-0.40074454676545146,-0.014484438448418256,-0.4985279877419766,-0.8326149848099534,0.13945744476426722,0.9063143245769176,0.4827394342058694,0.3932562755634119,-0.1323267437513498,-0.6555061518190345,0.4394353687113965,0.5063800451048655,0.46827124724808583,0.7691014256667332,-0.03927175705165374,0.033275203377349974,0.044653307598925544,-0.1369848127763998,-0.1304998579257172,-0.12911801714605423,-0.31118287891886365,-0.39027932433418017,-0.4281638686594378,0.2517720509151929,-0.033334274739072536,0.10712178113432018,-0.5114844883310385,-0.20434234835092285,-0.0116830213978856,0.2684678925201282,0.24651693322484158,1.0207294555546302,0.3150620487933438,0.9001987482815256,0.7280104379564348,1.135613425870635,-0.3661332978419388,0.3383908063777689,-0.31056092670981805,-0.25671989037274145,0.7081071958931404,0.018564481980809035,-0.6201299964303312,0.05981516542529934,-0.374495478757385,-0.2079974132541884,-0.41814919785671023,-0.07444830579128792,-0.026546296007320763,-0.5250215314862333,0.3447103685500342,0.0353771567726001,-0.573951251780732,0.2987277132868617,-0.021649228153451914,0.1323704502814489,1.4290894860865484,-0.6616542382461423,-0.4074954061272485,-0.2719992061157595,-0.18696719944999565,0.7424103680860575,0.05404443357038723,0.3061306593029467,-0.4566079446820035,0.13264998830662214,0.47220490402507004,0.19203973337345023,0.46346661779307297,0.45895923368707575,0.0429177289952237,-0.4220748118935177,-0.44680358527388786,0.3415962942260455,0.22816808114220774,-0.07148615339376091,0.13886834314584273,0.9659924526443837,-0.01832762848312282,0.475376061395687,-0.014027013758226398,-0.3637742068021485,-0.4436551804429351,-0.6365954117285443,-0.3512412694788551,0.3512044897936942,-0.28604378193802255,0.2464061815436874,0.8102757094554238,0.1682930597199825,0.04037420618056513,-0.05850796710414338,0.0601263038411939,0.45731669974342354,-0.2630564112362935,-0.034639760223140394,-0.03063590463616514,-0.24509482247744901,-0.2806300337806996,-0.22309543512007063,0.2112545040790992,0.25876428323658524,0.4426527563166603,0.5162519984875598,0.3284398977293388,-0.28547298539430727,-1.678871131232882,-0.1557389959122136,-0.007882670341803802,-0.17104162829872113,0.01527415553381568,0.07722247422382883,-0.2705474803621018,0.03220786339639615,-0.4154773201414937,0.877224453422583,-0.3298950613555097,-0.22071567175429635,-0.2699967600192648,0.41812539680230076,-0.7470319722581004,-0.08196383611945243,0.21624143354193298,-0.3466256000390433,0.4754714281939664,0.41690359363469237,-0.33618764385121513,0.28737671500500084,0.7877867327163314,0.21084133641530453,-0.11585156500339665,-0.36603916439117634,-0.6175758016998733,0.06365672798782077,0.7020782141932429,-0.2894878645535875,-0.39011392475475265,0.25841267327320505,-0.6081321266430362,-0.45280410282676864,0.4166064916697352,-0.2391887201855496,-0.13918172820532335,0.021592025427093764,-0.3921245868465325,0.4487642169260208,0.09469833792553074,0.4380969098562702,-0.39487104984561744,0.2660779184264521,0.7117206400896586,0.5528779794830696,-0.24005410024674834,0.500319153247625,0.2702563477227833,0.5116786065039456,0.385388762990705,-0.0565483700332331,-0.7784127105301047,-0.9752678013763644
CD8+ T Cell Bile Duct Human,0.45234867225562836,0.11245936025491411,0.4378776966158609,0.4887163388863023,-0.3550604791282551,0.3119301677500719,0.27756661042030456,0.12511649314379183,0.8487615747351699,-0.41421938027105765,-0.04138292459005704,-0.8225489713668215,-0.7704127790542796,-0.6267213614957334,-0.3595704452795338,0.4966845177307701,0.6389809408466388,0.09870867166187178,0.07785739397866848,0.3825335613109395,-3.817845329180479,0.45219230072617234,-0.025048382932781763,-0.781404747612084,0.16709537984353903,0.20727403030065145,0.0067881617374485614,0.1937754611659685,0.30821841035002084,-0.3412018393662057,-0.41782709862470063,-0.4449513545405085,-0.211221258418965,1.3590467006837594,-0.05235642446947907,-0.4469803711332037,0.1424152038343357,0.284776500937257,0.5874898196166091,0.33917779942996434,0.6687606499283204,0.6178059713184999,-0.35155441890910094,0.6984543836931979,0.4323693566928943,0.2346248392079232,-0.13692518752222843,0.18521885700848129,0.04717570609760967,-1.2846579285668147,0.3359384776550098,-0.05665982856704996,0.13110260189352343,0.21037747508473276,0.2430564120656982,0.3677015675455561,0.5875026142533444,0.21459915531346624,0.6300973073078253,0.3657112470904652,0.4740618794881305,1.1720261610434268,0.7447064238659361,-0.5344547723560734,0.7065794040592512,-0.48479366667971824,0.03695918738625657,0.7326923960960703,0.6467352462381271,-0.49108868958922963,-0.41786615892758694,0.07416521833959894,0.2897646241905608,-0.07668800254952536,-0.3296191884238638,-0.33595895358818495,-0.5286092792772648,0.2217794518295927,-0.3976064233684689,-0.17698420707834506,0.2724663543899775,0.4740889903727605,-0.7317367713494709,0.804944355257959,-0.5987314126001775,-0.29469454911266624,-0.2292870981377328,0.04174381423284882,-0.6339782361946759,-0.03432539878305752,0.22875360626093771,-0.20198414781067728,-0.02344902256596971,0.420987243377405,0.8907860808454594,0.5929129941726043,0.4268265596342579,-0.28788293679771937,-0.5715892338324949,-0.08329774371524211,0.12069970291088797,0.5064646572844616,0.11724161864362372,-0.0707040178951553,1.304143039994019,0.18118364880578794,0.9845587642988144,-0.3725257048557572,-0.5746257817821371,-0.600173261623638,-0.8648722451706182,-0.5770221767063208,0.26410712190654906,-0.11020011359481072,0.4986395783815505,1.1627454077990658,-0.20900613738971813,-0.2621940285795603,-0.05587070281702503,0.646452291183582,0.8209910332384817,-0.5766390826365485,-1.1569288729015759,-0.628764065629155,-0.060920406938955646,0.160121080688591,-0.4216307514554647,-0.13123777880193424,0.046477636350913176,0.26440796379425424,0.6327185823298684,0.2817242306469892,-0.4635300110726928,-1.0275650787126052,-0.5282125952265588,0.31504754425598674,-0.4521248684258165,0.3669373250691947,0.3567815708044212,-0.5464528783510977,0.3468641089207036,-0.035676179599342515,0.02887595922228816,-0.46574602177427354,-0.5997388243941465,0.03187756235219175,0.46338665303748167,-1.0500011886727185,0.1910508295582049,-0.1357666566840771,0.6173561772373041,0.5654177244984819,0.2216172038746574,0.20139172033555838,0.27885259231026516,0.7536489562904359,-0.6490697367291735,-0.17191716829030332,-1.0795861966495133,-0.8506592756898753,-0.008582896437614588,1.4098896338451683,-0.7824483344296466,-0.2955475665894039,0.7344946024590734,-0.6420472286542156,-1.2102734767646106,-0.06934637957647785,-0.11105472043225471,-0.6291525581680906,-0.09957553029217778,-0.5830479365728028,0.3410684905621222,0.19778019215355636,0.7047375731840574,-0.9240325263015022,0.3530135027234887,0.5253411233473295,0.17080916525219564,-0.14328211249197173,0.34061214560788494,-0.25277338874398414,0.43509533448689564,-0.15722331525562855,-0.10267952227651869,-1.0291708306590384,-0.97311589463675
CD8+ T Cell Blood Human,0.2811846509482839,0.24504561103970937,0.6582703654022038,0.5894797834537152,-0.02518475716992887,0.3807719911784924,0.18548308909487068,0.03228818963840732,0.9085463087256205,-0.6961882301412038,0.0171184135590173,-0.7164380772386783,-0.8124945354716387,-0.2193351187160343,-0.27675265441597213,0.39323752130267514,0.8389623085511487,0.14137725267338316,0.19829518596969203,0.3026297234502738,-4.669957923554866,0.3063499763750137,0.091633183861036,-0.9968738469078945,0.29344152816232183,-0.10728005709388769,-0.07278128952577094,-0.025585726883904977,0.37789764280267435,-0.7440569148423888,-0.04482599892851388,-0.20506112188483053,0.23485550599097998,0.7452022801095914,0.2598666444127461,-0.22506088333818353,-0.04918229154217861,0.02235209627717822,0.8260998426960798,0.32386508793399205,0.8446460009519413,0.6079944351841362,-0.05146778831869934,0.7558121183573793,0.268783250696378,-0.07303284638406018,-0.4371436790947783,0.08149733152711233,0.019206396647483064,-1.143716139596163,0.3117500283198872,-0.10727128672264499,0.2023218926852263,-0.03860794218729708,0.1428079638562165,0.043964765445809774,0.7133392761487631,0.5822339141419609,0.8937780083482098,0.4063636646586646,0.6046475236014208,1.121346112611987,0.9898116259821192,-0.6356368665104554,0.38348156790669974,-0.25045584379706937,-0.28809077227977886,0.8750857109071748,0.3415490509532915,-0.9278679860024297,-0.5457174721896152,0.061453583150963415,0.07745264117824548,-0.42735425723705617,-0.35393878211055885,-0.12294481900911543,-0.5440390089562317,0.1614530373528516,-0.14346588728605436,-0.4850917556031545,0.34540134174381304,0.592715857469776,-0.4085711011944642,0.8851776243347068,-0.8519139012178744,-0.22225649666582903,-0.3667143800862581,-0.1396785913453175,-0.400484253671135,0.007715586282283831,-0.08767187530210378,-0.5466912608788831,0.005547823099249588,0.295506284991188,0.6458588751667059,0.4691188976534444,0.6526817689860915,-0.11629249691521414,-0.5938174498537929,0.0723529320169252,0.1944833288435346,0.7431545703001577,0.4126037666140773,-0.007741220526785579,1.4692223169692604,-0.06896270071164406,1.0353326568261745,-0.09312055711786135,-0.630864608865167,-0.32846754097858977,-0.8601038861884789,-0.5371251662180366,0.13738080385353008,-0.04312245436744922,0.3203407158233459,0.9596574825942383,-0.17368055091211965,-0.4830893287168744,0.07048539058948405,0.37180398284979027,0.6037852623625123,-0.5865023907418002,-1.004907638128347,-0.48887420615867666,-0.03527651631969595,-0.035201739993864445,-0.3290864534810771,0.06906938590298688,0.2112575864586733,0.2889750806695859,1.0107117610353753,0.2878765290096293,-0.27178265906318344,-1.1312535513915265,-0.5696355373205391,-0.04612777848821905,-0.3122992760121997,0.32622783555359675,0.43964654369895223,-0.8678358874909466,0.25280121546351386,-0.14295151809573003,0.19300999791704793,-0.11367149888304587,-0.5868173880616888,-0.1099629792554196,0.40357794713633344,-0.9223435647342603,0.5459981094023855,0.11056204486314979,0.7150533866943135,0.6237879225058403,0.29115961603463475,0.24663158854891717,0.0684314056057696,0.8268531352730832,-0.366477023977345,-0.0015754230952466208,-0.7808035612970111,-0.5370177472735211,-0.27334801298415656,1.1342026164855685,-0.265311602832977,-0.22581761326966115,0.5504277144777068,-0.5788404584776768,-1.087502021214533,0.14250985638183641,-0.18810446453818214,-0.1420756971256541,-0.08824509617119972,-0.9576172117397505,0.3642008796994573,0.25085054159727876,0.4824843529419326,-0.7122205957983867,0.231222694763422,0.7776096432370692,0.2602554613363378,-0.2715615305423074,0.3875324591105119,-0.44392055903863353,0.470487194834602,-0.47840716578008907,-0.3449030563653672,-1.3472215255563709,-1.3300025268596902
CD8+ T Cell Bone Marrow Human,0.26924366150338175,0.17116402612241513,0.460318625695948,0.5306019618619053,-0.017990518420534937,0.25133929307425756,0.19955780728512554,0.1434837190657546,0.4857446703365275,-0.558324281338615,-0.040929683864242686,-1.059724613554045,-0.5733558981824993,-0.2390731066703732,-0.18795527692449815,0.4580759933390365,0.5364274659298185,-0.0657097025552168,0.09348594479382427,0.1731201132123793,-5.599874969138291,0.2360013170436473,0.2679241492955039,-0.7216578149378498,0.3969531252691638,-0.03651441568003643,0.0800967829887729,-0.12016763274042679,0.365476056069046,-0.575591448478991,-0.004279493732838017,-0.14563427164306053,0.5113692590022281,0.6444808483853153,0.3521732784263245,-0.16217649067556655,-0.16434968963124363,0.1034016113373651,0.8094639627646472,0.24289310297210057,0.7175069603419743,0.45030814529352997,-0.10102819188977621,0.6900036815311515,0.19833204974834578,0.035869650446819765,-0.19799642739619358,0.19332624116506394,-0.3080522868417869,-1.1497278274130185,0.4531866483399452,-0.05528888415285284,0.154456892265759,-0.12883961918748527,0.1043297137978801,-0.09157999656661028,0.626060457552945,0.6187587937363842,0.8133671081827022,0.35530918160170083,0.5848234743727015,0.8828967972783426,0.9562947841233826,-0.6341523340390923,0.33124441941000304,-0.17402268726035158,-0.1506416475891349,0.8277336535158978,0.33264391726258835,-0.6187996709113586,-0.5057026269539433,0.13000610328587928,0.08424598075278228,-0.2122382956689543,-0.4108989109707692,-0.0759406561470154,-0.5143074495827135,0.05834366875112187,0.07103623562720134,-0.5963594384303118,0.26324996772811765,0.42311203279748905,-0.16788799798372275,0.769438253713828,-0.7511049411678221,-0.38865520514846114,-0.09196527550680986,-0.07203078429491512,-0.0889837529539151,0.13522552296003582,-0.347421886898201,-0.7909492958635785,-0.215787598948956,-0.16211415007153102,0.48806960440784436,0.5329183290506845,0.5806205358263951,-0.022521557053612837,-0.5741675815560408,0.07708311870826072,0.25617700743173377,0.673367110974427,0.48811142331289775,0.10729707098333933,1.1758783574854417,-0.009782427395528252,0.9582045043351086,-0.3454396574587914,-0.5094058681019654,-0.2833169986638069,-0.8270340286933442,-0.5387273037628417,0.19106856776176478,-0.12880309371642215,0.23993757614100164,0.7928177134409677,-0.07131167089359337,-0.5546600912250877,0.0909916534967545,0.34940954807018476,0.6872729159027406,-0.5774888092959883,-0.7263253528817105,-0.307291098375989,-0.02120851676778017,-0.15905956281575062,-0.07685878924716162,0.09313959708758604,0.21907998954614083,0.43536227554149914,0.9420250018688118,0.3666428685103607,-0.26001339540830093,-1.138167218807569,-0.6061997179080028,0.02478873768248749,-0.31906785013398636,0.38416404183880803,0.4897837786291993,-0.8818422801309626,0.11605136202068914,-0.2055174069480356,0.3544579499676549,-0.23083487889490287,-0.4257003865802428,-0.22138591516351502,0.4760723274742213,-0.7455445070594438,0.2040852993216352,0.24413753521138093,0.2883515175458937,0.4113845202467442,0.332585809699737,0.4472971462208902,0.1800712483623479,1.0081237372356264,-0.15855162705948836,0.21609537331780598,-0.7324370939389256,-0.4963467527317139,-0.16594055779831068,1.2274825831168195,-0.2681512698087532,-0.0695517173005502,0.464219241780035,-0.5581465222612328,-0.9714642408637127,0.27071985066397175,0.02298536006494883,-0.030488503150845028,-0.018829819791775792,-0.9937789090014794,0.43255813144329136,0.2894328949364375,0.4622877842869574,-0.7459967695439887,0.41489774065036644,0.6286949363795076,0.34755412802817004,-0.318208413158088,0.0737230154095966,-0.39684695701938644,0.5802999221961298,-0.3564472609645514,-0.52092364577413,-1.1920813873370542,-1.1440332945214613
CD8+ T Cell Kidney Human,0.2611091207679041,0.12133923699342561,0.6976014952520145,0.529241419023441,-0.061375673942437106,0.3629052893662136,0.21055775858706977,0.07949417362742912,0.7106768203985242,-0.5443659178836469,0.08500224341936048,-0.7052923258274295,-1.04883242222596,-0.17645065859829132,-0.3901195572852726,0.3217790435364937,0.698442635389099,0.11821587060661913,-0.07353982789258182,0.4024443873681388,-5.045541270498455,0.5040488024662689,-0.18921009253268592,-0.9149542664166727,0.4012056265646408,0.14927821690798473,-0.01230484660192487,-0.09062514162023243,0.15803368092970183,-0.6817994837922352,0.13349710613949461,-0.6442116052681877,0.31861124491307014,0.8910437837374892,0.23657941212862532,-0.6576644014365622,0.48788246413564335,0.15276178186523492,0.5431598631101994,0.08541708761908075,0.865584515529133,0.6455108640770318,0.035242378871813786,0.8161466731536643,0.23360954171316528,0.013740772311369482,-0.3302161408703296,0.1502202432703634,-0.04959029182342733,-1.312726938647837,0.3158644493306887,0.009759808877567548,0.35436275831468705,0.2607118843975951,0.2702665711150889,0.033080096670845334,0.759645332387525,0.5305598993573466,0.707545119195901,0.49342199313706026,0.6735270515177492,1.0290034553517313,0.8701406760735046,-0.35367073785672265,0.6329476326939882,-0.1692071183510688,-0.3192252617646263,0.8566903652064917,0.3084385824869589,-0.8128227052885728,-0.4809728558232968,0.2620951861418708,0.02914103530966528,-0.4195955321661266,-0.5375573650819716,-0.27782972979625464,-0.7419852428013103,0.21883902024083826,-0.17034863041625098,-0.34796300627299825,0.5477606823057738,0.7965248459539384,-0.36888970646440916,0.8191477267773584,-0.984685148022657,-0.2702278188341293,-0.49564954272896766,-0.0672533326289142,-0.4747285100839676,0.10514688360662867,-0.1930774787580132,-0.3166248173461426,0.062094964981521644,0.28758151131806703,0.583687440298731,0.4897107998590239,0.7631360705710758,-0.22163814896701586,-0.3719476617832155,0.03122675684909375,0.024331928098613273,0.48438871096469593,0.3532437676356638,-0.3088076009032521,1.1164457794191507,-0.12407973560371399,1.10775748652789,-0.11225679850135321,-0.13530707140884743,-0.2317478328345918,-0.8849451842653141,-0.43543849997835266,0.38471147251719195,-0.05279688737663888,0.5093171230866468,1.2466411429485824,-0.05381469519265223,-0.5430531838082558,0.012052280059428475,0.5725901404090233,0.6445596358682183,-0.6346367637624303,-1.1966897764377773,-0.7690087165485153,0.05634366671148765,0.011397398024928972,-0.21591031702232777,-0.12819760163700308,0.19374380980711614,0.1969286483719958,0.9184526625247001,0.37730725409062993,-0.48033087312689215,-0.731133711637445,-0.5378241714055354,0.08326759683184178,-0.5319764192536196,0.1731573521027626,0.6389514030768775,-0.5808593070080317,0.2997594162822674,-0.3409768844944574,0.0069539130177800204,-0.28550348725506935,-0.7123042196791207,-0.05276802623166585,0.4873912288350712,-0.79084400245723,0.09779776273249553,0.03390372054250784,0.842468962337127,0.35811403749963616,0.304598005422767,0.550990487203914,0.13333961946663558,0.7211784787257814,-0.3099234985869427,-0.08902384564903011,-1.202228398482795,-0.5277399976898629,0.10776160549215502,1.270639317747333,-0.47757999606635526,-0.3451987572718636,0.9156264209600035,-0.6951393126476839,-1.3464183430864305,0.05429811655124161,-0.06808866167501332,-0.22750213731263774,-0.22070976734286227,-0.9946848322983435,0.22955571599823701,0.23387055870383722,0.5698145080233725,-0.6974031702029191,0.3756582988113631,0.6503377802796375,0.415464950383854,-0.19534016311225527,-0.005388201935047665,-0.7108323685798138,0.6135411455964042,-0.32964489789017715,-0.2721187540975782,-0.8271389844367318,-1.1630583932036922
CD8+ T Cell Lung Human,0.29058832516155825,0.1771541361388773,0.5071325870017179,0.6646420558866546,0.6063730737297941,0.42095016394286383,0.2924972843122587,0.11320851134965773,0.47576552439690145,-0.7724071542679868,-0.0695563156410679,-0.44692009729971915,-0.7017918743375632,-0.2676335574805208,-0.5599322969432686,0.3946170892993961,0.5555662210578391,0.07750272047800863,-0.12293291427372548,0.28326403918837384,-5.505782933346402,0.35873725246792376,0.07206304342665865,-0.9244854455624599,0.2415691203858491,-0.10844235200429307,0.01320313337011992,-0.1410679359747926,0.2744198241828875,-0.8476203767042898,-0.14420378422524402,-0.4022685547384666,0.6933991614415768,0.5615340896214728,0.5168140759854714,-0.1771994368327986,-0.07199368184433733,0.09837987045372287,0.7176654281688465,0.4311670318712043,1.005449150568522,0.2953736607747668,0.096765308919991,0.46524443566519424,0.027796792469356707,-0.18281005241855236,-0.29821244448729134,-0.052827683449256764,-0.13968672075329458,-1.1477741508400028,0.3884710449719125,0.09556145450445971,0.20828265264464882,-0.3574996177971573,0.08613506474870834,0.09501836511908117,0.7045236871944569,0.4128258686923163,0.8936629805466607,0.3627572925316278,0.7562882448177914,0.9794137105402223,1.1265730743142335,-0.29673662755881847,0.36689983949558846,-0.20346550999026033,-0.3535596443500491,0.6310151474509104,0.2526168079154589,-0.8345355241206451,-0.45639522967924856,-0.08571988389520704,-0.22522400881565557,-0.5777489048691015,-0.40669131111342927,-0.06621154889371254,-0.7190440041336555,0.24942930547811645,0.1059081029172783,-0.4280798768729584,0.4035265636036379,0.5897694548235213,-0.18389341632694037,0.8620031349085611,-0.8558287875052932,-0.15369949472521008,-0.3432284348335108,-0.18350926052572414,-0.15483566204167767,0.010630308170177873,-0.1173561419469795,-0.3374740942230425,0.0361357089820379,0.28160811336111996,0.5236068173607854,0.4529550244128196,0.7021746589039103,0.04411691642872989,-0.6325861600691464,-0.045177211533946694,0.1499833655695096,0.35380717440086,0.1077091316548646,-0.14912267868768803,0.9785252274828256,-0.18413420595132496,1.00205265216516,0.038817025558683035,-0.16175858045853903,-0.18573097393046414,-0.8369620525961826,-0.25259561137311837,0.30009013354866676,0.0028777096905004684,0.38899631142441854,1.0381036240504378,0.0690166984681948,-0.09852428296691712,-0.041202283096126335,0.27634867474634395,0.5198661811119565,-0.5696959955556277,-0.8631254923748836,-0.44288093582861576,-0.0804902813192723,-0.04992132158829339,-0.1894928190776007,0.0019560032466378885,0.22228868506714122,0.35774247779515617,0.8155816642823542,0.29035427199383473,-0.3103128778078768,-1.1435561151404898,-0.5312419755591201,-0.005050258567993762,-0.5388052105214696,0.1249348431379854,0.5376142369917897,-0.7482205161953901,0.24864560543426723,-0.3028151554281708,0.2490203035551676,-0.2822052096470022,-0.5241257527373816,-0.2678878701194449,0.40736350711322755,-0.5677257137676707,0.27650084335586134,0.3485507900938173,0.256268071494683,0.5426403037338298,0.5973152384339944,0.4283435399814824,0.34413629167824134,1.0023108161069998,-0.1720589028150938,0.087362460375669,-0.7168154137861553,-0.5718281638232225,-0.06079255938308591,1.0702727383932262,-0.4682377892447067,-0.3607656518023327,0.653008177395444,-0.3469640622571771,-1.0657655877150503,0.36748587888358214,-0.16398867408936327,-0.3582440723984106,-0.17931982504460056,-0.838223191563424,0.34452170257975984,0.3828818582613445,0.45692640687624336,-0.6603432569807353,0.15097674556303656,0.5382186506978753,0.3211606545528111,-0.3032881855955136,0.25678946657112867,-0.2850214985962866,0.42935308371025416,-0.27046880707434806,-0.302983801110646,-0.8863896168021392,-1.244338334159858
CD8+ T Cell Peripheral Blood Human,0.4437777245623937,0.22718397024263426,0.7931521403808413,0.6623218721501467,-0.22763830413043154,0.4160184690173277,0.1313572819795798,0.1136433346904623,1.2310892069538633,-0.6231370954450539,0.12944451132836812,-0.8939067020725885,-0.754537482521037,-0.2477442307819205,-0.3860023375274667,0.2063020710774715,1.144769001667271,0.2749438508710519,0.33213756150054496,0.23132157120558539,-4.874031814035602,0.4403723005502325,0.27838712513180275,-0.8497589273760062,0.18020957334416254,-0.08736701561196009,0.009036378438710215,0.04987000102203832,0.35966344535446,-0.38170077261107,-0.13156863479530284,-0.26542432942493766,-0.05081052196500272,0.9533873728004517,0.24014335624362346,-0.3895074557847967,-0.16925978293532004,-0.12740799812664225,0.9271247497759469,0.2184714409530425,0.915211618156391,0.813520929770982,-0.1427318499392481,0.7427461549863223,0.5006590188263229,-0.18969506129786473,-0.3910718004805849,0.07564874931254047,0.07815452918179545,-1.3209547940272355,0.27798772893904267,0.06741963749025616,0.2765960781565014,0.16984520225660346,-0.05575900355102487,0.04926809131042245,0.7050507443968788,0.40940869885284037,0.9499621042306171,0.23807403048776285,0.5585600911786288,1.4284406634967235,0.8081433008528915,-0.4179790796438144,0.59826398519157,-0.34026693770412236,-0.35829962018776546,0.6484119577143458,0.5060915914911179,-0.8323387729893557,-0.49286928589157875,-0.03894831123038129,0.3162110781440852,-0.6558109608328819,-0.43805231361747965,-0.2629862010251517,-0.6222827754855714,0.12300935433481436,-0.24337527894432284,-0.4335927135769972,0.13044223643870934,0.6681742819500056,-0.6545101183376035,0.9352574665644698,-0.7900432060433039,-0.2503338181727541,-0.44531455229436134,-0.1698259735218072,-0.454553333365988,-0.06624164970463792,-0.005054470344726145,-0.3073561150649305,0.07075436030465126,0.5337180586120275,0.9792923999590867,0.6660574811263569,0.6938738299912717,-0.1649054246004816,-0.7457545928798371,0.027140283581950135,0.021692807028081493,0.9001683928385611,0.8901628062194599,0.00867793952390538,1.688577146172565,-0.04290228182273257,1.0888039497474198,-0.38435941536522683,-0.42025637319290904,-0.3698040957660707,-0.9868441410831884,-0.40340383004260527,0.2199505457216439,-0.037183708467564684,0.36476410709985513,0.9131132885276093,-0.15510468391817678,-0.40987867216513263,-0.04866422792046074,0.3936461348004581,0.816454749085698,-0.7998663526565477,-1.338898823907759,-0.446401707564533,-0.07939301170541942,-0.1531453378460993,-0.6411653847216103,0.13307051287437036,0.2704627347279484,0.1875136072129383,0.9480011280616156,0.300210628028067,-0.2501774153641315,-1.0553831404337672,-0.6181563816691356,0.11674463189940165,-0.46602348247487274,0.45351697689890336,0.6100200718883155,-0.9729937649459255,0.29318099638383754,-0.24170780969567618,-0.028228401119500757,-0.05859794939568078,-0.7356885778899888,-0.17076175385064707,0.7128304108689276,-1.1925371487681822,0.4221450842411469,0.11867717357079738,0.47807605969832057,0.5911517108115882,0.4666899462876444,0.06070445623780355,0.08029548143408805,0.8576466460822059,-0.45778313882565413,0.012722055769735952,-0.9581761270736612,-0.6396956865886563,-0.24395302110578576,1.358322497164715,-0.29000431118993536,-0.11989606077618609,0.4806855244243901,-0.676337101172637,-1.388558165623147,0.08465808734705595,-0.12497482485390604,-0.10887404291172516,-0.3000962524911367,-0.940833433415202,0.29953655241635363,0.4038739060236049,0.565535224716507,-0.7479708822936569,0.353608865550288,0.57460430223151,0.2542333074159192,-0.33147645582065555,0.4385036593998361,-0.7622601425378179,0.4100348135245929,-0.4613069854313946,-0.5828282166481203,-1.1457114383449314,-1.059817387729003
CD8+ T Cell Undefined Human,0.4037081351797014,0.20667059714667188,0.7632695718442503,0.7180467193029817,-0.2610893399830401,0.36192848497439745,0.10807893523069337,0.15442243909513387,1.33129282200178,-0.5238420394631185,0.08484090467281036,-0.8810320105945232,-0.9348691868945932,-0.3154268616017127,-0.23574543454614336,0.3583557325738961,0.9918014395856739,0.08438040108994788,0.34717881193969546,0.21193246618987213,-5.069478298570254,0.4035044461043217,0.4177166132965688,-0.9860461136886002,0.26296832361207845,0.013050760568938051,0.17342402618306504,-0.11528031719118434,0.17602223990756513,-0.6771786135662949,-0.12853225142654967,-0.4739457400860771,0.35527812245467283,0.9824281577233146,0.29574479797165476,-0.226028082152163,0.11133338193910249,0.0002469227981329934,0.7483214193981543,0.13221601677773467,0.9269318591818319,0.9026657406982876,-0.06157426255240625,0.7966870290475239,0.5063193575512561,-0.04138029588830518,-0.3140845182480627,0.04682156271260134,-0.11833596835287384,-1.6728053543258978,0.36897970152124476,0.07635883213197031,0.21027867593427962,-0.03343266863659585,0.2621772799622701,0.033202472758364715,0.596963432854841,0.5150355783948846,0.6992891449741829,0.28068341928521034,0.5401555649495092,1.2911652773758433,0.9628783526257683,-0.41845439894942255,0.6098186504057912,-0.1480314929077841,-0.2716731443546291,0.7445939679414091,0.39196873305950225,-0.8634280636651583,-0.7008722011055902,0.12869015734260505,0.1641799924032356,-0.30881078862852,-0.3616079276289168,-0.159943485054305,-0.6696790080545646,0.2058282583519751,-0.011295980479994925,-0.5765159481274317,0.1983367916308995,0.6438665664087596,-0.5101856078000674,0.6061725748817194,-0.981904551577982,-0.34694690234919207,-0.28170593445184305,-0.3337043969751199,-0.18134029142878993,0.057305840777588025,-0.028458637551745714,-0.2704490657448628,-0.20366064485257737,0.12759599033661684,0.9192083093642474,0.6099880815599014,0.659588858215317,-0.19409352292550755,-0.5664813629460134,-0.05629700607875887,0.051833448380390494,0.9034552625331025,0.8126905753674605,-0.004774124459287132,1.8138815086361628,0.013600457726879645,1.3239934495032482,-0.32377894360897186,-0.401181352006214,-0.2563542555382438,-0.9107418339481352,-0.4427501730870899,0.15785405315104795,-0.11879204845017168,0.24605279003626207,1.0102385683181307,-0.14832318246703433,-0.7016205425185732,-0.22367255721768342,0.40847419037989663,0.6860341173344426,-0.7614990070367803,-1.4332337468210699,-0.7149619821938207,-0.04203259562088374,-0.10896054060407621,-0.48608859508870156,0.12039075394404761,0.23904864170183182,0.34016439497545103,0.9535590679250759,0.3050352885566428,-0.2377726294226554,-1.0850564708174932,-0.4212347437869315,0.12080589503292079,-0.3090547227333139,0.28266152188483235,0.8272440307680805,-0.9897008384730261,0.419189337773332,-0.1735138124808715,-0.01530421479223186,-0.06149270205969312,-0.7544164955033468,-0.16403666866959657,0.6373978155369243,-0.9842425055851156,0.24685839136590082,0.03919483051438468,0.47705607126468846,0.46237367845412614,0.4111313867415265,0.2579253372938961,0.024550310860582836,0.6901317935217801,-0.44926551095687606,0.029183464335522075,-0.9787866639482694,-0.5603920823164462,-0.2798740407488372,1.3430025463720903,-0.2675408918860319,-0.027103805395148856,0.6243663265809655,-0.5668743126471202,-1.2036882541165532,0.02690785347309133,-0.02420857468489143,-0.04274322236989006,-0.3105631800753597,-0.9302135583929091,0.2329901138206305,0.4433674685597992,0.5267978810714052,-0.8710490801068991,0.3442647134801301,0.6234437676115573,0.22809453597183238,-0.4831021510090354,0.40169157990004795,-0.5327966922004113,0.5101132742994001,-0.29156387824540614,-0.5447270577811176,-1.3807550351250029,-1.363462240757391
CD8+ Recently Activated Effector Memory Or Effector T Cell (CTL) Blood Human,0.2063335830150067,0.29056408509842097,0.4205981924019814,0.2494105981476372,-0.7332402084887373,0.13758054971053504,-0.13597717412265112,0.2546688849837187,1.4910595437275398,-0.2547124419962494,0.35086510265017395,-1.169407714781634,-0.6401082949994701,-0.48868160307403863,-0.0944480459241547,0.6142977111485609,0.9817854476582017,0.08521903439528564,0.4956099861517751,0.20398972261164122,-4.868573926139025,0.31276857523669277,0.12354456988854465,-0.6419335722391805,-0.1438905254578717,-0.24907421204342134,0.34506005464753575,0.29699569889101723,0.4186623888133622,-0.3083594403744644,-0.622241891401817,-0.0019343474449369875,0.018833526555796107,1.086337335011239,0.007859877845406024,0.09755667189117408,-0.4968718344320799,0.26738945890897053,0.922026853059953,0.1488454094250155,0.6971787906204843,0.9374565209326096,-0.2818773894261549,0.31155969895131275,0.5996021275773412,-0.03614102055322592,-0.21853775203940837,-0.2208014836373301,-0.3364640273793202,-1.1783758083596498,0.14250922701167992,0.13314257716655195,0.22874519128852933,0.050616836723783594,-0.13096246831830494,0.3270748113729494,0.49801972645623205,0.2458093325355685,0.8767356806832957,-0.16963539114931664,0.5016069664443711,1.2389340619229552,0.7806729072621974,-0.9798674944647885,0.398581224940861,-0.22322141666004966,-0.20838870042650795,0.5987619627178773,0.48642626109896336,-0.45379804360722803,-0.016334494711593667,-0.36345652113232607,0.7507890320519913,0.0026549840994886877,0.1460195848220547,-0.36123450296894954,-0.13825841222524565,0.38750496825478875,-0.277533595475385,-0.7472185560748712,0.12628252147572325,0.16062141287824522,-0.9298911121382347,0.7682234122108623,-0.45233043584275945,-0.44853361994291635,-0.2333483825156533,-0.48627552670840946,-0.06726673356900591,-0.09389147583517016,0.42595156293335695,-0.6184097237420978,-0.21479586934057146,0.34231514409311475,1.1216211747931413,0.6241154919207066,0.649412280390752,-0.11175708983212976,-0.10853286873970056,-0.2967730294355682,0.4621127334551623,0.9074654015485181,0.47852260735426366,0.2002170950007122,2.0791838539752305,0.12033545483113559,1.0591379737715159,-0.7718443872269355,-0.7572135900148729,-0.7551879681795685,-0.6789755818063099,-0.7506081462405392,0.13004217322279954,-0.2390803736309199,0.18582446854332954,0.6425542031667907,-0.26708319780479645,-0.26447566684325086,-0.26843988952445463,0.26731871396927154,0.7703568760542573,-0.26487586101148153,-1.2622490289499628,-0.2398636814969689,0.014523778088771281,0.09154056721040046,-0.6703397249895795,0.07269386872508751,0.46610370467844536,0.3618308456086933,0.6536582830709303,0.2220691556587691,-0.1186593872956183,-1.5775412862571787,-0.5953430320162897,0.12284277963564406,-0.014378342002440746,0.4860333033006119,0.16353574660789594,-0.8983849552971326,-0.10882736116364623,-0.08896313833851342,0.21806597816198836,-0.0655130857793783,-0.3155112049566378,-0.5108457801422256,0.7223826764443421,-1.6289893602028458,0.21024450639268752,-0.1868294200821642,0.12015552116277295,0.4537671559082565,0.11419406891921506,-0.22558409793918496,-0.026356730127507062,0.8192712277488349,-0.5012768688439176,-0.111963382724875,-0.4566894943232,-0.7617264122486667,-0.2866071563924424,1.2392981256235083,-0.0815715167378047,-0.08643165408978513,0.4647537429804379,-0.441460353609073,-0.8603564508091639,0.025064937008696855,0.08543626876402467,-0.18984955923188365,0.11333147690102076,-0.48756897164129415,0.7925983525966382,0.402718826995961,0.24879785704234347,-0.8309978560396315,0.5752644167919152,1.1733462145265388,0.17454949649606538,-0.4311386384979995,0.3763842980793555,-0.08810244564112973,0.49435905763678323,-0.21079283271330385,-0.017013902358769813,-1.3843515244323805,-1.135464652339274
Cancer Cell Breast Human,0.11452631166790207,0.44259431967810287,-0.3086369289449465,0.2850846254746663,0.08700172307819157,0.02696413555708843,0.09797642901301737,0.0016888046911311151,-0.10713515784734819,-0.34640076475499226,-0.1299128605301125,-0.3075993001468152,-0.36743235917375894,-0.2699681274162035,-0.20926595860336425,0.9298239414161398,0.2504109792015401,0.21395218362522067,-0.08173739819492713,0.053480880106216044,-4.6210423408225445,-0.19905206673217882,0.04450053690864383,-0.6600470516192183,0.4616227200460008,0.03254593329635706,-0.007144498710906463,-0.17486524630951344,0.26832049441967465,-0.7232946238380112,-0.42478078622768206,-0.04157048153759312,0.2692659265529464,0.4149755061483307,0.433607767778205,-0.12784213718940432,-0.43048205185717375,0.3829485284879386,0.4295589053764639,0.3403181694137903,0.7275676473898294,0.12344769942010456,-0.07031409861794834,0.2689894328644013,-0.023640148251886425,-0.23930515688798318,-0.008769018428196081,-0.26264663269369803,-0.3085493655196438,-0.47586014538947685,0.07513282716149854,-0.061828905468759666,0.022756669621773563,-0.16704114074286228,0.07831588212925185,0.11233726671240525,0.35609802316163836,0.4379558198954952,0.912957761896417,-0.0908122237299641,0.745763404580172,0.5816624197340078,1.1045872910401444,-0.38182008978782117,0.12830182873413887,-0.11268765986761643,-0.17001837475350104,0.6735767115186171,-0.12399731737248851,-0.5460183345712831,0.006338963090987958,-0.07498475317511435,-0.18524550076665272,-0.12603445967727375,-0.06806032007856347,-0.23103837386148365,-0.29971371548495973,0.2188318828397163,0.2157916038437491,-0.5956789867507862,0.1445850548814509,0.11569450697378035,0.0038245410804394653,1.0067815386649197,-0.3502063720349254,-0.2992109531647697,-0.05408161878109784,-0.30731825141189395,0.4064406426533964,0.19344947273985175,0.13121084815429054,-0.43685153208280775,-0.15925195542559015,0.18701239314638354,0.11931870932145534,0.3076147601149598,0.6630959119924874,0.18909753572099092,-0.297257371296423,-0.7282808859772897,0.27655091811783566,0.22614008718925807,-0.13892992308800378,0.15207837118816908,0.4499980295704536,0.06171202449757938,0.3125258054016966,0.12309482870761235,-0.33764387396085627,-0.19374640625996645,-0.43222025807216785,-0.26243670108072187,0.4783637675240305,-0.15469703183668165,0.2968855987420132,0.7386145490504777,0.1654302333899503,0.18164443354459517,0.14394429579284163,0.14794535910644083,0.42299667159994697,-0.07125479110963871,-0.22148475870649922,-0.1700177634673894,-0.09752279754103382,0.12861133848325063,0.12778277784580866,0.07644547921119604,0.2504391609808849,0.24448630170032631,0.6039330172658376,0.2631770820346333,-0.16764552564351934,-1.8367363380309452,0.04413440066483525,-0.04656018330164987,-0.1316469282378228,0.20129122847882122,-0.09743461747902009,-0.14968912250112296,-0.12361892950753992,-0.0166679606809952,0.5557195015486174,-0.234040333604187,-0.2682061282946955,-0.10597483978504019,0.27636551860554365,-0.5733364868124441,0.09104725565906509,0.21925600628788838,-0.10767037345892704,0.38563287441760596,0.3385651258398891,-0.19560981716191458,0.16938077903288806,0.6110034550226842,0.019016935115097364,0.012357422884938804,-0.35987680926324284,-0.23505955489938302,0.12037727173157359,0.4697973730851395,-0.4092039508949203,-0.4961264162572267,0.426636036498962,-0.4006122883767599,-0.46686434786553566,0.6328772763255802,-0.04980075492840563,-0.2571221997203498,0.2788826212913128,-0.4157656484194379,0.36245076077843386,-0.08472986498346147,0.1363478578402345,-0.17321291953989879,0.353142871446502,0.7646730133248474,0.27765218696639143,-0.5562721356132503,-0.09162647144999886,0.1340221175588281,0.3688371276233875,-0.11032599795711188,-0.16655751319797962,-0.5303219490046324,-1.2289705074863677
Cancer Stem Cell Breast Human,0.20416007954488155,0.3631245023356171,-0.07418663231458549,0.130796217876747,0.3438090311179709,0.07501937144865493,0.36246794246868036,0.09966152970666213,-0.21188178367884253,-0.6035057697243906,-0.14911406826427567,-0.180729203376588,-0.5095908460942862,-0.1946495303520664,-0.3373428105676791,0.712538957317799,0.14939049875526078,0.15844084488043927,-0.38240384961897,0.32498859537384034,-4.676470464190766,-0.08308341872200097,-0.031226476225460383,-0.6292956520558741,0.48348053907877847,0.037571394344079884,-0.022647784872407168,-0.02244663235575086,0.26866862106318595,-0.770479752259717,-0.47106716805195165,-0.1885548861129878,0.21176803867105198,0.33322533609160504,0.410114144191475,-0.08221444969865738,-0.3707862178651811,0.102960165293258,0.3942539713405071,0.5082630848479383,0.7384720538599658,-0.13267665441551718,0.10397979491159048,0.41286385201721076,-0.39059256721798463,0.1409249736171775,-0.016506734381440954,-0.04497672581686916,-0.14049969756563663,-0.6039247358465311,0.26727853060156465,0.10237830835421187,-0.01787749257037695,-0.525258922977609,0.20031267056514704,0.08556161285114473,0.32611908327529443,0.35169382548007055,0.7388414208212492,-0.03170794953584682,0.7803108789286839,0.5700791049442543,0.8312758372981321,-0.35991211199815143,0.25731282202537514,-0.06495767417337392,-0.0596589043645794,0.49170099814431206,0.10441046311027391,-0.8447413062124722,-0.3952868951716127,0.08702671800656314,-0.30515747131609455,-0.3646349043400567,-0.23379409942603024,-0.05203167323459984,-0.46117667077558194,0.28550677349234965,0.2706641923453187,-0.22720650500797493,0.2926600667207286,0.13400330378656072,0.08475136621634975,0.9067047309783296,-0.4586537028846495,-0.016890723679551103,-0.058985037784713146,0.1704474874734158,-0.06297840799156025,0.18748576138559872,-0.4287137513995621,-0.30648796622407193,0.1639809136441517,0.1621885434411379,0.1298677792826136,0.3331263613737691,0.5729567046571621,0.28403090075641363,-0.5364473918303934,-0.47989403215302356,0.21843396244805302,-0.11393214505034524,-0.2777670054451986,-0.007609653213547007,0.22816597279335535,-0.11863156125068386,0.29141378252953565,0.32552501716499993,-0.420716076920578,-0.18870676929075283,-0.539626918841384,-0.18142520647943852,0.4603306968178697,-0.1170411477935698,0.45000648942131943,0.7351262817197984,0.21718079462346207,0.2885988118174006,0.10222761543602828,0.22266590382165363,0.37447909174182414,-0.09193004663256694,-0.40026635002300315,0.003214472606765395,-0.18778915067426422,0.09127992412646535,0.1951135317902605,0.09963414755667047,0.17357003857090553,0.29778886129590365,0.49549157090937906,0.3840781682366002,-0.10077145198591198,-1.3794611007071922,0.09262412389381022,0.20791517727372025,-0.3403212467783614,0.19577069349960347,-0.12745361977374914,-0.28054212168341525,0.08246709724936055,0.012914476156657946,0.6869296281045401,-0.213783785520822,-0.2675435881957949,0.04892637460160833,0.23886519676164097,-0.4992874638984232,0.3123214850376881,0.2998083480349455,-0.09495564364168461,0.4365582969948595,0.263878058648879,-0.06203704267434911,0.32126569805042393,0.6864716015328717,0.17330758044204708,0.1674786727711047,-0.5424455254528469,-0.27707047524469647,0.33018045662101153,0.5341934215397288,-0.4925370041765778,-0.7292549960545907,0.4255989565983319,-0.30817673963856446,-0.5214847987281505,0.5591047666520977,-0.13808795194409,-0.4890910895044444,0.2626409406883932,-0.6352608911724508,0.14910075086979405,0.11814162534039652,0.27539240915598767,-0.3787447621746096,0.1503732182371056,0.4962032689236,0.5083462305389003,-0.13601210765771493,0.022137354192429116,-0.10814734998188548,0.421058314813927,-0.12666021122098683,-0.09012564657615714,-0.36271011603182773,-1.417203190035295
Central Memory CD8+ T Cell Blood Human,0.5168862326726532,0.5762010697731036,0.055352541244340366,0.8065277827359036,0.3851918141018107,0.5831881614318778,0.45182826377179486,0.08787396995104652,0.4238744189628941,-0.8834386359757785,-0.49284777019580017,0.03790004040595967,-0.9499334239734744,0.06940979217030104,-0.7041979406032882,0.6172867126818695,0.42446964239348384,0.48019277379979164,-0.2881293833555089,0.48778203991743785,-4.152274061721513,-0.018512662983888276,-0.08050046438236994,-1.2601768781350366,0.5572033798163208,0.4355331280551116,-0.27529369278165816,-0.3611655051317759,0.11700084023274741,-1.2327787601798896,-0.09698066335800201,-0.5122946873342886,0.9639362550807342,0.36125307307806387,0.7943583186566684,-0.44185180525276846,0.08750715396475355,-0.032925140429754626,0.6433499980432269,0.46349231667277846,1.184461452462083,0.21686014318230165,0.2605628256324915,0.8199069559098976,-0.25369003369180754,0.08916005374940447,-0.4694125734348471,0.19905595720611283,0.41484071155043795,-1.3268877272961548,0.23412113132277232,-0.008723634042370814,0.1524766973225936,-0.4777045039355381,0.43036944201482163,-0.0687115447634679,0.3624866095792139,0.563303059778082,0.7890258396504796,0.4149481786902259,0.749596985258701,0.8900184616999656,1.0907331905801985,0.05944894417091895,0.502454048854169,-0.32128458862200016,-0.3231151897620186,0.7950180172454804,-0.0008957219621167028,-1.2180244610026458,-0.6847198546382959,0.23282656639362348,-0.8763330282680073,-0.8729135843711945,-0.707587431402207,-0.15918213667707334,-1.0026940027401543,0.07017859106542734,0.10848251281218312,-0.37363002921637883,0.313348572358588,0.592350243686022,-0.14302325557274112,0.8234812008119142,-1.0865104283938198,0.15204508869029845,-0.7546889716829625,0.021339529515465087,0.16170118595617342,0.2220757474752965,-0.5176695260684372,0.2333654078208232,0.20113414179895228,0.5735757036894116,0.657717117107151,0.36519549736623663,0.7988914364470593,0.18004924239749084,-0.9400093851289694,-0.3915377716893495,-0.2668625373971088,0.2028790613814982,0.15972287748140343,-0.16891817998429623,0.8437959437520814,-0.22272395706797588,0.8182496944804815,0.20478452266829858,0.31071919437046336,0.19913510306380822,-0.7380989377380807,0.2526083250216351,0.23903266473706483,0.20363601679068327,0.37508496269296165,0.9431725820093867,0.2686104452768667,0.38085247024551916,0.3953935822744546,0.46778284282391047,0.3518781584214196,-0.6367593406649281,-0.9828616053010077,-0.397870851097013,-0.2643853312119104,0.04148346020905255,0.17097090751179791,-0.07163248779084185,0.0528584829466173,0.1713745989417488,0.9484953250786858,0.7158412344696125,-0.16489767800771232,-1.551475223654993,0.0764629626072598,0.24723587217950715,-0.5933677676155088,0.15972562080697772,0.4651071154445041,-0.6257112094979834,0.26886681849805977,0.147379218094512,0.266867476600382,-0.08771269849931952,-0.7754652400116885,0.3248101855789616,0.37515238062614104,-0.43635873617959303,0.6286610702112315,0.2636278442380315,-0.030537294167898646,0.6545760292093002,0.7683542505283085,0.14020883935516182,0.28016493103107876,0.8825815320739221,0.0015647328729590062,-0.23357700347110422,-0.7499107049774794,-0.522321465505962,0.0513944478012388,0.9117627177963249,-0.6526977795154236,-0.7280432589762765,0.6137647628095295,-0.6500014068292664,-1.105867907378009,0.35528777519641985,-0.2759790640517203,-0.6172089662210432,0.09754770063589677,-1.0349912293252326,0.39991601553589134,0.015981539745858517,0.6262881603150757,-0.803205345230591,-0.2669461580146629,0.366169740064225,0.5479821457018862,-0.48912496843979053,0.4412696985859234,-0.4482376048546017,0.36804175439860826,-0.47339531142312535,-0.7400692554584919,-1.470062470831678,-1.779792169510121
Central Memory T Cell Stomach Human,-0.1775315539865416,0.5099804522816349,-0.2148706398304147,0.40441273298562047,1.1437348177307958,0.3506846005367977,-0.16274195524039578,-0.03527898942855112,0.5744826786699762,-0.722224692781842,-0.4553321568111545,0.2798929648565832,-1.0217088363252698,-0.18027008898968835,-0.3030072742953836,0.7874259736000185,0.07333434891896985,-0.0027432189686551847,-0.14926455335364786,-0.19310688348589627,-6.729807099637268,-0.5161009798209067,0.09982384091788359,-1.0475826539635007,0.6805279036004869,0.1525997510090416,-0.008168276293954033,-0.4317379619622955,0.34980312196680663,-1.216784795482759,0.1537360115701705,-0.11979879463431987,-0.04300956269813082,0.5156848206821315,0.5203522055842361,-0.3474805473479569,0.20670452623650662,0.48462716470431516,0.11068701652524182,0.6381842362805207,1.21546074574565,0.1422340982826949,0.030126869870530638,0.7692443720473926,-0.19126013827358132,-0.32304193695238226,-0.21252667601012706,-0.2920957140253792,-0.0590781097121583,-0.690097874540565,0.030686429603633877,-0.19630910634050264,-0.17581321634509303,-0.15126626239828217,0.23713663350582376,-0.26318621258030683,0.5619875357052616,0.8260585591642755,0.9927998827276506,-0.45326172847677737,0.547099865550005,0.7372976925153748,1.322370398454346,-0.036099661703216594,0.29825665614353053,0.010040202230530289,0.003778517504187757,0.5383989874040476,-0.37911111369437106,-0.6879090445628874,-0.06107412075370372,0.5052286503475948,-0.615325099803421,-0.27280781334296766,-0.37665226151548975,-0.21325200705623448,-0.1691995375464439,-0.013503554162923117,0.28662942164330846,-0.14813597775376966,-0.28675877763980623,0.9244862140079847,0.27558850944124164,0.3239407601992976,-0.7055762529559261,0.1091795342350524,-0.12782782825982744,-0.09295996089326906,0.39967737837742984,0.26589429880448034,-0.10487789072128563,-0.09529073954756766,0.12646975297804633,-0.3586606249969071,0.29128595152959036,0.49974432473051034,0.7995301471448598,0.249193093582524,-0.033167735647759676,-0.5261273467275581,0.03864051543192602,0.24920959642829854,-0.2367981109974459,0.05719946549579006,0.7973814644046678,-0.09629096369040505,0.8153180853755027,0.5784519553272494,0.10076169017824951,0.23817259813740183,-0.7323936344963787,0.20641065908420514,0.20546468354256425,0.27145423598886,0.3242453664655163,1.4875719306958362,0.4697680059285577,0.2414759599161229,-0.04505019688474823,0.6120804065461396,0.2449878775622177,0.10805158464206362,-0.28278753414111707,-0.29397455651968984,-0.3739478782211286,0.46237330166120694,0.28951868224993144,0.033292909233277934,0.020167747238365532,0.223636127960539,0.9672790787440294,0.15868141828464774,-0.04499087784714997,-1.3326399656534502,-0.04484877528577667,-0.2879197255803638,0.0558090022650694,-0.04195286062439772,0.1871346737461991,-0.17222533703784398,0.137684365268861,0.17368416056457645,0.10544645050641496,-0.052718019310360076,-0.6019517535395682,-0.06416783386504261,0.2288135999428544,0.26824419920363246,0.5165202337467897,0.5000040717024514,-0.22014607545442458,0.32548075654618686,0.9963812157243279,0.5872185930986701,0.07935435125288885,1.0384908591643536,-0.3445746974654408,-0.122354553910187,-0.13216579198825484,-0.23564575486563077,0.4392740649348874,0.41502429636966903,-0.6265415216855644,-0.2587938452110608,0.7575994557953134,0.02940099894128073,-0.31642109085115966,0.6075385991729947,0.17815484414036015,-0.20002734151917761,0.26634307761685505,-1.1075503916973402,-0.3928077343320297,-0.42982309745963115,-0.34775027362064054,-0.5140561902298076,0.4264837379999909,0.8186747766466583,-0.11142020658109426,-1.375738251389105,-0.7990524115701627,-0.4507175985414463,-0.09828029815142961,-0.9499395904770223,-0.24426501740146894,-1.014948677182294,-2.3083761074507843
Ciliated Epithelial Cell Esophagus Human,0.19000596678930995,0.5642650324273869,-0.39667430919137275,0.3839085134050557,0.8997794903536553,0.4417460081766955,0.06778331800915736,0.07810639794756226,-0.2698150869731408,-0.7612688463214489,-0.34480810046189075,0.20540517412916667,-0.8104677228189083,-0.13388445886866304,-0.5070855904369634,0.6201588460768892,0.34273939124467023,0.3572987043196899,-0.44889939569986825,0.006898727792827269,-4.348347141165014,-0.1435729038906813,-0.20370269834783994,-0.7279867264057226,0.5854115884139813,0.3905243247620876,-0.1654887298663634,-0.05583248272613695,0.24516959385294987,-0.8615962269545883,-0.039884615320132905,-0.32648214272347015,-0.20402271807200878,0.3126784585769531,0.9180186887306512,-0.5359107928766821,0.0012412840445515366,0.21628458514738855,0.2595272782415257,0.6139263250066037,1.072636161481858,-0.2588494513965278,0.197611725390902,0.5658683839070369,-0.28674317123255166,-0.16504949302589944,-0.2714409403209159,-0.2055064117302837,0.16352763969560102,-0.7850924542671887,0.08975566229719735,-0.20863867383573945,0.06015011805946279,-0.46426393335666977,0.03514249152306046,-0.03409370952240913,0.45321220196211087,0.3937086252938636,0.937243634722307,-0.06281043978330221,0.6157891191726618,0.6636456684283321,1.129455123889352,0.3906582505018799,0.24677960685140451,-0.1385942103602332,-0.1507310565986175,0.5213440162054109,-0.42573941485004824,-0.7189296635026707,-0.3617935406739199,0.17330811843337007,-0.5881791027607012,-0.4455253855715761,-0.08723492338811546,-0.1312266821189035,-0.49499304335863076,0.09737497579711081,0.10752267004598295,-0.28544350652014155,0.07959267955908124,0.654693718680438,0.13317436963555912,0.9599713954793787,-0.8228190836836882,0.10199377636064282,-0.3464016769336871,-0.16247217205452183,0.3020960290960831,0.19803027058454806,-0.27006159136600244,0.380319671255744,0.24750547144843318,0.423554648220701,0.35835490194553776,0.10923584359295645,0.5250899146349409,0.16991410103063237,-0.5068050771083702,-0.7085263697231443,0.007843964047372778,-0.18170877315469472,-0.5246687463269042,-0.07368346220974785,0.15463951833457776,-0.21623671060375801,0.5489524077016422,0.32331104186124726,0.5146196136936255,0.35765008305550466,-0.7715024098184835,0.24177168838670443,0.30360190388254843,0.12213934142032254,0.15745265635466738,1.1185959952933737,0.5175926433924143,0.4866152223938978,0.37765541119286217,0.3888730229861956,0.10150381523501491,-0.3166443671958308,-0.34167966194540256,-0.25286568144254623,-0.28435907047369896,0.3665600384127219,0.3525117978918895,-0.2279093963547261,0.17937173476070012,0.09120448901768652,0.7224957086269005,0.3244670572293948,-0.12035611584698434,-1.4809886922770987,0.41428546907857816,0.013477420050626398,-0.35971057489084163,-0.055537944920770736,0.21871464642581517,-0.13062253153407288,0.2979015164867179,0.23510510985075705,0.2568004697842702,-0.23164635507249315,-0.654550068957019,0.11765590798815906,0.15818596428174217,-0.0021851465626945695,0.39448236024419414,0.566832436045066,-0.19923736383380336,0.6460070103235215,0.8233491811034637,0.16768118312238345,0.3032107481672519,0.813918859661909,-0.021447799712405725,-0.19148673786819467,-0.5985726220582271,-0.19611540162159008,0.1364524901870384,0.1012833151139807,-0.7886730014413811,-0.6307057566215208,0.4569408008133166,-0.3099539430259476,-0.5237640323609524,0.5467508198218488,-0.008716141190346229,-0.589385036421654,0.1822639712173098,-0.884784172635763,0.25406867004661354,-0.005426095273426139,0.23845582776342764,-0.3696803899385515,-0.014393614343644058,0.39939262963663763,0.11249821493415835,-0.39880518124456377,0.07353190754676009,-0.3726260050266587,0.28656228143744045,-0.2834553551477519,-0.5161355760409542,-0.9839870486379857,-1.4464741967381272
Cytotoxic CD4+ T Cell Liver Human,0.07970309978260301,0.282460986452507,0.17970025446359725,0.27346223738272596,0.1314693667099409,0.1571162183613653,0.006299941891231425,0.006937651518680075,0.7748561320920719,-0.3705068431758444,0.16831911238022687,-0.8679327603720494,-0.6906850876045878,-0.36060322339242945,-0.07312812937618997,0.9558907322064213,0.5873495339294706,0.011623346469218119,0.19819710712258043,0.01561835726432027,-5.0934973940158494,-0.0880546435639709,0.18396016730172793,-0.5220591890956542,0.239105516569981,-0.05968953022696651,-0.011927975162591647,-0.00532366100785581,0.19589293415694878,-0.4828299291164208,-0.5378867303122951,0.07908110964624065,0.20774708620289054,0.633882968866577,0.196312563505057,-0.13844577478316877,-0.5772480722790775,0.5167594463434417,0.6357450856693556,0.3568221197465962,0.6977531775107323,0.399227467981846,-0.1983237875621655,0.2093648498021271,0.19099574811110975,-0.24590861323445937,-0.3127010522300227,-0.36635456704966607,-0.34246429171742065,-0.5733633262384324,0.12390589434488922,-0.08379462841451257,0.008950796313215484,0.003503367618159233,-0.1485864987359938,0.04709838354744447,0.4187597717585727,0.3193226958805351,1.052877955897329,0.05568007986172845,0.6298280188723968,0.8235129090000983,1.0469471450088315,-0.5312107605739564,0.2722582326692091,-0.37815312933929307,-0.24673323505296302,0.778511217479965,0.008038488472701305,-0.4182203310673942,0.06755328881093978,-0.2580042422754312,0.13166611456030694,-0.2106345919701526,0.05307330489435201,-0.2917891715167986,-0.19372633574558681,0.2471156787611644,0.014695689050136686,-0.7156831420250347,0.1495621442823536,0.18974532946809528,-0.20951473513493785,1.076560039430233,-0.5408223787225427,-0.5103527445325022,-0.16486039888660062,-0.42276363730017236,0.5946777049736209,0.1606803763125668,0.43937085332689724,-0.529424730327092,-0.03654689177068337,0.34405657082554025,0.4875507162665508,0.37588294894051527,0.6055350462174979,-0.15330520070490794,0.0026117398602459574,-0.17392691340393857,0.29576628195771903,0.6655641440790008,0.15867460625825458,0.19281279539642845,1.4147590602982383,0.11472691260701637,0.665744767945958,-0.1688116185082628,-0.3929130803886615,-0.4213904313419083,-0.6400800270127864,-0.4098976627888942,0.23762050877427274,-0.23571895340940363,0.18740153263920567,0.8551576079072083,0.08181024527589137,-0.12231581526837476,-0.037403790266701216,0.18779661209356022,0.5862370498289684,-0.2628260196994179,-0.568706128838014,-0.21439772584238648,-0.2475231448280474,-0.07894706660061916,-0.2810657807295509,0.12877306019509732,0.2903529563594391,0.16307049516977512,0.8488078032169787,0.2557403957680825,-0.20831554543734954,-1.5569254201631177,-0.4121694200200021,-0.10430534067516595,0.03130986640942749,0.31390562818097634,0.09203442525069638,-0.45490763292432584,0.014245516536196955,-0.26027687251684595,0.5239555024436383,-0.17252994167929223,-0.46520705325874645,-0.2136205284487833,0.433046561620221,-0.9044352035010379,0.22349475795106816,0.15648772686158485,-0.32558748326967035,0.43963671007090477,0.5225136778318348,-0.3837690038149372,-0.07184026782956852,0.7336315438834409,-0.15236470328376883,-0.11020714675034844,-0.34768566102198417,-0.5607009541315323,-0.10599374557080624,0.654813599258509,-0.2378306118686234,-0.1673244555000166,0.3488370840439189,-0.6202386895429605,-0.5680597558239998,0.49592860426012236,0.0030908511341824537,-0.07726556910827084,0.08060516951531081,-0.5132688806718989,0.38916483747162245,0.08513705318195748,0.2246226895312805,-0.488695066925096,0.4330884542116318,1.0087339141294651,0.25769398052431286,-0.4443061576142464,0.2317678347857723,0.04567102603475846,0.42373807094874033,-0.05033312114914215,-0.12852176184944397,-0.9326577129128372,-1.340829512185863
Cytotoxic T Cell Breast Human,0.3212259987394941,0.09788750319549956,0.48077277827460413,0.44638371160521645,-1.004587521908483,0.00929201013127996,-0.02875310372535689,0.1567074240300246,1.571634329189816,-0.23868227965430608,0.5726878195184565,-1.4457520865164288,-0.7740105918654189,-0.6272235573814033,0.15031249641224845,0.5626907087385205,1.2123021379054513,-0.06542938014636081,0.8005566337833028,0.09989298973081676,-4.604829088675287,0.2578486588747695,0.39519492241706555,-0.6691695308982959,-0.12889015407177032,-0.2242992082491203,0.21731248935485706,-0.011957672050871736,0.3024999335162915,-0.15592968738730037,-0.6565291930512279,0.16457184474517897,0.4388404657117071,1.089843600959924,-0.0018033153346863617,0.12459316019267247,-0.4385645875036447,0.21571936940518827,0.9680949763717821,0.034264881191585196,0.572482228311265,1.0098470908030133,-0.42537495136193554,0.4512738104672271,0.7878227499759424,0.03391381164122334,-0.17137429815818198,-0.05355898688293253,-0.48896209249689,-1.1620273991053316,0.2996583318013767,0.08368394118346965,0.3272688778071457,0.31864031635617873,0.001570550804095875,0.0775812179435765,0.43324428976268786,0.5085214804267738,0.8143354936745882,-0.09266601725104327,0.515590903650931,1.3431741449414278,0.8086798523099255,-1.3718901913815091,0.4965073819951292,-0.11134132088528373,-0.3181009713614046,0.6793615092065861,0.49097905434452616,-0.3166368145496238,-0.21184524534298652,0.022738464123981623,0.8798664169907903,-0.17678117388783385,0.10429321479705145,-0.19786526524742365,-0.24564749188254073,0.45765573777096547,-0.09085981407601995,-0.8626642485046749,0.031140355393883414,0.2505019992423254,-0.8874763944138586,0.7108378771972964,-0.5146820166492441,-0.676219735190336,-0.18274775304505222,-0.5067320521410243,0.006370706315907321,0.006314578455489157,0.6437634663671022,-0.8021936495012194,-0.3942249519099684,0.14278991448786507,1.0009976157667446,0.7281560717814497,0.4520362344615897,-0.29851334076113,-0.22548537338996694,-0.4714699963095079,0.29222213806915603,1.1927370142130156,0.8691686627609658,0.3184606617321984,2.191430113488759,0.24068012083313572,1.1379908894341413,-0.7968847306652569,-0.8526392133780207,-0.8836530147241605,-0.6746622756233986,-0.9781499215783561,-0.005438090514593643,-0.21834901584673355,0.14105148252119665,0.7486419804128807,-0.3624352855803519,-0.741479311721084,-0.6139706602580083,0.36233845168299844,0.897729011851551,-0.4667340350367136,-1.079854175539313,-0.3982199309206647,-0.03625126122504866,-0.07629012860932992,-0.7576306962790039,0.36510984930472,0.36407991104114473,0.586214432924676,0.7880951711378784,0.2927685780468082,-0.2577246031432047,-1.8110678301970016,-0.5765120821397518,0.09184283826036056,-0.07203059150436109,0.4848993120303201,0.3676097556040135,-0.9121911015647264,0.15721115380944167,-0.14509886315948292,0.4010695100292132,-0.15352412762609705,-0.48577918403783504,-0.5465623093354609,0.7901170353489705,-1.8754076629370682,0.10871977501056843,-0.21648344790531454,0.3256486334887802,0.29150780385415753,-0.004806401466057102,-0.21973510166914784,-0.1401630714249969,0.6101731045140716,-0.43435737996781304,-0.04286310602852562,-0.3602042154019601,-0.6307386042887484,-0.2906681851335256,1.4304462007562646,0.05473198816589263,0.1538224928135431,0.5724324218451703,-0.5518360607129162,-0.9761339831675723,-0.10108269302780577,-0.11441633805061448,0.19662529797281086,-0.14480363956383238,-0.43312571201342903,0.4879036638738094,0.42904597918721105,0.19870829339692866,-0.8091559143809455,0.6258518712563498,1.1110939611004396,-0.017916717293699855,-0.3650060395533602,0.48918124688323894,-0.44478419803628694,0.4284272831824794,-0.04090044219631984,-0.04132193847472261,-1.032287595166632,-1.2534352342184407
Cytotoxic T Cell Undefined Human,0.10231427708841968,0.13291074478321716,0.24486362978093498,0.5011142043029122,-0.7360433106431546,0.1084758631313168,0.0065772891838367315,0.004587442092618652,1.1034979390401882,-0.33260521910112967,0.3039690205731232,-1.6367084732899513,-0.48376498356403613,-0.3057684060607787,0.12514478296260376,0.7459476206796395,0.8651680049559581,0.14732743840414783,0.5334285133324763,0.106026467249343,-5.1382569510337355,0.18794543385611553,0.3491562024834333,-0.40404175587005486,-0.013715889443981923,-0.024533891997448196,0.3948790869684043,0.02295121130316404,0.24957257741518266,-0.29648474655588203,-0.4948656917802628,-0.1459826677635663,0.4341665638210566,0.8944772712144882,-0.09161145480269434,-0.010932672276439742,-0.44467045341191797,0.3122207908511437,0.6576288746520084,0.06969964397283478,0.5967718344902981,0.723217730223074,-0.2163753620660559,0.45760504374513983,0.5954393761160516,-0.06738081744034569,-0.17908814955411637,-0.27154413667100424,-0.5710587080506344,-1.0083170091494347,0.3145102291102303,0.09731478731475858,0.07732944663042023,0.43384194681628985,-0.145952263552434,0.16112312639884863,0.49952517535721486,0.41061940137745856,0.8721635396045841,0.228310005035226,0.509601893663167,1.1262504838361043,0.8270291779270077,-0.7096153985526573,0.4547571715449269,-0.14745857579541635,-0.06743561917549347,0.948246945831443,0.5062060210891249,-0.5409551513012254,-0.2765554181209743,-0.14766208448573984,0.301138135103316,0.07202218790104825,0.04547453771183599,0.0036075354768945996,-0.24085069452848992,0.2639483199919171,0.03224187796484291,-0.916097222509136,0.19420689229687385,-0.07246763283200643,-0.40013491514448546,0.861817967424745,-0.4131927499950476,-0.6221621505374245,-0.06435462154908803,-0.5141446765346532,0.07374051636000263,0.18357806737218277,0.25150760629546154,-0.8672048808406821,-0.462943034842003,-0.09205438878473714,0.694276618838102,0.44019348259970914,0.5747281115663472,-0.15301530574971,0.03273432309781112,-0.48386047938080073,0.2668537739979022,0.9487119453094657,0.626004984527876,0.1292766780087608,1.7586538494922221,0.2754764802156806,0.9687437594466608,-0.4649246692412371,-0.6312192710160547,-0.4684173072121123,-0.5869507219996553,-0.935337247623189,0.13876545023818848,-0.32187639672224905,0.12396040798758895,0.533736735919868,-0.2628630898493633,-0.7057460953734297,-0.15143877896901484,0.13183052320271219,0.6220971869565751,-0.3632874222535383,-1.010617848419934,-0.4774414720725201,0.11100481006436057,-0.2564729900594486,-0.5161373282978522,0.29537893065903764,0.5073176633715778,0.34854931770802094,0.8184765454777788,0.28050566363312934,-0.23458536142703448,-1.5232756362710065,-0.5211875641729149,-0.12369722859088865,0.3377928986910771,0.5739215031480082,0.49943508316766716,-0.6202183589236393,-0.08451956977905752,-0.34720947648501593,0.2717716229719451,-0.012774587988480256,-0.2942035137045562,-0.4073420172871836,0.6180545074250943,-1.3422623850218451,0.18174261465751188,0.1047245914877557,0.12238798127070284,0.2856982517876856,0.2191984083578957,-0.20250023366233966,-0.22323458442440483,0.5971215789344776,-0.3030669161898149,0.10114146132259472,-0.5007742731522824,-0.5373910369573478,-0.21437992280882787,1.1096280726920302,-0.04858676400466198,-0.07210966925681957,0.5008599529268648,-0.4799429167280801,-0.6000525598720162,0.15689001956933682,0.035714969309174026,0.22482974867577343,0.044922612457163225,-0.4282641337599914,0.45948909742318506,0.2974703753126046,0.03956051866138233,-0.585523057260753,0.5086056818929614,0.9405342405974092,0.349059230606945,-0.6968644765708647,0.05804872440157161,0.032054633393468784,0.37972319951662853,0.0724617189630004,-0.07245312214937663,-0.7505645036685036,-1.8857358920842393
Effector T Cell Undefined Human,-0.10858563607996652,0.2691604838123185,0.48858570088397996,0.4605815746739457,-0.6120024709478401,0.07371737241188224,-0.4025207015692878,0.026035357958291237,1.1422296822267108,-0.15170357936925882,0.18692163737113754,-1.4739941206324383,-0.6721107299819845,-0.2014884767114287,0.16867430484669518,0.6303838663354965,0.992885371145146,0.06989713550439237,0.3217322433184116,0.013698134813811963,-4.658479878450525,0.22896390084926435,0.15743917328945725,-0.1729694819289251,0.0763495298320023,0.0963017155198615,0.14050241914380057,0.19945756315109944,0.275036985868584,-0.2733980243002087,-0.1341664148354653,0.09126657731555145,-0.9829037771053818,0.9128707362030668,-0.13351695550309114,-0.22987858362411615,-0.18379671061142666,0.4511524423591968,0.8878235797639978,0.1555384212154647,0.7594615875061413,0.6173526179314592,-0.3976897847876026,0.6120060537772846,0.6905102470069271,-0.4281538206356596,-0.5152339059529043,-0.4127342864358238,-0.3559551204049412,-0.7859924044378319,0.12781891382658947,-0.16907598097818607,0.2906020785434351,0.6711149368427375,-0.19081775615051433,-0.04694676258053101,0.684912792781503,0.2363129653649668,0.9004795872845945,0.07048807822093718,0.4139580790480959,1.1507651024259793,0.853447256692501,-0.5650973147965704,0.4080319006546657,-0.5142971571623056,-0.12641635253850725,0.6368035475874706,0.1110524939454648,-0.0247749781181326,0.1597575735190959,0.13566868107181826,0.3258999711149675,-0.2825447738244821,0.04812117796023571,-0.26051523973238466,-0.15934733019888014,0.20581948668143368,-0.36889513160674275,-0.6643795260946015,-0.07425164976489065,0.3697929807710399,-0.6816509477629286,0.9217435385876841,-0.4931504099996864,-0.7502485773304833,-0.2038430957620663,-0.3098398000263418,0.2702662295359979,0.31458836399330753,0.4662148750590076,-0.5356975052108032,-0.26917682361209655,0.2920051190748094,0.6835514905457192,0.36064905621942644,0.5256374210694652,-0.4440025985178871,0.19032879167990815,-0.23313515689879738,0.20080950521748617,1.1006786289809998,0.5107302297092234,0.19883643235993975,1.7173679180578392,0.418513502120335,1.1628385380637136,-0.5666539091223747,-0.16354468986521514,-0.34810452177644025,-0.6469632881854648,-0.9506025009006493,0.09985251258677363,-0.2879675775852555,-0.03978155726459394,0.9324021928717898,-0.06594460784153981,-0.4768073028807882,-0.4228496620684914,0.2504103740363149,0.7175198374783188,-0.2454056315219302,-0.7065244041501358,-0.12387908163353795,-0.05137324734065968,-0.044017868650553627,-0.5742748613661415,0.09170064919389687,0.2551796430609558,0.18119599475923884,0.9622995288432666,0.1786984663750819,-0.44313287573223664,-1.5599898560536545,-0.4338489199259942,-0.1119641743644556,-0.2529720588164748,0.3737012050340159,0.5217459507533984,-0.5503050890728584,-0.08490073972717083,-0.047428050623995015,0.2652115792614727,0.0910144055177483,-0.6386542301039569,-0.24251535532655324,0.6845268167906259,-1.3948556089894064,-0.00932946262445091,-0.1453520174839745,0.06939804498150882,0.4433624012225099,0.5064391741645139,-0.29317007125967626,-0.025854188845232422,0.830153893411519,-0.4039454891904901,-0.18138172026793617,-0.8874203954626472,-0.15427176841288512,-0.11128513785053713,0.7352861353306723,-0.43946935655310676,0.04255740054984138,0.32984071798007075,-0.6751042673474932,-0.8327566606986827,-0.005319115059544373,0.20550131941871377,0.17355546585137838,0.13707563122622451,-0.8112142694979095,0.4714441892709536,0.07345724741289793,0.3446358305410581,-0.04847920767624605,0.5422354139199113,0.9573686925813644,0.176229829438916,-0.5567341735756145,0.38367631835597577,-0.3515020082737141,0.3664999048913107,-0.1811239506176461,-0.24845387089545914,-0.7300767481297975,-1.5034351441724816
Effector Memory CD4+ T Cell Brain Human,0.3151893037195025,0.314716690180088,-0.19712041916798098,0.05671348971883759,0.7749818884249882,0.04002125645615923,0.5677503335699423,-0.03195232400032616,0.08898258687405221,-0.570097179818927,0.04058557577975104,0.028289276425180605,-0.3735772359655547,-0.4995941220182876,-0.28852377883884944,0.8859423169289471,0.19783047545587298,0.12045739393348846,-0.19390528139546775,0.20925034577508897,-7.211793315482789,-0.144751098799429,-0.028162381654287527,-0.5852938282417872,0.5245619988618156,0.0462038219327028,-0.23913478653962283,-0.476276352610491,0.1159002130666737,-0.7200968409923518,-0.635552557395081,0.2579520362068296,0.8205774969794952,0.4026700767536855,0.42631034890221464,-0.04941628173239831,-0.4883659985574858,0.429748290139564,0.6188023365788513,0.6237767007829409,0.7865838898242278,-0.25598650303886183,-0.006998207847547861,0.2651345699110677,-0.4858884647674338,0.17352660061493688,0.07201505526059626,-0.08191356216209866,-0.18350557913502222,-0.33290299682480073,0.13275536943168728,0.11431170679967376,-0.037462402051945606,-0.5303249055893968,0.12503136027226572,-0.19930642897141554,0.21093389083345152,0.3401563403005026,0.8142607853954469,0.20986493769534306,0.9264830854258511,0.4228872023953892,1.1178011995532784,-0.3993907690842214,0.3543373932900662,-0.3593489632196782,-0.10812733191994489,0.6491114738870583,-0.01680879945448105,-0.5393904802237416,-0.04998080895145762,-0.249026010368683,-0.31591446952733715,-0.34449484878670794,-0.27232400052584116,-0.014676339987818575,-0.3386424627361685,0.10301050113331307,0.07788934149917948,-0.1356712836809931,0.13658119923070966,0.046170532979001394,0.13654184663235439,1.0773097867497838,-0.5041979614886325,-0.1987585759843677,-0.23061600447572428,0.08693985059664039,0.5718658902713861,0.09311296660367405,0.20133561139134254,-0.5674623244899353,0.28030661559586834,0.3706752995866922,-0.0449434449686818,0.41330438718696366,0.5324937338635904,0.11439713956836685,-0.47121460992785863,-0.6635635588161093,0.17002480670470943,0.02213855516797546,-0.3576070389392152,0.15816250107397956,0.3722755853707014,-0.07933352692213773,0.25927985324546954,0.305518996071937,-0.5152118132613861,-0.4057525946622098,-0.5138292736915919,-0.20530637752612496,0.3965047945026431,-0.14449961811682568,0.5994130094872681,1.030833087022935,0.09872602322231466,0.20930948989220757,0.07477114522973884,0.24009437632784256,0.43134082522788153,-0.04554513994480728,0.11341648852567023,-0.14908433135097118,-0.23688617523935396,-0.036085219109671794,0.14107401098765,0.17141973684937215,0.04175220779639472,0.38855063429638503,0.46808807903220945,0.4171550207366852,-0.21296859797741294,-1.4870772445246605,0.1303411093035409,0.14559949996347743,-0.17771572404708724,0.16338902421259272,-0.30931833587432306,-0.18175549865121365,-0.1036809326934019,-0.27790898978356976,0.9450811120635171,-0.48441481394880687,-0.1536432218662925,0.04747980730082768,0.29691128305417236,-0.5247152637943043,-0.03135285148639152,0.31325395412036555,-0.1909774102812676,0.5178425315149027,0.31607803063621037,-0.24102532013808936,0.3426343701205404,0.9138249040338666,0.2910107585140995,-0.10719283696238,-0.15147758273911785,-0.5257363960918785,0.25738684861283345,0.45543187194467394,-0.2876946076196476,-0.5063094463409895,0.28798934422801853,-0.5529045735045519,-0.26823759045353196,0.5136640620391401,-0.2425952938683711,-0.17689457999746663,0.2814045825737857,-0.3047476901020819,0.3435016546084616,-0.03743878965397664,0.35024181829833156,-0.3859377403046578,0.4016931982114158,0.7985043388511723,0.566938048726462,-0.452351942438023,-0.0008507637858531801,0.22603229749917253,0.4888709698063538,0.05364108012967014,0.08434538661445848,-0.43917991501959874,-2.3295839860491303
Effector Memory T Cell Blood Human,0.26071440800989576,0.3079202570655051,0.7178330334632994,0.337925379547717,-0.3880252045583254,0.10081647758387284,-0.10067400964382701,-0.18049760513850732,1.1807513569594073,-0.4407697712279644,0.48346151736256643,-0.8732951830009495,-0.7777601435678209,-0.5387145169343607,-0.019674005862738177,0.407238681090563,0.8939563256543149,0.08377904958494453,0.39881678946727667,0.0827802170759507,-4.21388183089899,0.47372799297524804,0.423730291048793,-0.6973537714462538,0.2190953505650921,0.015330806479327165,-0.12100254427335277,-0.01441070476711107,0.2266715837011779,-0.3101899641687391,-0.2530096958276484,-0.14797221039148412,1.2667625859417875,0.7307462812676495,0.30175561863743766,-0.4495176045651499,-0.11828392719460464,0.02902260585282715,0.7632436642344897,0.20736006031669052,0.9767057276392195,0.7682219111367394,0.06016444179611255,0.6521287369755668,0.6173125208387797,-0.24118665204833176,-0.5086387575839911,-0.12091178977981161,-0.04884894036711985,-1.371817982243483,0.3415053876523943,-0.28724777395357,0.26017581643912163,0.09460357415701422,0.03792195823803654,0.03242599423107826,0.44828800191311685,0.5242608952649398,0.7917233421396485,0.49593494343890626,0.4875721937053548,1.3275376101502068,0.7061189277585348,-0.28202002773276386,0.27951390546710225,-0.41700793730335134,-0.4016980162320489,0.8580196554350882,0.10245754009740997,-0.6563894834156639,-0.4592051424708566,0.023331573194226397,0.1646439551362823,-0.5847354405139412,-0.16101577194687014,-0.2983069478169518,-0.47241366593221407,0.17870930673954855,-0.21368629536120587,-0.6021140135301549,0.348877209169804,0.6738441830846694,-0.6757858097782393,1.2937991935448094,-0.91143375944117,-0.3213387001226134,-0.48315729496261234,-0.2796949794940892,-0.2365586161837326,-0.11063527380787586,-0.07163095192246582,0.033630270184250084,0.05237939841290332,0.6317725940104559,0.7683323197801317,0.49250003771482836,0.8555290533088811,-0.38177005681942067,-0.6311757569853969,-0.049532411593100865,0.07815409407366254,0.961784457694561,1.0556272288697075,-0.04681624752676148,1.6896858517541824,0.08739387001856584,1.0412029068728017,-0.55778970924411,-0.10560801780992508,-0.14890582722555382,-1.0581105666668136,-0.3822534254101972,0.17706114087281447,-0.3378545738629575,0.021011760866095894,1.0999494948835802,-0.2592488981931346,-0.4462956823938285,0.029498990276883033,0.20459453008813167,0.8571657165034479,-0.8905222151152659,-1.208172200467857,-0.7623455163038018,-0.24273278467152468,-0.1668266266969867,-0.43707107247359495,0.12959508770635197,0.14783257360720872,0.058204044657713304,1.063111191882274,0.3173313390506769,-0.3779161465493921,-1.0741435700035022,-0.729833666870142,-0.09388936162362048,-0.478672805054235,0.4746152180503509,0.708311343008358,-0.6690353551110638,0.17509487878502442,-0.25558470867505445,-0.10163844598651735,-0.20094560859637225,-0.9667251970955455,-0.03675827558865957,0.642476667279846,-1.0297450670806916,0.25177967093640463,0.002174938882191645,0.2925534130351004,0.5284936627105679,0.51785903428351,-0.08071817089477802,0.11082531875389275,0.7269774138939241,-0.2935072358937642,-0.08611605687753898,-1.1874662289263884,-0.6403492228677604,-0.39430798808538875,1.4062164084908986,-0.40634609836501534,-0.12252433466895281,0.10308301010569948,-0.8655635237658509,-1.311413347809418,0.04357038620654221,-0.3033921874788997,0.15534308207717903,-0.22313202401114843,-1.2318821438647285,0.41660872648175246,0.46969955058456453,0.7502722113908811,-0.7270936926606245,0.2745755017326134,0.644820069499151,0.43627021839949526,-0.07756211594941614,0.8712660248195152,-0.1550197494583957,0.6325854880906754,-0.10281068772184121,-0.3980655663129234,-1.0887720685880513,-1.2615840705089025
Effector Memory T Cell Stomach Human,-0.10937747113294893,0.38535324853102865,0.1457121109466808,0.6417051358032063,0.6195021497729897,0.591079852226177,-0.12552052326196167,-0.021418748306177564,0.5222425817187902,-0.5128472826330552,-0.38292447757088705,-0.5771038039850405,-0.9308507026222853,-0.036595206659208505,-0.32356417391757597,0.7279297357837989,0.35176939136081614,0.09651169301404042,-0.20757340870048718,-0.20080817913025983,-4.864516655639206,0.07675729820963727,0.31250197888883985,-0.7731999560455263,0.5681902291259452,0.19384120146657086,-0.0008664282743552354,-0.15143890703200544,0.1583452481819256,-0.9988028942150872,0.12255685944003421,-0.5470843218437025,-0.275293581217231,0.47163914016710873,0.5554379373457472,-0.5233339771474742,-0.10715307355227122,0.5463290366513704,0.26344315216555103,0.4860869862607723,1.1287606082652244,0.3271433302258099,0.388565030327437,0.6235108411494802,0.16521988912187308,-0.7331257549394178,-0.29441179619128965,-0.4065253144656939,0.055659228813827046,-1.3058115500271372,0.10751228156043632,-0.25895591766653697,0.10284991133659889,-0.4487358608913494,0.1562925789893505,-0.015395655695476565,0.6485621134421228,0.5062026972134028,1.1011370766562434,0.25938107295632973,0.5004768075696655,0.8102518261829699,1.2771745088115363,0.2657793113628835,0.31675139920003376,-0.34087733164079437,-0.09084144350814231,0.8305267502523208,-0.24441220194432609,-0.5025770188172852,-0.11828698951733917,0.0578590016778883,-0.8471431195949342,-0.349010998926576,-0.4020144950196542,-0.16757613470885108,-0.4967855144302114,-0.26468184273488043,0.175818476206587,-0.3228031272605992,0.09762214281807813,0.7777873946434694,0.2034817610011233,0.7893187837764951,-0.7601375151255605,-0.37483413826412704,-0.2485049646008651,-0.3873683342187446,0.3512895024266745,0.32873162042091764,0.023561680564107783,-0.2491293522442535,0.18799400148281414,0.04262524482689446,0.3961645693409929,0.4908023604165495,0.7965355280194916,-0.10557889548496792,-0.36886015959450835,-0.35202628249664497,0.17099313410142852,0.5289823757664873,0.13988264780417853,-0.0595599961103118,1.1980194557835142,0.03705813011239855,0.9539516720508103,0.3903182919977156,0.4154557756668738,0.1690746984484946,-0.6959565358990155,0.008955945109361485,0.2994884384222337,-0.05732342575897176,-0.22517757039769018,1.236129686267537,0.23701172009617114,-0.02317355799693917,0.2786623948598979,0.3057036914026955,0.1277103077854395,-0.5800541329468192,-0.7871208423369319,-0.2879407466015404,-0.24930677571849774,-0.09081277182824331,0.2823504683079414,0.0374375805447137,0.2545617152281963,-0.047930558067425307,0.9632675114141284,0.4965191481080731,-0.09218607411410519,-1.684628260900411,-0.22748135765685443,-0.3265121603846808,-0.34133465016435854,0.2161450364877364,0.7857220796396067,-0.4107476085297703,0.284130800698219,-0.1955920069828468,-0.04471722433592355,0.009100165263097629,-0.9697154638483065,0.20074198909468682,0.38830042318507463,0.07295348304084573,0.2896981491024281,0.4536151784402957,-0.2984410061452986,0.6287279687955364,0.9891252758710666,0.1062312889003488,0.03708377676128016,0.9187095850414762,-0.10649442450292308,-0.10366832247515889,-0.6259842666295048,-0.4763325455883863,-0.03525469683125144,0.5041214895356001,-0.6659966022797558,-0.11502757293857048,0.24872854528012225,-0.562594955355263,-0.7746079396929593,0.5035391803059153,0.026253162034933088,-0.15580896314276046,0.08821724201715561,-1.1185731724749082,0.3235673555965638,0.2096701229920657,0.4664511053585884,-0.5933491749129357,0.19032965556407996,0.4540523265665341,0.26416970945544394,-0.393377873330445,0.10046508905579014,-0.26074294636996537,0.1461503715447313,-0.3745149288491619,-0.7296100224822004,-1.3402530751185746,-1.3112299504316571
Epiblast Cell Embryo Human,0.030399039775041964,0.4008614970877161,-0.3170977715484595,0.29946978353507187,0.44010909150044913,0.17011345835881408,-0.13177788495388776,0.001409401450873272,-0.05087656532642539,-0.36388591419346683,-0.18113188472144703,-0.23518465709799052,-0.6148827750528103,-0.14758058688035333,-0.12231612369430354,0.7732491626017114,0.2538283639009527,0.22834689287871185,-0.18708721167028347,-0.038282714709856676,-3.9194543629028407,-0.24973965364442546,-0.010491649275195872,-0.3337225856702858,0.4093356069983717,0.1814861107661522,-0.09536372011225941,0.03262815705548119,0.2623875282568778,-0.6845031622599987,-0.13764413200266565,-0.15045400467088713,-0.026902563540234282,0.41394635224503457,0.5852944625029785,-0.24123319790741318,-0.34350943561561736,0.35183674981435487,0.4086604343532753,0.34495244160957755,0.8525664684554422,-0.08999870657158723,0.050325996745212584,0.36516039764795294,-0.14399595305308058,-0.22590535972743256,-0.16952721463756137,-0.3178668492357877,-0.1611537247141207,-0.5228810451518073,0.03459497207561566,-0.23302684895629117,0.11167497224081481,-0.12936686578830542,-0.06078689236593012,0.06091178383998337,0.3842751947705069,0.36459587067651433,1.0060486405608096,-0.1320656059927736,0.5617226113180135,0.5900893929074141,0.9919313376700852,-0.04627747399925296,0.16250829470703768,-0.27177050264296587,-0.07271410954004062,0.4465140005882886,-0.2907022336501785,-0.5134811117693416,-0.05300761871872638,-0.11794982682110769,-0.41378605024158743,-0.3358299093373376,0.09898962015492234,-0.14151386889710202,-0.3655819475670624,0.14182947019629322,0.11430402845188217,-0.5260091982904346,0.14231765623318637,0.3733577777219733,-0.0139149468960779,0.9419264750954354,-0.5142861911660096,-0.22649563184942267,-0.19638487851171946,-0.22256215485854328,0.37588942997220653,0.19595252643673322,0.009589004866537697,-0.11240844611285582,0.07194634484031388,0.19976474062774546,0.18261000755404636,0.21503050054918948,0.5041968712708501,0.048948074248451254,-0.22889532099878238,-0.553782806459659,0.13891791070133297,0.14475045551342525,-0.18443117254397062,0.13316198868671067,0.46933098654006317,0.051097199695545055,0.46249110881041455,0.17427246450206477,0.10099644883385174,0.051418881314487526,-0.6012009533847495,-0.2420595326265644,0.4191410057389293,-0.13530537990818264,0.08219592161199687,0.7915475317271243,0.3457341742968066,0.17238067830667156,0.21722092766222137,0.23548722316299617,0.3706896032060992,-0.2557869597327984,-0.21399942350591444,-0.025704576410330516,-0.25819573135242196,0.09490098239538267,0.18266936145024107,-0.07672000609348496,0.3142425365345966,0.10560983722008484,0.7949413260170061,0.25021266461177677,-0.2011254838694124,-1.597251117278317,-0.05596004877973127,-0.05309285384854798,-0.1407724581770998,0.10871818506761304,0.2146792595921452,-0.10111915014501235,-0.004410712245060648,0.03184620446534462,0.4036733919928776,-0.10086816089657838,-0.4865462170429803,0.05612679022414109,0.24682022530804795,-0.41152741193201303,0.20485570035937045,0.3657803855091047,-0.2197727323837927,0.3721882633279517,0.6277873316128542,-0.14047184341855576,0.14997762822887717,0.6160279949872557,-0.0391159042891643,0.020250426051445492,-0.47289146619377337,-0.23813024137428548,0.09854415740468983,0.14853202831755533,-0.4977263866939314,-0.347533006023593,0.23483483267219246,-0.4556729100365639,-0.5312344861044253,0.6276693839737191,0.0014946949448239382,-0.23167896741536284,0.08626209277750116,-0.4616600807094054,0.32104381682390737,-0.07412989316415597,0.2602762764679389,-0.2529384507419072,0.11869405437845688,0.4751666394756866,0.2712874504850983,-0.3399330645725943,0.03165918934419385,-0.12564330939559828,0.26223539804259605,-0.212473668374956,-0.20026463253662719,-0.6211661906451466,-1.052163581669124
Epithelial Cell Breast Human,0.6799128906354457,0.5738225055780384,0.44812067620892876,0.6387213127252177,0.761062751873885,0.4759305090600966,0.6566005033997606,0.1647411068034016,-1.0177750346603087,-1.2818633936794726,-0.4458462512941526,0.5597073726885676,-0.45586476364433426,0.16445934960940958,-1.250302647563757,0.5035114913968521,0.3795913937608356,0.5097547864638652,-0.882197967464468,0.24246574418987435,-3.8802227780563814,0.2636216758268341,-0.3075057764455745,-0.8389572772792352,0.57285214142088,0.16487346580189455,-0.0756967023169014,0.16297915084953102,0.19399801373293252,-1.351346909752715,-0.05134110534431014,-1.0158246428298687,0.6447181391086642,0.26199388860919376,0.7402647088557966,-0.29173443540847543,-0.02844330435191395,-0.19184678696517968,0.6900541936258011,0.5919004119377894,0.8064748755648815,-0.3113767142671254,0.35921762928486056,0.637460898068003,-0.4912642872486591,0.05346090037153315,-0.10248963546932975,0.17951265613460082,0.16477337979951098,-1.3172192974234807,0.5007393452933339,0.2422183139296161,0.13411966087685348,-1.012424556338954,0.34901257447443285,-0.006636777390472907,0.49409898703407346,0.35332392919918276,0.6692196022363592,0.19004715820178333,0.7558946445051503,0.5786589681595106,0.8518364953782492,0.14118954115448867,0.37788138347380973,-0.04598983756473518,-0.24345218712281816,0.5362360111623503,0.2827524934787851,-1.5106904320849317,-1.1401828492665764,0.37251487495994695,-0.5007656005096177,-0.6080592955314253,-0.2566318660642041,0.06992237678503276,-0.8593193087310464,0.2582759127179468,0.21619998439353402,0.1878750857441732,0.44333696437931136,0.5212178196132741,0.3132035793689459,0.8938574341531413,-0.9191386089578623,0.23183594397271232,-0.5191802168898852,0.1478753730746911,-0.7614642266606804,0.22839649389806677,-1.1793893030787252,0.1821734687616594,0.38687299802584046,0.6598449325402233,0.3528313985134033,0.18369419192529948,0.484980031153435,0.5370108807625548,-1.2173402595264753,0.19150903817496723,0.20899674097729565,-0.3950370083488783,-0.540420865330284,-0.2123709234163477,-0.164818675648392,-0.3585341172571355,0.36192987206845867,0.3906104874850197,0.007775176192247949,0.22846733921190854,-0.836724991702074,0.2200942760634695,0.41391126187042676,0.1865544594642019,0.47740516209697237,0.7377879296144072,0.2500790506305808,0.5523020129054776,0.5143845050910099,0.2991479890307443,0.17664622402656086,-0.20850275267188695,-1.102168781897741,-0.16777082042418454,0.0593534296926201,0.31326673073894823,0.31650736812499747,-0.17987149377407097,0.1059703685682595,0.27393168545700425,0.6568238349250137,0.3811763054720849,0.001158674609470263,-0.4819610261157921,0.4416831145798682,0.42925189778020856,-1.010248002837511,0.10181214424497544,0.19826841794007244,-0.2930396139588542,0.2032504883632881,0.14459617571628397,0.21011407240028832,-0.18005693478153867,-0.1466888781267312,0.25953236207487645,0.31327306633171575,0.061939756430031356,0.6386019273930684,0.4809929262735157,0.4948879821370854,0.6048196965328221,0.3768500530266929,0.2686104088598982,0.5445703994373484,0.6425248225963224,0.23130336475830016,0.03514137263305394,-1.2845141520736227,-0.23726932750188331,0.05687641525136686,0.49543483504136626,-0.8670965663320508,-1.3876745128364232,0.5823856746683246,-0.2259499792559313,-1.383236009811016,0.42812364513094125,-0.10677191791479915,-1.2815531915254499,0.22808817021433203,-1.399158827222407,0.4500562613540271,0.2793002510233111,0.4295345004468279,-0.5853922525064804,-0.5271183333794561,0.11566265257648256,0.42099114488382905,0.22532182413003776,0.4515671575782027,-0.4572974443868455,0.5143545937946358,-0.2659198935754445,-0.85884663749337,-0.869984397666812,-0.6754355078261204
Epithelial Cell Bronchial Vessel Human,0.48622356352621493,0.4195826835758279,0.16320033707797527,0.6549227616909747,0.7239485796522775,0.4281743844885122,0.4095742993837444,0.08355282219408032,-0.7387036009475897,-0.8111302696718755,-0.3235267745172456,-0.08452732552898364,-0.6210512877631612,0.11705152782016766,-0.8868957513970332,0.5270817927066977,0.4670607369867895,0.23627977900805433,-0.8442359824217216,0.30607519454710214,-2.2275773706621145,0.11212348365511379,-0.25896038198171917,-0.5454874958589598,0.4511778262112482,0.40589173091796055,-0.1960897693178314,0.21669932770001907,0.33129256047127836,-1.003383216817551,0.16630436598346676,-0.9242104153177052,-0.09891097097666772,0.29512260398423795,0.43946405282850376,-0.5644067245743659,0.039123445441370086,-0.0818409498021205,0.3874223574209669,0.6331536995538867,0.6852714819326734,-0.2742427659570757,0.3297636054137342,0.6935331791429298,-0.2111354222153699,0.16760703800397883,-0.31361202001270627,0.2146514498702111,0.302448704292903,-1.047804606162324,0.22501540701255063,0.09441969867693464,0.15372466963388087,-0.6683893478186727,0.4910600888865621,0.1604002262204177,0.30376926200050586,0.32853848797334706,0.759538289206901,0.544745906688702,0.6146076743022356,0.46675841326513345,0.5293300089802024,0.22312198100343233,0.25240993563513076,-0.189436550982716,-0.2230590555257312,0.9373317952418116,0.020707720337595954,-1.0075199460621802,-0.8376673472634092,0.14996928176165567,-0.40957727069522176,-0.6075258371995486,-0.3620318117483002,0.0847417250877423,-0.7988833683716886,0.2674223247978222,0.027264093124501492,0.08745137122346414,0.36133431417680495,0.5287696556259509,0.27127775688558975,0.607418567514186,-0.674813601586085,0.18999430571009235,-0.4443275744604306,-0.12722024322109685,-0.565736631535996,0.170935992566763,-0.7046320390107004,0.21672226088780505,0.3160406698048925,0.5362534606193767,0.3234794771734777,0.13710079324669652,0.3781208593930998,0.1333728053957227,-0.9248395475082668,0.3272468299844636,-0.09788609826641445,-0.4016531778818098,-0.3126406897490839,-0.21310340136178502,-0.11758317526347525,-0.36040268271945913,0.6516633555200116,0.3065293595231375,0.29338697171006956,0.26939317688750464,-0.6358301436646271,0.34631467888116085,0.26050559152688507,0.13257011948419362,0.16061724858039422,0.8654132224522071,0.21714455214357473,0.2680198770971359,0.38987017306223093,0.25070068310816146,0.07220590302522528,-0.4047384466347096,-0.9651403319703603,-0.2811784639667001,-0.06786716075918328,0.32829326046132024,0.41194540344172276,-0.16508599682202157,0.2810802468817105,0.01363100145592746,1.1382223350290632,0.18358534870768728,-0.008249969040268437,-0.42158200319882405,0.10765048000265931,0.05764871196263232,-0.8841145719069745,-0.14569292169356532,0.5437864847828104,-0.31260820379765275,0.370389246230832,0.183478710644237,-0.03828084628334203,-0.08595526610199715,-0.34053693660106393,0.4376342678632566,-0.02205217414234608,0.041663375751953204,0.48783967593564137,0.47831380774255583,0.24854568065831423,0.7681907308844792,0.5260233067338,0.13604992209336325,0.3025405509048575,0.4737639390883468,0.009468850992128464,-0.20196196974337965,-1.1672579179217337,-0.09799842378422959,-0.08299296373618283,-0.02346228460021987,-0.8181574038388861,-0.9784966555421762,0.11560138137294182,-0.35887545937392223,-1.0455036646571827,0.2773703932377229,-0.05669940427936266,-0.9269330207210417,0.14893954795498549,-1.1341426638049852,0.6937660718550254,0.15437993401696362,0.5270414580779839,-0.4140213261080242,-0.43467121993275637,0.12574376532223674,0.34964117282760326,0.3979104956211034,0.20694856287187915,-0.4100127963857901,0.2737857691799791,-0.17055989477018804,-0.9082791242032362,-1.0593999088057435,-0.2243822501890959
Epithelial Cell Colon Human,0.6131339461650535,0.4493470951621532,0.09889249727808383,0.25626219002246886,0.33328938141912845,0.5612812419768708,0.387292745920596,-0.05609873115310232,-0.36433920526701863,-0.7276058231832818,-0.12747680417070786,0.16752237640157575,-0.5509599870551685,-0.14463794413435024,-0.6346251512051425,0.4877106617413437,0.46052367465671823,0.46911871855827786,-0.24752474770004207,0.07305052649060724,-3.6046570868423595,0.09678426656019551,-0.12525128247170958,-0.7122701670949662,0.8199308913819552,0.29188745931181614,-0.31709841328489735,0.10799951491713264,0.4851032748322771,-0.8339702415771288,-0.14354462282122898,-0.3886979595426034,-0.11787340605948425,0.27579029682757716,0.5975074119283187,-0.31542978413122613,-0.28515012334365686,0.14828169759580506,0.5850476356023119,0.5486292172562027,0.7264822972417748,-0.13789984027107033,0.03996951311530952,0.5925370605788195,-0.15679012510721457,0.23176130448253104,-0.13958708525270072,0.18315586682734492,-0.0016558073439138683,-0.9154158529608843,0.15337643879360496,0.012842811260890057,0.006078792491175706,-0.47791979692553527,0.3855039052322498,0.03359321370737474,0.22949555379473957,0.2502844300723643,0.8299381131110728,0.2412886317430905,0.532328667927254,0.5599245817733266,0.7812911754189542,0.11978112331678846,0.26230732922841477,-0.06409325781375513,-0.17676814166511562,0.4466020974663419,-0.15894564877580133,-0.7036877613286959,-0.7523807715332678,0.22169325881525886,-0.22963419795289544,-0.5924304596319427,-0.11249159087259422,-0.2225921566774367,-0.5660596419801049,0.09920256988636335,-0.08170374335848685,0.08011905345143157,0.3593178665700041,0.3926934908924281,-0.1282045337824162,0.9479143238464264,-0.6432187111961427,-0.06915609157624843,-0.46525928578854087,-0.003869211090667346,-0.3226451711868932,0.18747318179469452,-0.5103687473651848,0.18553323382246384,0.3470860488646051,0.5244700217350914,0.11046616363073455,0.10469148460344636,0.33554359559909736,0.11574728141530305,-0.7769896393688154,-0.4000181776407101,0.043785314992990015,0.18859812115788846,-0.18015952538881444,-0.1430399961356652,0.2858461365556653,-0.08241776757861848,0.29115799222665995,0.17412556641088683,0.040976983520641524,-0.07019264249953078,-0.6134899684810459,0.004339843489776219,0.4120782437523315,0.16687359663232823,0.4267667009950563,0.6104331679038809,0.10220896849539692,0.310593567475032,0.4035760208259957,0.4289264876836978,0.5234789424507162,-0.24216489291132798,-0.8235734705341063,-0.24029348857174443,-0.26890975748611007,0.20005645897769422,0.0801279850812259,-0.1446404580508316,0.06778116141177429,0.07906900433548271,0.6245707629442661,0.5761014880715779,-0.040652562164615144,-1.0863844576329724,0.19898169497386956,0.39803198765574105,-0.7489911372352668,0.2585147034858848,0.09010877031023774,-0.4665136164497222,0.09661496707058227,0.20667609093122338,0.3642735646996126,-0.39845573336762813,-0.33553651008765967,0.32175697499319256,0.30870208181989517,-0.24383098159623373,0.5004409428137254,0.6107338429975199,0.1914079628937071,0.7104211396370628,0.333096827376315,-0.08528376721566619,0.36146513145024395,0.5634923048098726,-0.13921286849760095,-0.11793169752973948,-0.9452720687478786,-0.2549360922565405,0.03493538288499652,0.402907746037571,-0.5602325963190073,-0.6317561562927032,0.2875761002613637,-0.45375845348654414,-0.9806598564650515,0.29747111530499387,-0.3307486923269784,-0.673666112069263,0.12912709959803773,-0.9682108311376009,0.38400980323330525,0.1021300204097397,0.42911818903587184,-0.44214538350864335,-0.0540726952489618,0.3162943163106771,0.4389292752958714,0.19365365032237017,0.27192984915312585,-0.405649723813715,0.522806811148499,-0.276301627455275,-0.5856349528147337,-0.8750669084230079,-0.8951776875573848
Epithelial Cell Epithelium Human,0.44352316964318916,0.3611905452581783,-0.2423752853363668,0.3231898628673208,0.3976359121976149,-0.0685903655506739,0.1956964122313715,0.1040739425821181,-0.5651620773604497,-0.5004293762249351,-0.3382339731130004,-0.4250600743401108,-0.18138394850158657,-0.1744240167145333,-0.5807752943416177,0.6750004388471204,0.0914648268153107,0.08890023740907427,-0.40496520265823327,0.24376911176088786,-2.2351633739296655,-0.012649485326377429,0.013596147164483615,-0.4478155264894594,0.4091004772609759,0.058532902123305135,0.017172229025156235,-0.011971553562669759,0.4019625409645591,-1.0574127274724534,-0.1692850791911742,-0.6631249063767344,-0.1419558312594125,0.26737704724353334,0.2576635900589515,0.0316578379025677,-0.47760637050489363,0.14642877570053908,0.1760704564324852,0.38008204566800097,0.45014177768931124,-0.18372182783798016,-0.11228017949780132,0.2617500279666275,-0.11577232933386367,0.5181255691702299,0.039059527025664925,0.04107018636705492,-0.3291136625021122,-0.677383330629508,0.3041714136043981,0.21918566126852088,0.011408526062045149,-0.4042795151328396,0.1707220516268454,0.19145758164014323,0.4143305427065136,0.2529493528383766,0.3777344121756479,0.10505173139109318,0.8528586077136305,0.3397895345215889,0.6679654744953378,-0.7580832709098432,0.21493300573318472,0.008308465167587582,0.08331734608746792,0.5186205920322623,0.00027046133978017584,-0.69014763293452,-0.6018287686383524,0.1562760838599584,0.06081160848575057,0.17338494200621557,-0.19022748130978492,-0.002910940764130549,-0.32760519985366177,0.33586072376195575,0.2612401205840534,-0.1829159656161183,0.3141964065611397,-0.11486555280936706,0.08956547218802939,0.5983929548749963,-0.36529085901589825,-0.16065406242911642,-0.11683672784009591,0.005846333574407672,0.12112885237879516,0.2808402741770085,-0.5218894654214775,-0.4862153108747725,-0.09889892292990009,-0.04237083478527511,0.059570538301985256,0.3663986850469245,0.4654372129793169,0.3720805901988673,-0.5442960054626903,-0.5866522656865548,0.20010704363777929,-0.23128635663174735,-0.13571263958685087,0.03371001890497283,-0.05523641784954961,0.27021625780507225,0.1918932911410293,0.03592329866922144,-0.43432109632321464,-0.2089626864733302,-0.2461039994110028,-0.37068775438081114,0.4222995644544118,0.018350551340830284,0.3919580526347705,0.4811604674105811,0.20342932047209883,0.250971138920875,0.029105698399366067,0.23835915205252092,0.2251081004444309,0.05102987018502978,-0.6108217307471642,-0.1529861333707096,-0.012162689075180567,0.09618680129557348,0.27380093858904603,0.012064981482939904,0.17663617303022527,0.30558998381840335,0.4169863761634658,0.3703855600269282,0.00718009744801162,-0.9908213648452439,0.09408292627892934,0.20169048401015308,-0.5195285462060351,0.1783239676036107,-0.28239206687245,-0.10001974382143375,-0.13498053264760876,0.13100642276070615,0.4799103647515495,0.05217092273863402,0.00463414477829982,0.032266590910109146,0.2531246328720998,-0.3637019147835004,0.04534841957710037,0.113580157526645,-0.01231758518790454,0.16294763551282873,0.020951234961393034,-0.1410773642273933,0.3799652346555848,0.36914430865755826,0.17190455909357683,0.04367477248010066,0.01037205750720971,0.04320784328976529,0.2754703203263888,0.26642653965909996,-0.5869042971446577,-0.807758495498462,0.34932019060566727,-0.1434379956577189,-0.6618613424425551,0.4284400131994696,-0.16220035620485665,-0.760684715196454,0.34791848462325564,-0.7318528762565762,0.21653178798962772,1.184263085190809,0.2501390229533865,0.031679947853039486,-0.10441213377255748,0.9592393433962262,0.11521716442694631,-0.08801668720363105,0.08179433547094193,-0.1396352887554362,0.33223059467577637,-0.2493392204542487,-0.2802961668801913,-0.6241413466430871,-0.4614852804018738
Epithelial Cell Kidney Human,0.5586064118669427,0.2095833147867258,0.02352669852620432,0.35609493361186034,0.1813331862258955,0.01911968931658296,0.43529002041455717,0.20863829040164117,-0.7899029800623928,-0.7431276973050995,-0.28187647471921806,-0.1897508699143494,-0.04905859258314075,-0.05102729839372574,-0.7916109454762007,0.6256244412353146,0.12296221185061494,0.42314505280820663,-0.8175172208344329,0.2245724347058155,-3.1126522624347563,-0.01558650643621331,0.010318739373404691,-0.38236419072436534,0.44630358032448425,0.02865986398599091,0.11410116955975962,0.03489053666232556,0.31073391537443196,-1.1049799227987063,-0.4784392277974704,-0.7117146963251908,-0.2931093943711022,0.05725560857625503,0.6119539846328649,0.06380386122719518,-0.49413065078471446,0.0993720192679223,0.32324095975735195,0.3526952976082546,0.7393154854766928,-0.1348582591547975,0.01894492450227858,0.4605080412065839,-0.26563589788563263,0.001248900156204813,0.1801623604515739,-0.025225233033998137,-0.4028801893234599,-0.6452939498001516,0.42545710913669893,0.30682741286440685,-0.06413790700417656,-0.6940855867276221,0.159004283290046,0.16741696196606892,0.26885689486650316,0.38367679467609356,0.6663851690664914,0.19284100207544064,0.7624304337410971,0.5862010800746479,0.7682410117552833,-0.4849337715847203,0.10933067200562499,0.0657054340985456,0.052792929354950564,0.6373981502863604,0.1876870613922598,-1.029792390278977,-0.8285903853797298,0.13443361338795112,-0.3020031444512975,-0.2549142843341585,-0.22961730764356938,0.26014940436526024,-0.6805490192399736,0.2981241088970184,0.46268330083382214,-0.3211237158774223,0.4203327804280957,0.06922828973091118,0.28236653486795943,0.8690291374110637,-0.30846151585930454,-0.13708159613094914,-0.11850676916163487,-0.030532276765488232,-0.45137875425646873,0.3144333720035136,-0.8385917803662383,-0.2651435260677465,-0.08622114181148813,0.4077059439210449,0.11164192698162727,0.31755422351111,0.5507685081497278,0.3658188477682234,-0.8909741517395161,-0.3718519090640463,0.44663130954046015,-0.22547928758917532,-0.18180365233330764,-0.02456556099915547,0.1310407880792199,-0.010256190949037054,0.3104575936558345,0.10094251730047323,-0.45183969321533457,-0.05930390154372051,-0.46953176772500227,-0.2266832583235396,0.4527638079238396,-0.15414704716816044,0.35357784714003865,0.3542313162308893,0.38897945440798926,0.5210650482335745,0.4385123926990852,0.28283760458707413,0.2838696977922567,0.0727969198400825,-0.6799421985384324,-0.030705474800696533,0.100420360536871,0.07715365111548929,0.24345500890538857,0.03512513992086889,0.22633447593202885,0.33058967755314933,0.4642487719574105,0.5738088172300129,-0.03638356582124638,-1.0411483470656886,0.08798070510561513,0.4085609385620697,-0.6837270914328559,0.24411143603560898,-0.008674424535909697,0.003093530844663365,-0.11718200401424823,0.12344046670378529,0.6030472746733951,-0.1543057563458759,0.03523833595701324,0.10869142085475968,0.5332628353428818,-0.547732246554687,0.35552281647183437,0.3728128406419095,0.1626314139339116,0.5997965788999485,0.1540843015192078,-0.291479255568896,0.11560383047132895,0.5676164936719734,0.3329232670590458,0.26457778379999897,-0.6088476127930789,-0.10223117332097865,0.3813421959760228,0.3713198200478605,-0.44896375657000276,-0.896285049558071,0.42096222469633326,-0.25500221555625663,-0.887927560934513,0.6289165012984449,0.047696307154641335,-0.8967550328737388,0.2642416304284419,-0.8474697567984166,0.4099777918739292,0.18450972155138315,0.2367938836319082,-0.2694754112475547,-0.12266343634619631,0.43123651761735426,0.33108886307732216,-0.20214360640966686,0.13460776454745646,-0.12982618333352053,0.34455419058560116,-0.05601915818445396,-0.45714063208170336,-0.5369318236506874,-1.013807682331967
Epithelial Cell Lung Human,0.44573592666117334,0.4028788890024303,0.1451820212945072,0.39816530786041043,0.2747163189398709,0.21604700311160493,0.29159228561119266,0.04252362964345779,-0.6113019140683671,-0.4317315911559011,-0.022606561226905006,-0.08815929980667028,-0.3589408149539765,-0.1327864775815082,-0.5419408606786029,0.4637044887901988,0.40453041052686056,0.3549771685551388,-0.4638212890603036,0.25797168620414423,-3.1699197519704927,-0.007727168179042451,-0.13599157200219286,-0.4589563499392489,0.3319975691218102,0.25090802776752974,-0.10795066690086524,0.08402192872068008,0.2916176851031235,-0.789093664932942,-0.21679159901781989,-0.5766121221830819,0.20951110336649967,0.14861870384831682,0.4188302770089073,-0.27757254981184404,-0.24437792371616368,-0.03401621537203892,0.3715941872931613,0.4517313810349373,0.5608843239742596,-0.16922712155562836,0.1319935928564706,0.6118993074818393,-0.14319686581546523,0.06471808359734077,-0.16053712313410792,0.003639271003951596,0.001766216523618033,-0.7601480799983624,0.19507259991931025,0.09266014063599746,0.06694002898826089,-0.4324927849208773,0.16913233532619248,0.0638089748394862,0.24304664606021625,0.20691752647592998,0.7523016142433381,0.17118367262676384,0.5920021274681767,0.5217894949245327,0.6213631789625722,-0.11823275719122436,0.12068775386823948,-0.1484053475277998,-0.1501013359806659,0.6382526131587144,0.03436171535385059,-0.8794530924432816,-0.4896682249468211,0.1329371732269194,-0.2429014360255711,-0.3171383557662194,-0.09368213446168622,-0.04136307538584816,-0.4580416009218174,0.33510666610669554,0.043493551936421695,-0.3033377922017755,0.3005801770895502,0.3653281150813144,0.16918439326702217,0.811334661613607,-0.5823584849186928,-0.007403861679198455,-0.37039293813801594,-0.0796218796631926,-0.3203082026457432,0.13642580804108145,-0.5340021800577197,0.05453594516986767,0.19014604459097104,0.5363359876152329,0.12293513926199838,0.111477457155415,0.30489197554562675,0.046231888899943535,-0.7553994565683292,0.1055030266656083,0.127061651676227,-0.1373921444329271,-0.1643165339590321,0.09544707487361043,0.1242748900992231,-0.20457260126851565,0.23831719976549062,0.11743455799938288,-0.07010414513629576,-0.03786388232015549,-0.5082476528677646,0.03940594202468664,0.3198331706980493,-0.04997171639352643,0.2514899740694806,0.5390354943039963,0.17811486899841616,0.3077453167571777,0.26642899870264936,0.15461834574894817,0.42167973483033855,-0.25067333755082555,-0.712868804438538,-0.08850310615092732,-0.0029331485340671334,0.22043426121393017,0.27262413740599256,-0.11524889954377154,0.12446576524677797,0.14850663643486609,0.8386721566521482,0.28581986751118793,-0.10948697647036425,-0.8710834182295083,0.2406582145293099,0.18352921262637786,-0.5435361292252664,0.12079866610250212,0.03311113575655573,-0.16872373594836138,0.12208030003412931,0.0690057623887289,0.28929339580450725,-0.12520149421792914,-0.19266947794481756,0.05044054671731191,0.3484743221265704,-0.2909803562322904,0.5659847566060573,0.3509801361778137,0.03392388833127747,0.5175670497276866,0.35687287498598186,-0.02354221128125465,0.26153534234124887,0.4937610300883891,0.016037622650293588,-0.04029290020413584,-0.9232198276111816,-0.1032718466214624,0.05718953545755014,0.1362040605658715,-0.5544223584191407,-0.7899632278907193,0.3193132330548593,-0.31963497651786427,-0.7711905068317436,0.38636843750964206,-0.05854574360776683,-0.5501043422076354,0.17193684284490957,-0.7779686649906904,0.5297341623187566,0.13104782391971423,0.2743712076161128,-0.16778859480615255,-0.16904229782884772,0.27831173818190236,0.2795063870419479,0.027099430617501162,0.201112662293933,-0.2085576959273154,0.38762102137248267,-0.17441403506593164,-0.5245597234805408,-0.7609350878596796,-0.40346194730183316
Epithelial Cell Ovary Human,0.6867234411882124,0.5252777598445323,0.4558459881943276,0.8270614365275402,0.5662194815105802,0.6625129862236535,0.7646246007476335,0.062330924360811266,-1.6052805153754264,-1.2294787240040532,-0.4875206955342575,0.22473674935267476,-0.39927846984513493,0.20821973749789124,-1.752526376109209,0.33980034418717625,0.36675904976613805,0.6820559620343738,-1.5073959940843116,0.5864735449003662,-2.4744100261854496,0.36999935803636974,-0.47427062029277234,-0.7356637354833574,0.5733131414060942,0.20231927068832364,-0.02552103151964131,0.21192368876394793,0.3492280906930191,-1.8486540957086919,0.09587964171807445,-1.560068349323824,0.7864473930204443,0.30283323562330267,0.6824604839404753,-0.4154321985216897,0.12474049528274497,-0.19329189960283985,0.7780275298320282,0.38421630267019735,0.8605176010283245,-0.317681996502886,0.4375726696916622,0.7411693242494626,-0.35265235017482693,0.17940586798996705,-0.27112115478894483,0.37666388682792373,0.46700248806631695,-1.6536269113539521,0.5357317951208791,0.45169337935539455,0.39225955706690463,-1.0745324023356537,0.27416852242335094,0.1579461343561595,0.5732845907445813,0.3742499247039479,0.8966880150483882,0.6177369462628959,0.804619374442307,0.657313583522403,0.7586250663851093,0.2490771836474597,0.5051586145704788,-0.09414347223538991,-0.033498976916030064,0.7739672677283189,0.43297129891957276,-1.8782284012126864,-1.4645235208546656,0.25515463531641225,-0.7000236298693748,-0.6660668538875564,-0.4641385351775782,0.11007869576151415,-1.0233638583130804,0.31786129386074913,0.24620215689009342,0.09748881481824016,0.49517210849046844,0.573315960978065,0.36973290568355205,0.9352601530789608,-1.1088978642176515,0.3816953015908494,-0.6145591488418004,0.2575337790214244,-1.0995469081611084,0.31761714970243476,-1.6448728153728176,0.2622500157490972,0.479992852333667,0.8089597639320693,0.3528989223399449,0.15893109132699307,0.5615548543568539,0.2312891209567013,-1.4651021115923228,0.18447465592186324,0.061262063199884635,-0.6425270093793555,-0.5031165221325288,-0.04799360727077621,-0.14635423812749657,-0.36092182320037386,0.5589515278889998,0.5669983391868245,0.23644263259374715,0.3665514174030523,-0.8750970247266117,0.31531479617661273,0.5889814803844828,0.35253260448769896,0.5527475778472847,0.7243702063166592,0.3639603164390365,0.5191551336524997,0.6573448274488951,0.40544292593847264,0.20884187581399768,-0.21521217738792853,-1.8057145264540155,-0.03812374712582895,0.08117392476251165,0.32173654707528626,0.2651726279614828,-0.21611789096331296,0.23967290334044133,0.2460537996710965,0.7263197621283,0.5155374671116449,-0.10287693980205571,-0.49671776014650787,0.3854596745758675,0.40890367738952116,-1.5978009006173637,0.18750923585871127,0.33541202779636947,-0.18327895113860648,0.332445004119983,0.13643841177694768,0.4044109167209541,-0.11049944786953225,-0.3148290513285069,0.3451448255662657,0.33930316316186426,-0.007348935206207473,0.5495299172161325,0.4716785012656958,0.31354039214564783,0.7629655523384573,0.5878470917258107,0.16738901964296465,0.5669299990268203,0.6422712611098446,0.4055093793554757,-0.07842970105339186,-1.7633088961617083,-0.12459410421053509,0.10673362367652098,0.5763678225772784,-0.9866386790817471,-1.8222574197678993,0.5128639767431895,-0.4056298259156973,-1.9585881318276217,0.37755708148952877,0.006002723387977673,-1.6706292538714271,0.2081114971429237,-1.974930683615542,0.6935019029385795,0.5788206886386041,0.6457698287420193,-0.4050579564112601,-0.9025295819496864,0.03264941363434176,0.5992937597653764,0.5903973481817164,0.8221539319444235,-0.6306731822284791,0.42724917776987215,-0.029387912318121698,-1.4100974787740068,-1.0879178791348496,0.4205313360706416
Epithelial Cell Skin Human,0.6023313738661987,0.3780795731872526,-0.18440358891786002,0.5588625004906566,0.5438563863414695,0.3345396330713996,0.5248289994552247,-0.003171804094605035,-0.47355826104740206,-0.6651350592932883,-0.19329715719712226,-0.015440703617436517,-0.5498288775434392,-0.17669499330405658,-0.7982571047252424,1.0955445500278467,0.35163930054423187,0.5503997799101339,-0.5063798911722135,0.12311251874799166,-4.773471267614056,0.005906873870180671,-0.12572538969495184,-0.6782977076572895,0.5947866229486585,0.19421876549980707,-0.1811199771941359,0.04489359143457181,0.328385125604022,-0.9291434959804135,-0.2952846539138453,-0.5054911197917992,0.45591538033628803,0.24966894193055786,0.6441973602590356,-0.2117751454101608,-0.16838647864436346,-0.02154326403750146,0.491907584929853,0.4785655216733737,0.7621486578060221,-0.004363341325599391,0.17637944595896504,0.5845154995148337,-0.28819185906925643,0.2509380304890955,-0.2303277796457329,0.1382455938935282,-0.13411961123788013,-0.9158642370669156,0.2192892947729905,0.060658595370372305,0.03391600538146251,-0.7275521290291406,0.4427206359906185,-0.007798785163858188,0.2624797797452722,0.2827782200098023,0.7710454262602578,0.17674663849175684,0.6845173787996502,0.5827481673759339,0.8924006477903226,-0.10957940185248766,0.19776500022091598,-0.0896440884861607,-0.20218845432348545,0.7055556128537832,0.11486394739237465,-1.081930082864113,-0.738287157616752,0.32443966585061795,-0.2745088466562986,-0.37462000137672596,-0.12475184218621048,-0.13405307181958215,-0.7531052586786754,0.3181088635907265,0.3023657822627414,0.04273884104763683,0.2945365870997253,0.3762983697300377,0.10418639677153321,0.9930480429813117,-0.7633349312007442,-0.01183632895504989,-0.35549000118124086,0.044469867537705425,-0.32285682673035926,0.18818952885048865,-0.7482733102381208,-0.013301816183542294,0.1472371409478331,0.43519083356026866,0.21607744824562525,0.21407895725531098,0.4728913777613322,0.1400747988714608,-0.9469151982242526,-0.2674785482335384,0.18847276337252009,0.011325883769797464,-0.13370381654017519,-0.028915154851966652,0.10435432909408772,-0.112302789631865,0.30072690080535186,0.1821005133770936,-0.2491041653555082,-0.2293245874136286,-0.6564339398526723,0.003046081693180254,0.5227443695195695,0.05164552293138791,0.40775655473903444,0.6264657881272646,-0.00021100730970913503,0.2865674024806365,0.2898741570464362,0.42230266999014177,0.20973211171311468,-0.24088474707609447,-0.9775691897633035,-0.18960582858746602,-0.07290984671134909,0.16494285568331365,0.23028439403886408,-0.05594012094827221,0.1443976256889423,0.16189858000400112,0.7090533638772083,0.39472433741397667,-0.07226357077861761,-1.242251806960582,0.19176185179329516,0.4167090747565856,-0.5266871608920956,0.08333321645224698,-0.01507613975554009,-0.29375659907889085,0.3140264397467827,0.00778083951656067,0.30447938876859176,-0.24510083607651784,-0.4327369539950158,0.2183075467999635,0.2726745859548157,-0.3825951101845305,0.5510699280424496,0.4366665064429881,0.024849461752978974,0.5971850363784469,0.3751810824393664,0.20003862911728784,0.2930794620879251,0.680833386654103,0.14297199934909477,-0.13398821567553568,-1.2065341756904415,-0.3310091599341145,0.09024670227329976,0.5493371464821389,-0.6506199760719938,-0.8445669883191627,0.5238035731070819,-0.3392371571196269,-0.9622501020124763,0.650811413792925,-0.016778840166995438,-0.7757357343745599,0.295656978060264,-0.8952787848583249,0.48755669322234857,0.14209750552225212,0.7194028379433192,-0.48856885155591373,0.04825269812594683,0.42409143535563737,0.4654741344687983,0.09172357902225398,0.47903776768653544,-0.1118898497466963,0.41295380121589353,-0.17689640693493905,-0.5739537380596169,-0.7556010768293645,-0.912035092998645
Epithelial Cell Stomach Human,0.8774963008004867,0.9285123785452168,0.03242255100964526,0.4398432760256646,0.9858072873237074,0.6539279207617177,0.3423868486321995,-0.011386286021878122,-1.4219141899859407,-1.1033287850586688,-0.6068730757495631,0.8627224786614048,-0.783837591577813,0.0010228134786603846,-1.3551183134623717,0.3479226862819922,0.5582575684476686,0.9298516130316027,-0.9837835498173142,0.11914766552277402,-2.4336866712802823,0.14156940879361515,-0.5064285682550921,-0.7351938023217292,0.4908771578608256,0.4459751638296788,-0.3532068309677908,0.2505814227067324,0.510369588923795,-1.390061744759144,0.19093617070373023,-1.2440530094727258,0.5766086082718195,0.07857066075620363,0.7924148628870608,-0.5161691636094518,0.04301516246707155,-0.11379167928612681,0.4190034732285091,0.7526205300710657,0.7312866891140688,-0.5916280790838047,0.1609539027675364,0.5620591835383871,-0.14760699856443835,0.16840834889701944,-0.3733724284626199,0.3210795877786869,0.40549547104928846,-1.3804440675527485,0.09343611922587325,0.24727407948363872,0.6988433375406784,-0.9893115759469765,0.383785574854919,0.006525580613429767,0.4152106378022232,0.13543387116219813,0.9013600386242823,0.1643989212281975,0.6702158262489634,0.5621791824020314,0.928574592509641,0.9037034307869014,0.3391390352091315,-0.21372359317603337,-0.1892408316664898,0.5484372793838592,0.16849148449742482,-1.4200115759465786,-1.2297998417625369,0.23883109580749598,-0.9895471904258321,-0.6851835166506184,-0.320387047424521,-0.04115254599035186,-0.8188642553704509,0.2068706200336685,0.018112424950659105,0.4816393740715009,0.4324342442935719,0.46422310983873255,0.5684774416145958,0.7326886070607658,-1.0199901027217584,0.1429742710100232,-0.5572593698351951,0.03358601352712841,-0.501362145700624,0.1276350366444172,-1.1489268776238162,0.6402531475752774,0.8084380768630395,1.1876574054755573,0.3022186842611497,-0.07936512719904644,0.3438437193538357,0.3067532308830253,-1.2909516647450947,-0.057670111967881396,-0.08689913602728905,-0.5888015578202536,-0.5406875407665663,-0.2027031919982619,-0.5196012167640578,-0.367510684673367,0.3727938409768669,0.4869654956722326,0.5559584698612784,0.48350626763824034,-0.8216522006539908,0.5184658809827164,0.391667532466867,0.17876637103255863,0.36832930017038634,0.9882349011509932,0.6907348850674424,0.6777273129555219,0.3725612810340723,0.4878883050261237,-0.09568260543155616,-0.4142242729995507,-1.2555357785280565,-0.32253029333937716,-0.24087393826956527,0.6660477914859102,0.7151658159708487,-0.4552074840383094,0.2539422262971784,0.05515144876716505,0.8423587641948238,0.8252791044198832,0.08507960968388686,-0.6123833449295655,0.6199093751921484,0.3355730409225785,-0.925243042906209,-0.1665327485769705,0.37465466293983124,-0.40143290886477473,0.3034099911879884,0.7035676543858858,0.10915522990696844,-0.2601242159571136,-0.5552261114504904,0.6718879158756371,-0.08695471960806624,0.12900614208774633,0.4538274180261501,0.6568069635174477,0.42417678673965425,1.0074202482093735,0.47036703711941774,0.05808283838559166,0.7241073630854454,0.6485673655436354,0.11942219005480001,-0.37680235463699596,-1.2533580122623775,0.05116459364975494,-0.06292622863349669,0.11447326339480789,-0.8169611912004312,-1.3848621578658051,0.30114416899778224,-0.3899421139988806,-1.2420015159457396,0.11703896840610085,-0.1304139447022555,-1.323153216767515,0.10050143950835423,-1.3071539629675633,0.6909424988104975,0.26073732398019167,0.6790636261931219,-0.3896832653848383,-0.8282789105357311,-0.11457687810449187,0.44771608857550155,0.40766261870027254,0.13053956941874545,-0.49567250495540394,0.1934085762740319,-0.14282278320317116,-1.1231056443666285,-1.0317589269567529,-0.7078390254153393
Epithelial Cell Thymus Human,0.8144172100013541,0.4527549875560663,-0.1246849500992103,0.7599320655352396,0.7720077658957282,0.4432445599015929,0.5611523897967092,0.06146691600040791,-1.1381326701896881,-0.6722488141912757,-0.5113070578255452,0.10226117487890773,-0.6431292392656068,-0.07719094443158807,-0.8975135678557116,0.6745880822149883,0.5550629676330872,0.542326989787484,-0.9124075585173222,0.48049722186910354,-1.1809897847858644,0.3616099292391679,-0.10724837155751328,-0.5953481141532627,0.43980361383812105,0.28830373805114,-0.3055712584548166,0.4058819578037482,0.24442842421920488,-1.3935057076586241,0.12445213759355545,-1.0060757025644236,0.1861999856971831,0.2565146741725216,0.8156916665136188,-0.47719809940398833,0.037031653796522714,-0.24961595886993954,0.3049467217911444,0.35835405454865504,0.7578003147355031,-0.3860444339252408,0.3153581969501572,0.453342346341885,-0.5374944576581205,0.38929709517439987,-0.48088385096874464,0.34871247441200626,0.3614077731884972,-1.2192394008009577,0.33518783508517686,0.1385077743531129,0.23935693913595585,-0.5874901419514431,0.2386401664277326,0.0666567933354179,0.4517191859172798,-0.05723859386569563,0.44660345252271283,0.5153310199699044,1.209151674430836,0.7768939135566585,0.7490836564548802,0.27235442909845253,0.35428970454936415,-0.19899122291983667,-0.14752053304326693,0.7926032657334701,0.026478551210127935,-1.1545213466218063,-0.5296359004845438,0.09488863898198621,-0.42733294603456934,-0.4562334680649759,-0.12912780250863906,0.009983212902866473,-0.8425391729918491,0.1596261021072796,0.013352209723855582,0.07135245518986125,0.5164992713244312,0.34449590324940665,0.3304147709048914,1.2446545706200607,-0.8638324539450682,0.162657981686986,-0.6290681255723316,0.04534897875077729,-0.45776495494721087,0.057171432620121705,-1.0028236334794725,0.5187379901225978,0.22781186003914242,0.926835626506701,0.10025034159980889,-0.06682639656206163,0.23755626972401156,-0.023641089420094404,-1.128176401741667,-0.27468392376630063,-0.07308965326966008,-0.33528959466900576,-0.3316772393249549,-0.31800514938018537,0.05149814383738785,-0.24134314272892293,0.48360115736402776,0.30857901683316336,0.3133653772372455,0.25374155952696825,-0.7395645140573398,0.335994799293152,0.6609915361682284,0.21390160742767397,0.2819806019636778,0.6127543973073687,0.15921218253257313,0.2263013764540011,0.5862606827221808,0.3728791219707165,0.07106271315615023,-0.5022938874929258,-1.4642847785688695,-0.29950376625342623,0.028401867513061552,0.19171288969270808,0.5160499218565148,-0.47593006773846014,0.08290792699184525,0.15172562083897143,0.198772115826061,0.4933224851768396,-0.12285765147671168,-0.9499489003837496,0.242817324551049,0.29434052292039553,-0.8751013912847155,0.023548126872553685,0.1737875125153396,-0.25890523328780396,0.2007554674512355,0.260685445607613,0.11178507223874436,-0.06496676132132762,-0.6079419578657015,0.4012379907902798,0.13133002374339575,-0.05000883253296205,0.2695864574013811,0.4093023400317998,-0.08858065523650285,0.7341604426751375,0.6414844473001735,0.10379470478332273,0.35631244711241516,0.3572904774273194,0.2483291064159834,-0.32349471389064005,-1.4178439974414192,-0.26554446569215456,-0.23638904599552607,0.22435047478682524,-0.9717526036172855,-1.138151371624091,0.24752541566990557,-0.515688670763038,-1.4513492761671571,0.12447950174377544,-0.19184211944631388,-1.0502080952485937,0.2800952921304811,-0.8891533365487772,0.5713347958318366,0.8974909464895624,0.7969153094694958,-0.4222144909669841,-0.501937683640513,0.10234129878942265,0.34929170770628226,0.49613204640492226,0.7411448834107349,-0.641677575774894,0.29230288505926405,0.07827489930407586,-0.7738367258400594,-1.0631627761681217,0.44622864149827807
Epithelial Cell Thyroid Human,0.5526522497313465,0.7670875206163154,-0.2688818525462349,-0.03182994631227862,-0.0012443544201337458,-0.12883335560608197,0.2257806335633508,0.03794434851994532,-0.639102664190606,-0.3882612037723521,0.26238191614005935,0.5091922202206658,-0.45739848679490375,-0.3253394615664222,-0.44274302621426687,0.9126535713331175,0.34363615208288173,0.6445412969497225,-0.46889673098031864,0.029374527291570595,-2.026569158803051,0.013369046948009453,-0.17111172414702244,-0.4633043435713578,0.3921866804292113,0.11945439298375994,-0.33971812227818354,0.003947159744110117,-0.03790396966589532,-0.560592042214373,-0.7169837648364061,-0.4446279664908191,0.6212727097967401,0.24161039357841022,0.6607941137508769,0.05999110863898529,-0.7257588729307377,-0.0204536680526707,0.507881025311714,0.6007729228516175,0.566613517431219,0.04934743076565886,-0.15870724020535565,0.18004581781007076,-0.21823680289005085,0.024777762229326733,-0.1388619242913601,0.03899545272375071,-0.1167466633989323,-0.5529876070001817,-0.006555588454770177,0.18364263154432717,0.17447388190872015,-0.4129703119197585,0.42673169730689803,0.059075609585044625,-0.17563206143352328,0.19108971973641975,0.38567865305646176,0.006996850977970953,0.6311240616577289,0.6583868652350228,0.7209809270688115,0.25535545901422946,0.17821013259751728,-0.2467052400004914,-0.2575695213308354,0.716868440701799,-0.010264659411279678,-0.7131755225493507,-0.2731441994895747,-0.03671817124565289,-0.3249417469653132,-0.537261075344317,0.09184238662065765,-0.2520787675342929,-0.6654968366993463,0.3785457474420946,0.06558265049043131,-0.11110763658613214,0.3337344594779406,-0.18142734848544692,0.07911499960588146,1.0447548458153753,-0.41447416700141027,-0.20780397106844606,-0.47790442990506005,-0.054931337446059526,-0.12011509586964593,0.4579454561820504,-0.5454062545851048,-0.009820563751500824,0.33721683603355257,0.8133880192327322,-0.09153757871419001,0.34270153775741274,0.2862498675744877,0.4202693786967844,-0.590581749847691,-0.38570239542393775,-0.03943258413841099,-0.08766772064759165,-0.32825541209877956,0.2489838474750761,0.0033370224762235834,0.06709261722783233,0.13216982651773387,0.09712086907863134,-0.3209770959552821,-0.15960192353181737,-0.5506560027093568,-0.4771701809630464,0.6246760559222017,0.0493854524052157,0.5463713525975123,0.5696562980739349,0.16977112828423033,0.39302951314047113,0.01848451737040917,0.38186145017954404,0.2949758178185803,-0.30905794634149114,-0.6967061176900103,-0.6187889712409315,-0.20482784977749588,-0.08587195918904385,0.04591050441382355,-0.05107558069100856,0.003558210791012678,0.30995958594523226,0.31436773671832646,0.6243038343113771,0.02668865897362746,-1.2101496304991943,0.3022622003273849,0.5020536197000659,-0.6573151767224132,0.036421836078931034,-0.25433877090558454,-0.3118506077654719,0.04141511525254956,0.2527177621737901,0.577149473108996,-0.28828618638280296,-0.5296183206265492,0.25726264654823816,0.2504351404494945,-0.6195478596930707,-0.0932977044681283,0.22556024136344846,0.4847377641486035,0.4620510116216822,-0.1377302733869353,-0.7250963007306942,0.18662903516554344,0.3879361255723406,0.09307526426026637,-0.12031002806642033,-1.0070844219235355,-0.22740926310286316,0.07547587746618571,0.3263961098761962,-0.5932193845308534,-0.7784460911459113,-0.11231948506799733,-0.6023809105623416,-0.7424714721236354,0.459067866709157,-0.25517264536027123,-0.4211189201486019,0.46185658064198787,-0.09250680030288856,0.368001023627285,0.5129162782417226,0.42577200224250017,-0.29157817415786297,-0.08908700807770935,0.5054665415140445,0.7234326455820147,0.09022319372089833,0.6029792143744873,0.27159770797698424,0.467460354848598,0.3212577535788324,-0.3629206933032905,-0.282152512466943,-0.5156606019165261
Epithelial Cell Transformed Artery Human,-0.04475468925393736,0.0014755646788175856,-0.44633758170145665,0.041518560102393055,-1.7070643883866183,-0.5030787153303211,-0.37094826811178894,0.15132180683860333,0.32308511960893677,0.2937363732570675,0.6325769519850162,-1.5508745689256636,0.3245029103356982,-0.14894143084243897,0.855342708755066,0.8949731100717196,0.7539992291186793,-0.16647151073119557,0.45230648721835476,0.0874441393696071,-5.255818138975542,-0.3092977501232965,0.47279828993473544,-0.06396015268970778,-0.11625906526611697,-0.41091226827720584,0.2968042727735126,0.08785955722038705,0.6188485244083843,-0.029991590984448827,-1.1310279958508966,0.6289957683774077,0.3316142174334759,-0.07769306395052346,-0.0987264086500843,0.5232491514613522,-1.645227732118971,0.3705593130224498,0.39088579274884594,-0.04356753602066264,0.3911709711129667,0.47008076107242275,-0.4090516459668599,-0.6109925429788863,0.5328428969982013,-0.20617693401728335,0.3643334259371222,-0.6236376480612605,-1.2330602178048482,0.4706559537375109,0.22202404694237882,0.023523253600149577,-0.08005977739285303,0.38871449425125176,-0.1859891669051582,0.4279615417855463,0.05720397839853178,0.31102570884010183,0.8336389085495655,-0.24666315659363455,0.9374937067806481,0.5664150391461542,1.01837055858381,-1.8460321423195896,-0.17685899632824748,-0.06467326064868907,-0.15841893223902567,0.5629267942724987,0.050484109569699294,0.19498003348023166,0.5613219003794158,-0.41530767458069406,0.4797122280530261,0.2789741369709676,0.6448392536984774,-0.1531610811827217,0.22708043856424454,0.636960178414717,0.34600148517359564,-1.6769282960652199,0.41577278594863615,-1.1250433620460514,-0.282551140868296,1.5595840659027789,0.3999439223755966,-1.0323453319095384,0.42357746679102226,-0.4469613867926733,0.5330106579986222,0.07787594089473607,0.6485543208810798,-1.4594063198013933,-0.7143985794583463,0.052282910916683946,-0.1604497467109117,0.5187369468847716,0.5798991332064748,-0.032590633753475026,0.3502749085879882,-1.1634740988430001,0.6508748009449877,0.6037407624077233,0.7286931807265747,0.3830838769382241,0.8895456187137876,0.40676085976771553,0.014619259234803419,-0.8285173502711146,-1.2090542425215771,-1.2827219881209944,0.13645090511441138,-1.5844408178364568,0.477426894033676,-0.7934522826254247,0.18971383966876854,-0.31729890371763086,-0.3449611666227311,0.14324821068137744,-0.11220780264976755,-0.342308704107096,0.7139302470665849,0.16171255694627618,0.432715506374828,0.13869892955901442,0.11923488590025867,-0.26851382867343104,-0.1198452481410808,0.4329993841098882,0.6177744653740826,0.670445642097304,0.14127968610174,0.24454638544442028,-0.03577822294073765,-2.7487419748269906,-0.1142695468661295,-0.07614396035525627,0.4540668963504257,0.3115961333645296,-0.45019204365407817,-0.05153969586893165,-0.8055952140174341,-0.3250504331707786,1.0877815398316626,-0.17680914779575832,0.1955532624596294,-0.7813909911694474,0.5219051662190606,-1.917230021588052,-0.4358108655668838,0.043927101254575024,-0.57043908841116,0.05707860506887558,-0.7258548813736108,-1.0433922223937708,-0.068643860179003,0.31185584655428766,0.5221408443219019,0.4476924710013972,0.3053765642636885,-0.10309499606780517,0.2776002199049137,0.5035483566701602,0.26876687335975397,0.10871821857823719,0.1727148741833263,-0.31435652898697686,0.1314638656819272,0.8555263975734824,-0.029075111616963245,0.3673428693607173,0.415162483701781,0.6522184728663507,0.7460828947664413,0.17213763560390696,-0.20637204312926039,0.2445196217028707,0.793444027317679,0.9629151344485432,0.2318212236322633,-0.34256451639616187,0.454065821169985,0.8310665588965792,0.5557093722115809,0.7004649428347817,0.6310017420798444,0.10302540036490725,-0.6770814171065642
Epithelial Cell Undefined Human,0.5866608632219161,0.48114530184007,0.34396237821144804,0.5939854664174633,0.7710858916364728,0.40464747894854974,0.7407861739858277,0.11678982686596888,-1.027979078437143,-0.960050758648694,-0.46907650086061126,0.08527845737862728,-0.5865597371392333,0.010818467755843443,-1.1279981999043085,0.5311786545885213,0.16953931220212035,0.4550367515535916,-1.0401799026028595,0.37782120537642727,-3.8491201663049663,0.09195049532874862,-0.2009362127455746,-0.8848621556139439,0.5919947074498325,0.1732764831731626,-0.11815172955003117,0.027991495310324268,0.29432528417171727,-1.3837453431550044,-0.08406703395673364,-0.8064024540430651,0.7964690906299474,0.25194091900577453,0.6500522590025485,-0.262291571390781,-0.020553774575348606,-0.08178785026869873,0.6192337475336016,0.4968702487361059,0.9484338968425632,-0.2844695424760792,0.37178432306363335,0.6573320479496307,-0.5634239398453835,0.05996131048187312,-0.18251171260801946,0.2494111964908847,0.15335755302306497,-1.3481921607178529,0.34707341318836105,0.2019960591540232,0.17584880262445168,-1.0083072595261748,0.3470524782474707,0.06292938882515968,0.41795613511291435,0.4290635679942909,0.8968149765514163,0.41927473682341554,0.8487325601534816,0.5394294756089922,0.9084450032307454,0.012381288680378456,0.3252878165876677,-0.10911655574878955,-0.1973298475652842,0.8026559637718542,0.1654300544756408,-1.4694658820580067,-0.8239317173690928,0.18604660870999587,-0.5805537646176829,-0.539599845934869,-0.3377059999450382,0.024418913722893974,-0.7932553848687006,0.2407057333460525,0.3151923643408316,0.08042236098496597,0.4684663725561466,0.5451685208959449,0.269507428204935,1.0171986810493827,-0.9275070524096084,0.11568166710577382,-0.552135554251553,0.07309545915165709,-0.5814966870924599,0.26072044992723714,-0.9811063739596446,0.01053339015382062,0.3424949531216143,0.5438296805032397,0.1588954283555985,0.1762115554924189,0.5456084281966618,0.12623621930818413,-1.0604576709976057,0.16179665343851013,0.14510051176476194,-0.3132854178454496,-0.3712011307768238,-0.039079366952136235,0.050176386398023326,-0.2529959243229381,0.4182482159679802,0.37730335154488887,0.02604078781866587,0.11093557279834704,-0.7385431113897559,0.18967261710413855,0.5666406765793442,0.1911154735642719,0.4076398860919665,0.8713707265303984,0.24717423407114864,0.39937272323272544,0.3831597167835639,0.40404755633253014,0.2934017693083109,-0.23018318686518405,-1.0807741563096533,-0.2072923773053796,0.03624981658404982,0.22224256967940026,0.330719502843607,-0.18835416898781904,0.2327266781161426,0.2591349722033732,0.8566800786263928,0.5413876523123107,0.004632564269651882,-0.8142692733595727,0.11987721507988428,0.36907525985909223,-0.9748716390719351,0.15412352044342265,0.13820272195129518,-0.3205534440023214,0.21614690509126044,0.015341631075347261,0.42854163662646394,-0.2074473204853086,-0.393194494280868,0.2951322327838638,0.23262283367285852,-0.0591370789833603,0.5438905905376094,0.5099230117660938,0.16089717663988526,0.696060321598953,0.6669530852772748,0.17150969793365675,0.4774292134230864,0.7120762096832497,0.17675291542700813,-0.10619945800428895,-1.4213439072079788,-0.286405291444352,0.1288334274531038,0.4773069443220795,-0.8267282120730397,-1.459321581657287,0.5052095206266645,-0.31575681193766986,-1.2106892560519609,0.46017446713996607,0.01895767592664779,-1.1492617374103282,0.2460670674889321,-1.181766932305324,0.47483490361148406,0.29859603752793656,0.6198019019929352,-0.4708512839066446,-0.4136516764502374,0.23370242585837528,0.625127959962321,0.12358845361283959,0.42124398726763945,-0.3233282858807125,0.48190005399209856,-0.10525802378734529,-0.9061225182640648,-1.1573924988939182,-0.6612099365492216
Epithelial Cell Uterus Human,1.01740308223121,0.3785664025229752,0.6639200163321038,0.576317367761036,0.6111808469721206,0.4929904611110273,1.1019575691828247,0.09465159725730263,-1.211543747678821,-1.2991060385735342,-0.537001133219629,0.1892872542223916,-0.6455333375455413,-0.06128230671797993,-1.39963390364592,0.5000060085925696,0.06581173368946962,0.717560557933731,-1.204906378221448,0.674575712384515,-3.5013201311968447,0.629533311373819,-0.391835425930764,-0.8561847986702158,0.7741402522938089,0.3833264891275138,-0.3482966769719951,0.175389552905626,0.37475155543777294,-1.7498996820798585,-0.16289008389585755,-1.0830996452215678,0.44154516697788637,0.6270465657479984,0.636205144613843,-0.4361860478620151,0.31073924852094953,-0.32778928763462256,0.7192620051511003,0.7437420128053669,0.8184397188799083,-0.6275985925396091,0.3620337456672254,0.8769930260510982,-0.6183524647980827,0.6169389604060743,-0.00839787590675327,0.6296294418442734,0.36633995374219835,-1.7416844613393028,0.49005065292758265,0.36318826552705813,0.13418778408676382,-1.1610966283868984,0.5965577438645162,0.14439827872268826,0.22177087943276647,0.1993937384756536,0.7932593134469651,0.9047419781318925,0.9325410302035123,0.6024912706852404,0.6388802556448022,0.14358664213362435,0.5552938721518259,-0.09958560717546086,-0.07361598659912404,1.1139500691809137,0.45085674117760133,-1.6176626998201562,-1.447880713707979,0.4021649231097341,-0.5615615629818793,-0.7935285109292421,-0.47249333680902106,0.12490868744108898,-1.0546293700564304,0.18582409088406357,0.023209746001384788,0.42536004715034986,0.7537963490829774,0.40086281171311616,-0.04147807524167196,0.8279268996410984,-0.848546975344856,0.3398687979797784,-0.8302934892642239,0.2849871411426367,-1.2392120612305584,0.06409557891994365,-1.3472058211988363,0.2924514586505555,0.676897134968171,0.7740924864225569,0.20365750242745367,0.03283607463591184,0.43704663959072326,0.30626636323453854,-1.4759992221651683,0.40370467284800016,-0.1959080341405535,-0.7615268038929931,-0.6637875687027153,-0.3226247765184683,-0.3018434337245774,-0.30649807071614615,0.2391763506326814,0.567459588140246,0.20845232169795294,0.16219854599954456,-0.7418829571939485,0.25974444435861443,0.7141254052721132,0.31763007389728953,0.9705069448205987,0.8255107648702106,0.21930470565396856,0.4656485534276072,0.6709983666106197,0.7280955834201962,0.30231925257065645,-0.31940908485092934,-1.6761564142874072,-0.66111103924319,-0.03374343946796294,0.33293007500057953,0.4257451677111926,-0.5170679565043697,0.06514193818492663,0.22054403999424868,0.8958370197033253,0.6949074178348134,-0.18020788450714095,-0.06406222049595296,0.25512038542967014,0.7707540036868823,-1.3982703927661755,0.06428463912869363,0.20419291427440886,-0.31743975344947317,0.5048647402916171,0.3657378743473614,0.30311556867774464,-0.27159885179856386,-0.3000255914387333,0.8015930936718216,0.21526850204240863,-0.026628719687081557,0.5573919762305323,0.60251941130134,0.47030473229708863,0.962728955009638,0.42955006001911833,0.31510674594432764,0.6793904571357138,0.612556353316939,0.07767260244423103,-0.33198660113290207,-1.6921888851890026,-0.4328012929228451,-0.05285192967641251,0.690844952323527,-1.088407697923508,-1.6915354044389888,0.5468305505986901,-0.5024014590757508,-1.6220554822538897,0.3173556758356715,-0.1940362360627255,-1.6400961335504918,0.3413227532559865,-1.447485211227516,0.7294363380670598,0.503634616046451,1.1150614774407803,-0.6629972520225281,-0.7773503146686945,0.0777519067146357,0.8072186449576705,0.7031962307242193,0.5606079604571493,-0.45530882328967687,0.34090717528335807,-0.17069158372352247,-1.107277529286965,-1.191391303655679,-0.6300003260839334
Exhausted CD4+ T Cell Liver Human,0.23465770809137682,0.3020495828661545,0.06758128012611296,0.060071775524840186,0.22659917873624086,-0.12197220478658305,0.18795782752182438,-0.048024712341974675,0.2939312270349598,-0.5367295894836066,0.2415732134574193,-0.416611685613646,-0.44202197990640485,-0.4461698869963639,-0.08200683346079969,0.9413799674170422,0.450018210113385,0.1404492897253223,0.10302138530313491,0.11974719457006099,-5.583415288575966,-0.09406109958768112,0.045798991578550566,-0.6397294646539691,0.4470785451468129,-0.06337424531549815,-0.20240321839713585,-0.29806961667990384,0.27958206512431305,-0.46510339735281464,-0.6723542135226052,0.3112381061293968,0.5082079380876255,0.5218310940931803,0.4218010637034929,-0.09779869144106385,-0.6388021851418525,0.3555693932431985,0.6230386498934839,0.4500714750305479,0.71625721214926,0.03316507854756516,-0.19152203284758293,0.3555208009310645,-0.11503896990929076,-0.05911553488951286,-0.039634652217105965,-0.23227388593292453,-0.41196660707382693,-0.4357215680450872,0.07513675264152281,0.00874456903984245,0.008564057784683372,-0.04759697571726542,0.11038605113368438,-0.044042535240146945,0.3279411760899631,0.5235821873461177,0.9759891243719948,0.009740551956576566,0.8182948794724745,0.692826926169137,1.0355057776518186,-0.6218542951439431,0.14570395076109832,-0.3232701310062578,-0.36483531613350884,0.730057818062797,-0.053748684568681954,-0.5204404791425578,-0.002229883024122871,-0.14209266116982716,-0.004811596408614996,-0.36125379866534635,-0.11211149982867366,-0.24202332997464693,-0.3612599235311501,0.28286412161878227,-0.024948800653238897,-0.5099076122590576,0.23808776587344455,0.14497434096199358,-0.17796836692048026,1.2782684151169028,-0.3902762766020167,-0.48539298462287755,-0.2629710341214062,-0.2445621846648393,0.44099379809114636,0.060359916488415995,0.25466342622683114,-0.5642259605586049,-0.08325722597438431,0.43171226201210733,0.11098279996525331,0.3199037896343059,0.6172191355387071,-0.00783667902818562,-0.23705979122288073,-0.4862286638913798,0.2879834230011896,0.38494741274960265,0.03017705497109111,0.08022859181986873,0.7744798235054767,-0.015553215825073855,0.27852220181499154,-0.03442987051365059,-0.592608241854797,-0.5059514598658721,-0.5795063228549454,-0.6159630053044323,0.362481321488612,-0.37923607520594926,0.45813643723684394,0.8032260538791124,-0.08730792792902885,0.1833170762859708,-0.09853747112094777,0.20596729062276647,0.606516067870575,-0.1546421615662654,-0.1434008062914861,-0.3902859331038676,-0.28152906509211084,-0.04111805108494202,-0.12025943685901817,0.09386921291065839,0.20174274373807125,0.4260344547410536,0.7218340227946508,0.3870496618571546,-0.28225183305246176,-1.5494950962445353,-0.17345089089022706,0.1785497389378431,0.04017854021481912,0.26917212578986455,-0.20833620078799592,-0.3738749304999666,-0.21934778234942048,-0.18001745443266723,0.7997764011332521,-0.45779340353777587,-0.253176240740862,-0.14342803448758804,0.4088733396059471,-0.8894663046726324,0.15231645153938816,0.14760220653385264,0.014269577788441052,0.445555917200717,0.14889960593070345,-0.24025009291513802,0.2028199537952709,0.8164566820549986,-0.05812783021327406,-0.06889831067000678,-0.36829002647416864,-0.49341236932717564,0.1235307647941097,0.6394244248823816,-0.3371547688065316,-0.4616885437174106,0.29724265025280067,-0.6205615511405359,-0.4309594729965371,0.5881248112564548,-0.17496381888258072,-0.0051311355493116355,0.14326034503434,-0.27511654637710925,0.39674967266321787,0.08504067185254642,0.27770535117883316,-0.316198293910206,0.5691232005421663,1.0736107197696114,0.43151133920478946,-0.21236679272818174,0.3721031071565103,0.11863004442450882,0.6171401092430366,0.005474004598400891,-0.01565916217060339,-0.5143472833741732,-1.3561349871536827
Exhausted CD8+ T Cell Breast Human,0.2338351548705524,0.04113231249709801,-0.04819383276190115,0.1777583528115998,-0.7466010861927596,-0.4175716862454995,-0.14396590510284182,-0.124224776555383,0.4033599155272829,-0.12994988994599022,0.42534648038709233,-1.4323065254935754,-0.3293740118261434,-0.469823885299149,0.1741144403033641,0.7807715936747072,0.5354870607851796,0.20110718199700664,0.39387831676719226,0.05278194888953958,-4.557325567847957,0.13711702843344473,0.0965964679816127,-0.35059559335920404,0.04235052400761969,-0.21274542708716473,0.07670249590510582,0.09333081152291078,0.11986121782144075,0.5009036628187854,-0.9822273040851153,0.43356122200683983,0.19950382296496272,1.0845799687220044,-0.05190884318485919,0.03401030568954934,-0.9702678846284515,0.2864953714422303,0.8594381403201771,0.3260759766725081,0.40095060027890783,0.12554077959916618,-0.4756128615268942,0.21538530408121406,0.42799757628435375,-0.07390286041552728,-0.2837487299034584,-0.494323312890313,-0.41381993613680174,-0.15959647929502394,-0.08060209001653189,0.10129129168590613,0.6245213603069683,0.48043988839620777,-0.11657327186479445,0.4185554701404726,0.4836252781662083,0.433748408889693,1.2819743514453763,0.16842638853570532,0.4655172044028963,0.9128746020072779,0.8373808334887861,-0.6003678626835448,-0.008827982978833018,-0.5682923189552658,-0.41236677699540353,0.847113845008455,0.025881826401317715,-0.14627368994267745,0.5815576281575897,-0.3810351295952414,0.41450166979851355,0.03125363204795737,0.22358711861274327,-0.4619600653445273,-0.26345499582786797,0.40770365459571917,-0.10355336779655032,-0.9062436469600268,0.07798848067250579,-0.2696481106533074,-0.5577346954095594,1.3086438215740148,0.4484541409740475,-0.8584954794239631,-0.037539814490731745,-0.48181090250622466,0.30704183206374835,0.04077718481665572,0.4979296365070753,-0.640726752790399,-0.09549423981505523,0.8746513295550331,-0.03419739550488395,0.09343715694473319,0.5442726947023683,-0.367913093692009,0.10032546649424325,-0.3549912986228441,0.5672330868355945,0.8799513883925862,0.35805055489361265,0.3497943780553976,1.3395046072458572,0.45002880680227814,0.035579457967504655,-0.37943315968972535,-0.8935676549489733,-0.9160117208200664,-0.5469963157293958,-0.7430312709801578,0.1700891435782054,-0.4031165986409948,0.05124391750244172,0.4919171972706467,-0.4891005523932424,-0.30855687119026737,0.07894256735914539,0.04062464065414538,0.7360997385451996,-0.48548399327363206,-0.34901468095882165,-0.31940792439587923,-0.044687733734122596,-0.37223066596712556,-0.5936531114219138,0.1956277656026256,0.514870645462399,0.09686181005113459,0.5455996077573185,0.1439025426266332,-0.485480783952328,-1.5333111562611668,-0.36961904493637815,0.036547074289815414,0.1753365469800144,0.7095798457436217,-0.4304832977352325,-0.5623698895801018,-0.23824709143994913,-0.343351300602399,0.9883791691022265,-0.28329630014726664,-0.3483049802634888,-0.48463069622115446,0.4105023711959745,-1.349499447457383,0.2842448597867408,0.11374815697122648,0.027990438901541587,0.59415605001188,0.042641337285337304,-0.7867488233038552,0.02630343857132301,0.5816838240233875,-0.13828057284304457,-0.20752248617683447,-0.3070671715870134,-0.39753296731970916,-0.4822583947912469,0.5519819478766409,-0.3149947046848981,-0.26022161049518694,-0.015486026010221948,-0.7791628593367079,-0.5562630955818425,0.441810976142071,-0.3307259195725761,0.16024266198908788,0.1711690342470139,0.10768537190070389,0.8660495558870968,0.515711047005181,0.4010152990875655,0.07093815969194033,0.3824712120690288,0.8954861401848367,0.03658128463827953,0.11174676542578361,0.8226813945248138,0.5048428059155189,0.43818722882264155,0.4914621466000213,0.02478930393728317,-0.6025125759804314,-0.8774847047879812
Exhausted CD8+ T Cell Liver Human,0.2324520830105758,0.33588230841356087,0.05622007642494941,0.19876704225052275,0.35913543097751666,-0.01376858675993176,0.13850063338962093,-0.09629638582901233,0.2422586528047313,-0.49878096416194895,0.1367363427799388,-0.43678772440881486,-0.5478107252167006,-0.45652188359835844,-0.10883453806284514,0.9118457871109358,0.424599482515891,0.18701842975083935,0.1307744086271077,0.06838779533173898,-6.084028444050062,-0.07744928711834925,0.0488808536001708,-0.68590210667063,0.41990147953625867,-0.02926895825575714,-0.20031201710274588,-0.2381473589584784,0.24783858228641653,-0.4747537885697728,-0.619184485067247,0.23185932395230283,0.5993321518948249,0.5966440993530537,0.48037020685169374,-0.18238412400849294,-0.6062423621281435,0.34636772382309133,0.629142907395347,0.48763782539635464,0.8339872362794489,0.03296706516201129,-0.14443426604354162,0.3888618553501669,-0.07417116278518664,-0.10737052244630167,-0.18843651837000122,-0.26971742252327663,-0.3366950949941438,-0.47879571717396896,0.10293158392428246,-0.05574951835212988,0.04040007191590621,-0.09391414124803762,0.052950391359826376,0.00553362657662991,0.3942345384752124,0.5248941008107826,1.0622570442469246,0.06035988344100859,0.7757871915718497,0.7337935250428551,1.0973169886425571,-0.4131493703239351,0.17473397612386213,-0.35485258920575274,-0.36324562456557224,0.7252475157053284,-0.08868857323679356,-0.49986008489631034,0.0013955074245726221,-0.16576860351740222,-0.0796369943072704,-0.3957113773197414,-0.04788085812598466,-0.2801323678929346,-0.3580843636117774,0.23463891003741366,0.026075019332615697,-0.4581829273612578,0.20745500420848478,0.22659766927362868,-0.20474563544214416,1.269021317705927,-0.4529156853494,-0.4664834875502556,-0.28297219032176507,-0.30910013854370294,0.5248466935078281,0.12956295853045133,0.23222380171806695,-0.4026181115982085,0.02160620609434526,0.49131377917518987,0.09720421870904979,0.28188460903521617,0.6390051974067102,-0.07442292894842548,-0.2263071163106955,-0.3663074096642718,0.22851081150831104,0.40779590170347346,0.014018058513122838,0.09512630883989175,0.8053151506165146,0.0039189677156589485,0.3451357870041301,0.02797937293603761,-0.3968411193023043,-0.3889775509092297,-0.6398160137333251,-0.48563288280585337,0.38302962475459934,-0.2958697556315165,0.3239888109869925,0.8658977530703501,-0.021111547291917995,0.1412771633123048,0.02344005961124947,0.2064674244563563,0.575682434484211,-0.25703517459705694,-0.19537304594087143,-0.3516811751010073,-0.24530255694113676,-0.022570636672836486,-0.1366345455687148,0.051244293564677953,0.2705877097818001,0.31592170877062864,0.7737655155439258,0.38583551187828496,-0.2834814253349414,-1.5682131447947256,-0.17097791928153255,0.07426709122250015,0.011447386188264292,0.27828892213368683,-0.09534124246605506,-0.4095278917383306,-0.15459162083435468,-0.1607685731780333,0.6925234041020938,-0.38026300123364754,-0.4325185606105334,-0.09183644475846493,0.32689466101526765,-0.7903978077365301,0.29424537960782043,0.2648924107344696,-0.08836143706379089,0.5413801354454973,0.3816571558132026,-0.27266699693093915,0.20287235152579358,0.8192077645651521,-0.06931635888625581,-0.13725749748554458,-0.3956004984009632,-0.47326531118484666,-0.0009468740301586672,0.5641781654095079,-0.4168857092781556,-0.4952677780406525,0.29615521508160214,-0.6574749600306202,-0.493144497766055,0.5596990263402635,-0.1790966131651367,-0.06067378067532316,0.14454243663629407,-0.36788208650902293,0.42192160633566467,0.11627997671186018,0.35238933073084655,-0.3322397686196529,0.4987721231361563,0.9551393770349591,0.398929731683803,-0.29350075839770856,0.28840057319781687,0.14826360548242412,0.5372167433884503,0.03270533785696825,-0.10927144693408598,-0.6749280101930681,-1.4574808326461086
Exhausted CD8+ T Cell Undefined Human,0.3006394967522175,0.2730528256141189,0.034426253810447394,0.4530659165160645,-0.18891940270028948,0.06002050144908147,-0.11467696358510417,0.012860266104226999,-0.1480032151717503,-0.501683208761346,0.05478423593696364,-0.9483682366114617,-0.47680056389520953,-0.32173629462090986,-0.34156215056707756,0.621561993708998,0.24340732439973242,0.294169715228908,-0.2956734733297697,0.007442027218022451,-3.8556121601819666,0.07020953849315642,0.010331487888308722,-0.7987915718929883,0.38013711723034,0.21259010621973237,0.020766688839036197,-0.15992122995751554,0.2322772131934281,-0.7245904109290856,-0.25336072851613484,-0.039825923133386815,-0.07961975287766045,0.4886031153431541,0.14272351959246776,-0.3286224862840547,-0.30017297720825764,0.1663972430008756,0.6616569839445466,0.19207693523108157,0.7616067140482748,0.124568268642935,0.09443880084941632,0.5985323167878329,-0.041642291646982056,-0.21482175616597515,-0.529833580301005,-0.05264129956786876,-0.30631822633179917,-0.7662826374630687,0.22057500549172096,0.20121097161213586,0.1504286896823985,0.24234170324236198,0.04302153174332454,-0.09386651924327928,0.46550481541411276,0.4586036173370023,0.9315700744390317,0.2211526142502824,0.5766137990973236,0.8260307680234554,1.0440421746643398,-0.21883396634340777,0.4462758614407058,-0.3166813618297585,-0.27751500899626813,0.5989323132964764,0.13165868928954533,-0.5981737520102578,-0.015431076254504239,0.08010314382568727,-0.4241957299911624,-0.5926689718577665,-0.43307338721497746,-0.2511538880392911,-0.4718318581800856,0.07998498152465001,-0.005595743136139097,-0.770736690751381,0.07589208364669724,0.30837364973289316,-0.07041261611314271,0.9895800156550625,-0.6160088173880914,-0.32913155573779446,-0.34718501380923744,-0.08982420976493445,0.2455185227502133,0.31178943269044035,-0.1695555182168633,-0.16397586520604382,-0.035444567470816105,0.2723863846896936,0.15833316428584285,0.32493919169132024,0.6431910601709339,-0.028993543105801448,-0.2822266985221721,-0.34061643477429043,-0.06616557868077483,0.3656311079116721,0.08391857284988523,0.3320355318586556,0.25750256662806337,0.0221519549533645,0.6591608236296668,-0.3705054233366036,0.0005425539903852447,-0.27209592003432176,-0.5536024293008794,-0.29684590271955735,0.43886429219889783,-0.04271552336299677,0.4526029740624788,0.9448595161226856,0.1702030046566122,0.22918857350846988,0.09550973185094107,0.49198725037148755,0.6857025256782371,-0.20415364068907904,-0.4490085563883033,-0.16804664322742172,-0.24757307039474244,-0.010694938636124373,-0.343968957814585,0.025431492015404643,0.15043007489228533,0.26841419803562644,0.7647333845240429,0.4425307962198497,-0.20034311443887118,-1.4111627394092443,-0.020859313589529416,0.1410465424679568,-0.46080155910609266,0.2640970243321499,0.2629018676003909,-0.40123580633801925,0.021533521492290396,0.05024146799574463,0.5386022359633655,-0.12228059202949025,-0.6863715776672499,-0.10908920557151372,0.5605010941198235,-0.8863476054183312,0.08957758459137942,0.24176592339062142,0.26626508397506643,0.47737356861988195,0.45001834003770197,-0.08955210117874085,0.27465593556787077,0.9622053880088899,-0.1098897147385756,-0.19168381178306965,-0.773406005460931,-0.0796981058936172,0.14771538199224932,1.020217614120906,-0.5154424578471108,-0.6177801491072473,0.3718171859101535,-0.6872410138869851,-0.9582888238903156,0.33033839002194604,-0.031819164276858464,-0.2490349200535843,0.08978632023817588,-0.561797541976757,0.4446689841796508,0.12072719770877036,0.29638322252692073,-0.18701004712718736,0.40228178064029174,0.8079110298587747,0.69046829335704,-0.06738849001594081,0.49164771799187384,-0.3611621077742519,0.4999921853341812,-0.07171208984314309,-0.7157495706727071,-0.598721458453212,-0.8326836659417325
FGFR1HighNME5- Epithelial Cell Esophagus Human,-0.03462452699360773,0.38214714543532863,-0.5928409494674189,0.015961393091639534,0.14196084542224408,-0.20015311037402445,-0.1130810242433532,0.04946156988916614,-0.028095291683457063,-0.1773965221330954,0.0281940433460358,-0.7392789966202413,-0.4315034427020486,-0.3299985924923294,0.03077236657110082,1.0202000273520904,0.09918898740382694,0.1239278007624586,-0.11244737428262251,0.0006389880214722343,-5.34469830401244,-0.24134266575194938,0.30703220611822224,-0.3307042252193749,0.5192024729459643,0.14063910083996226,-0.07692087065003213,-0.15215305451736186,0.22728359652657282,-0.6561247365624231,-0.5492678719094347,0.23709303414100136,0.40027636092624275,0.3409943201245551,0.4596873582361611,-0.12026171351852319,-0.5837758418558018,0.5317717451496486,0.23970503781400354,0.4702173724422332,0.7853375755587351,-0.024180046515537415,0.017583055050999875,0.1726345415150288,-0.16985599966636358,-0.14151749732994148,-0.12762877137576556,-0.3570699004321453,-0.4908643928742384,-0.35012693251214855,0.144106981519287,-0.0884284382188016,-0.058825443447252115,-0.09248491182856869,0.08328252251343334,0.07985362533061906,0.22682111890376064,0.37797126026865313,0.8790675033127455,-0.1430069974345266,0.7564902407684618,0.5809488218212622,1.114579882207103,-0.6486251463637268,0.15256388042935246,-0.14551717878447795,-0.1220349656969302,0.5776408460549042,-0.29757597374017936,-0.3612032600813623,0.11591700406020707,-0.1349671427318475,-0.2560949674578492,-0.17574429050120743,-0.10044584324228421,-0.1601581509930566,-0.25026154731694894,0.25796646165050185,0.17933103860616567,-0.7418339653642247,0.19743963467060924,-0.05052958471378419,-0.104069981544378,1.1022014796811215,-0.3954273202325544,-0.3361386064755479,-0.0630459351685168,-0.23668318595068566,0.7970222704966206,0.2392372311717843,0.23539897795512676,-0.4999289708425842,-0.183105921928545,0.040450113374008057,0.05981289604147229,0.4136988477066498,0.6137858630020436,0.12137841444858649,-0.14575462443220075,-0.9930424959928253,0.1927046130763334,0.2714827568790929,-0.07272207830028295,0.25727439920155376,0.4886985111511233,0.046517311602298606,0.4603930559858655,-0.044086439304901665,-0.21185428248543103,-0.21165763367390827,-0.4168051787528673,-0.4612192955446542,0.49883621872758893,-0.30672071023829733,0.20316164018398447,0.8315389273437854,0.3466493066793036,0.16025964178607657,0.09286598365687379,0.24437352285386213,0.5274788951713358,-0.010688938219215335,-0.01706222195918004,-0.06044028435077201,-0.2752683182540767,0.07690475738477424,0.25209606898686354,0.21591109234646633,0.2187728514010179,0.2871384124216239,0.5668061022793662,0.32207280606572486,-0.06497317397596024,-2.1130662458886382,-0.02277294602489556,0.005054812542170229,0.002798310494449037,0.10216508015235885,-0.02628047923805965,-0.03258684811811531,-0.1985687225575273,0.059817088575293456,0.6580339871789691,-0.09937177961040164,-0.3965153782567197,-0.04690221000268547,0.36490501480074744,-0.5796326976312763,0.011297352153754195,0.3447391930062687,-0.6536418322636247,0.3773666493771052,0.4477451586284315,-0.32426683952358115,0.175194145021684,0.6825214137491025,0.10652181000258096,0.08039394806583448,-0.18389142697008592,-0.3053505321945032,0.21439745586075093,0.4990081793077274,-0.3409789178952323,-0.27985577090548347,0.21934630440849356,-0.36086941327528493,-0.29063843518550725,0.6509434816681237,-0.01589246103287446,-0.0325289741820664,0.17966438810454802,-0.20368574534097625,0.27709463423300684,-0.050771704480308884,0.11771814929506572,-0.2178158983330647,0.4289756500657385,0.9270576586099799,0.4883481928410871,-0.5413791770999653,-0.013049776396291304,0.22970750817414967,0.4634170131711333,0.1216194771109622,0.05755008936059452,-0.4797020305353266,-1.719854577641608
FGFR1LowNME5- Epithelial Cell Esophagus Human,0.07152328422172197,0.38981840716588256,-0.03970282904084955,0.27952221807503835,0.9283727014764452,0.2060905610905382,0.19377180809423772,-0.09820448553828769,0.1958676133773505,-0.6381692809394426,-0.1298685634832944,-0.40185796820493047,-0.743533105038034,-0.46315558380401456,-0.18934026510155713,0.8976072355234569,0.29596248751247345,0.12398546512032715,-0.04672052928017611,0.05868518297456035,-5.636453761266385,-0.12463689300310618,0.06145259534964446,-0.5385181360817457,0.6196379823316557,0.03954748616659354,-0.24174341428241775,-0.24289181503793683,0.11632371457670712,-0.6904072601825051,-0.37773911699006013,0.1437563955306812,0.4580171795043805,0.46090494447371344,0.5591020764398233,-0.3720076221518054,-0.2836815270665593,0.3663315334197972,0.3894494908073863,0.6610163823989574,0.9928613487789918,-0.10317672722379889,-0.014851389328481053,0.4129728513654151,-0.16450893903425745,-0.16833702817959875,-0.2993086177024388,-0.19653021293226577,-0.14550777647201418,-0.6196784605741651,0.10413167353468403,-0.10895172155999226,-0.07689385071714246,-0.28566096745757474,-0.000896609403199309,-0.06208713654424408,0.34943262424594845,0.35756365852844385,1.087722472241195,0.10239647488333414,0.8426390410222927,0.6712090553886877,1.1229814868006716,-0.05432071115451125,0.25714130781801936,-0.44846404052698124,-0.3391729981500368,0.8195718452528552,-0.14982185317956676,-0.5770554964172147,-0.10012370314777423,-0.09504204168298849,-0.21604690782136954,-0.4374602482481204,-0.21350596225323065,-0.2687962808506506,-0.4747100622399489,0.05196913697917736,0.1335938008675985,-0.26728799339979975,0.1639761238031651,0.39052016836892556,0.035547512626564824,1.187407726556865,-0.6525181536598449,-0.18400154481975514,-0.3341409796936692,-0.2652164935181391,0.698169631850483,0.14491797007757434,0.151811451384364,-0.22006852534863403,0.14818564504707385,0.35957930545014233,0.20159247360050353,0.34922928704325695,0.647700972830922,-0.1312246121814332,-0.33164868642529377,-0.3461019960105543,0.1151812870621806,0.25373590254475686,-0.12692415121892073,0.013134265133951563,0.7713644260353268,-0.08417725346084132,0.5913126912336977,0.20787607319184362,0.07698031893857102,-0.09282228988976095,-0.7074804119977012,-0.10503636218864927,0.33426552618702315,-0.11756758186245671,0.34526907002331764,1.1606105149427977,0.2160981486068587,0.06675370115883106,0.20204127299215496,0.2683872685636219,0.46516843985283557,-0.318207045096015,-0.2283402589479879,-0.25634496798923284,-0.389039265629366,-0.0057004103909275945,0.053070590688214014,0.051171882553541694,0.12098525306540663,0.059214546781227215,0.9980822858873424,0.3790958069032556,-0.4176144590265875,-1.457080899623648,-0.12508258215460244,0.003210169705393515,-0.1222896093669126,0.022608065154523394,0.07185755069136177,-0.34050626713516313,-0.05030893812402776,-0.20329746768878545,0.6243710277557519,-0.3246339632826356,-0.5600852463724051,0.10096189007499816,0.3243289860402235,-0.39109196328606327,0.29194231718256103,0.2656439882934976,-0.3390715303516871,0.4251745961545078,0.7654242693816284,-0.06336497241956918,0.20237251458433692,0.8960668712419596,-0.16667216575998342,-0.08808122007683677,-0.35719824823046464,-0.5173101839987871,0.06743869009363856,0.4887902277036587,-0.47955534571323094,-0.4810330250845015,0.3444717892667283,-0.5850854232298334,-0.5354581284269976,0.5417327765032237,-0.20204765119307752,-0.054921854149646884,0.051392147989283196,-0.6420354836520848,0.1844468788513135,-0.023174445436110035,0.38305935543483394,-0.40399074396134793,0.3631179325713598,0.8224248741782073,0.3353865257948217,-0.4022164135930417,0.26144396078978666,0.07327494346945403,0.40458585115105433,-0.16092898336798508,-0.30031596864733534,-0.7878165842520758,-1.7412386137542917
Fat Cell (Adipocyte) Adipose Tissue Human,-0.00018592946481501004,0.30601873707944727,0.35027805448059834,-0.09711212847765179,-0.44485151062813877,-0.22924876123723056,-0.0564058291522219,0.2541405632724341,0.20672572937362652,-0.3011371042192764,0.11938503023115336,-0.635648865174012,-0.08695757622325073,-0.11862287060670798,-0.06359285844150753,0.8360281054949501,0.28659621447677003,0.1515252678441669,-0.3219686646561869,0.17036222695706568,-3.6684880510212543,-0.031882040721283075,0.0946134881582352,0.020661155312348668,0.28723461761718067,0.1374260647710472,0.01073127909268011,-0.11012102433235427,-0.10622520033520885,-0.32927966187413793,-0.7243250778425925,-0.06917265240277817,-0.06248025989560957,0.4568143795872951,0.3527918669897955,0.12185828339964962,-0.9751578978853731,0.4500124630639468,0.24733787137852867,0.3674967994802793,0.4979638354289303,-0.0862013962774196,-0.07662355910493816,-0.2652559991471829,-0.06433320345560364,0.01052563877972985,0.24981538730922098,-0.45136059635338677,-0.3293334134804433,-0.3208610052293228,0.272407085026347,0.07616853498599066,0.30543193627494813,-0.3869057019373313,-0.2252290810582021,0.20902091361508973,0.3395316215455494,0.015238168506292938,0.6538839809381018,0.16146147284286697,0.5798330230515016,0.6355894220239872,0.864514492229486,-0.30147200441616945,0.18483480871745614,-0.3695374667046315,0.040611519997100734,0.39899917771704047,-0.17095702482180292,-0.23921109119855316,-0.1775763273013975,-0.43600726684857555,-0.31914171028922145,-0.22885071719883285,0.07962085855807632,0.17307434641507152,-0.39081888289334743,0.11927048188702301,-0.13391573702273235,-0.5661423915969834,0.18254756881805762,-0.3561581856148118,0.0752321822963572,0.8536950418579954,-0.08902440692437241,-0.6367842136140904,-0.2132020535702966,0.011302386941879045,0.4404923589318071,0.3153182068018246,0.1410057203968857,-0.21344573319217025,-0.010866059571558461,0.8722040534000088,0.16131719372709521,0.3745394748016363,0.30615141600519424,0.055234637381678775,-0.4050188326784133,-0.12334683646400649,0.14241630070802294,0.07283074108278857,-0.1598578903938972,0.07426376734486867,1.1909139831317437,-0.062486366291315654,0.24740660497226216,-0.1746630860170974,-0.42631846113527627,-0.3906636369695011,-0.18408320048366802,-0.5096819318338521,0.4205686764989198,-0.43548621944017024,0.08383124789490803,0.5525890602288993,0.1888156515363481,0.006954660999924434,-0.21345398708104307,-0.015314068045911932,0.0029622460179636045,0.050893146692681766,0.019104669012048214,0.21222416724203833,-0.1917516023674918,-0.17165895001012224,0.14555924835708076,0.1717914814197254,0.03880260622446063,0.39855931023030017,0.36896078975104224,0.3151532859071138,-0.044605046527287494,-0.9909263330145042,0.21256123849926425,0.136073656744558,-0.22979517117816345,0.08025036051786869,-0.09366334636114818,0.014621502886247995,0.05676715132805952,0.06771341128949643,0.7706514705130937,-0.016602701409066566,-0.29415150813505325,0.062027311400713894,0.34396450850756966,-0.6500045295821538,-0.6535163916133803,0.22650780739267598,-0.2924139056727936,0.3591748875510894,0.2822723432897037,-1.0206650481482473,0.2587721826174416,0.6923556066577149,0.16499363823371843,0.017499780817628666,-0.20204841361270862,-0.29441842861860085,0.11233911561373203,-0.10266345927339719,-0.32143245230845846,-0.44059843181005914,-0.09369637481268311,-0.4587710374246555,-0.3072515854182995,0.25699268937030595,0.14953529376531413,-0.16893093108532586,0.26845406693175544,0.22454784966156544,0.3923495246108274,0.26450152304522656,0.22442695359364268,-0.014600697612373823,0.14151498306090643,0.3608828062412225,0.4514159435594364,-0.4113737755735384,0.010930356448795964,0.16622753584626132,0.18387828211954044,0.54556163710643,-0.24560693392583915,-0.5135431397896635,-0.2720983042122295
Fibroblast Brain Human,0.10456864328396077,0.4241204572453738,-0.9487251752431763,-0.4950810777537211,-1.2416705572553208,-1.2010248267479262,-0.4599894355027428,-0.11470135985077577,0.203322263400573,0.42508665445264393,0.48294034004755415,-1.7035296772120687,0.024145159153596153,-0.5848318990367117,0.3789002383756871,1.2858503738870766,0.09566839689062216,0.08899407338768643,0.38650112336455283,-0.08187429813289336,-2.7797498311398607,-0.15735275618405767,0.5329029266875149,-0.14041892311320783,0.4062472436675824,-0.27891481442809285,-0.16904316679938503,-0.04271314303321506,0.6477325677425226,-0.06141987463954103,-0.81036834762385,0.8399485987415475,0.586564067213135,0.0568823084315328,-0.0175265537813612,0.4849598443443758,-1.4703534831141012,0.288927486538274,0.2057339028631854,0.17509192747007477,0.40984648643729454,0.018624451342824346,-0.040683831809386194,0.08392136970448459,0.03322763519391585,0.1257287310176772,0.2244030431835878,-0.38079640936362724,-1.0947514740438806,0.28556030516474584,0.42616792155259514,-0.043530767585897634,-0.16770516436144195,0.2018570675502232,0.2057574276997723,0.25469380369795347,-0.12470057687264935,0.3270555635546958,0.7923590351852479,0.18558613663445891,0.9487967342024702,0.5893464383681317,0.5027565826550725,-1.9069780037553214,-0.04908342216948735,-0.10904521310291115,-0.28226227351510025,0.7617787894804977,-0.08018792890968317,-0.06505130179432407,0.33217249075545546,-0.2556755562838732,0.45343776794885116,-0.1436864330253227,-0.011160855939328434,-0.2109614540530897,0.05801409335497766,0.5720721397166537,-0.030575821829044923,-1.234956908198076,0.5908687109951555,-1.0164854783212238,-0.8390480937712615,1.6699452215274702,0.0070101443808911635,-0.6279129536204059,0.15663402706284546,-0.3410816970607267,0.7901358847835309,0.2582902500784124,0.5115326249605822,-1.5190939884700512,-0.9584351689166161,0.18439112025751556,-0.08845788523196656,0.6788964403478772,0.7164001391604028,0.10071188173686148,-0.20516375957225358,-1.3903526790315357,0.4741403673978404,0.4120807709966097,0.43720229593986304,0.5604119309446972,0.5245303718212508,0.4652248711771687,-0.01694285596510938,-0.6322252038656087,-1.3105262507727613,-0.6989380860799328,-0.3234877313499086,-1.452531219387137,0.6180205036694266,-0.7373766579733261,0.35492576107729734,0.12295257632100741,-0.0497630028235102,-0.26681235986639706,0.1326547687622313,0.21217653478495518,1.0411152545041047,0.12953972380433051,0.19573950462482811,0.08824101086395077,-0.34645121012860775,-0.28237329301158315,0.2949441550841538,0.41701744546783476,0.16899578596033177,0.5179930211360964,0.24990816108608205,0.13902623584055193,-0.11713945056117381,-2.9999120387311136,-0.22813049626566584,0.13474762866632567,0.10781322595555301,0.4516829323071633,-0.4268350026883304,-0.18981833813089133,-0.7577843403428339,0.06215326134423106,1.0789141163109002,-0.08653373075415567,-0.09700003450511756,-0.09288622855144565,0.5736135657752557,-1.6162769491800302,-0.14062056838771084,0.30572406767942784,-1.0648090579611762,0.27113304100295116,-0.4650745459464872,-0.7012037467149287,0.21550840043186076,0.22402623158541152,0.2798200599030965,0.2548790041445534,-0.24294472451863156,-0.18783460096078144,0.2488435558015359,0.8419086492875147,-0.056001454503678647,-0.2538157000837817,-0.19749581642775652,-0.6941131158109578,-0.10989991312045515,0.7614268381931873,-0.23761930182871532,0.36837677702972,0.2307319682946327,0.7116681651347682,0.6302807463771789,0.18752221286539097,0.36016941342603515,-0.2214823133770651,0.7302631956840381,1.2172962892204724,0.9799081894574375,0.36777123323210864,0.6424151711695686,0.7978626509863702,0.8696517282135164,0.8129345537899103,0.600303510399968,0.1428939226291588,-1.3223807726688666
Fibroblast Breast Human,0.4270297405479042,0.3920144198478963,-0.8010661834128596,-0.6030335365439097,-0.8389632017353955,-1.027979559204179,0.08484674847081543,-0.07157529224391686,-0.3713698434652719,0.2395970069205888,0.5493059483056787,-1.517966497853828,-0.01798899593844265,-0.5881166919204107,-0.0782059895460843,1.1554983346687242,0.19369092693002685,0.3278780908960183,-0.14329763095878037,0.14967819341975913,-2.8770999439540845,-0.1027655535689762,0.47095184608748425,-0.34163213703182316,0.5979640192214994,-0.10902007642788845,-0.1686769278130947,-0.05603151117960356,0.4851073196963857,-0.7604038793662141,-1.0198743490122484,0.5463298619716059,1.2104014921338406,-0.07857789486451026,0.16814566285775914,0.15549056969211214,-1.3246805678013016,0.197930879225684,0.5604035003986018,0.35438978422740797,0.34462286273635795,-0.09701037396495861,-0.035523754049228015,0.18861630074959904,-0.06525591044576558,0.3829592999232084,0.03932386952492662,0.010462092483834276,-0.93231493349412,-0.1783093750346344,0.4319609284379906,0.41751700058778035,0.038079369650873544,-0.3748291426648791,0.3337707678411934,0.1791857294468174,-0.16509743966938709,0.39392764307528677,0.6252302184756352,0.35208729144665235,1.0448999905272232,0.5797425825117619,0.39591887046604207,-1.9950084487915054,0.004820463153246394,0.05480262783305254,-0.16518563486866036,0.727514203851879,0.34206260089111246,-0.5546555725662106,0.06473835746645643,-0.33359264082370627,0.2801495708104376,-0.24267612931495294,-0.013290936153158092,-0.21702266629785957,-0.18688910789549285,0.6123782015170018,0.1799458552073534,-0.7517760561098807,0.6273143739923434,-0.8967396528888804,-0.7968594294233519,1.4281278647925773,-0.10153003174845217,-0.5269328146654056,-0.12196955207730859,-0.10492939844500611,0.23363320086460937,0.3206389636560591,0.10343217562703383,-1.31944706450213,-0.5455803415839283,0.6328313805163152,-0.15672034500692003,0.4635852147565607,0.7355791514257013,-0.09868179515731311,-0.3954024427633145,-1.347085760939077,0.5678314122442628,0.2715618101670194,0.16010606702384947,0.4981647567906369,0.3730032626007178,0.4051657351066405,-0.05626014583131517,-0.43235630525339763,-1.2816326022654854,-0.6346643373254702,-0.4809880157830994,-1.2170815488873303,0.7258061940211249,-0.6699036572850406,0.49859226392930767,0.2296964578860572,0.06080738441457154,-0.28315324405187536,-0.23374537675274298,0.319896285322749,0.9354745419270856,-0.018767199404738047,-0.37248518438014716,-0.05439994806407986,-0.2490312230014453,-0.02713049319028084,0.31977518637356017,0.46331227599750874,0.21939681281545453,0.6372476668211977,0.31815954806391505,0.40614500618544497,0.11710269587828158,-2.7986694151213247,-0.10180823247077263,0.5173159272726213,-0.2551919366726855,0.40105055099794956,-0.42454037940467154,-0.23778465522871875,-0.6448311918484653,0.19719693031192434,1.0177979649015478,-0.16052131625852603,-0.18497580488572016,0.2101229651326452,0.41561536760217804,-1.317121987692466,-0.36100894285344404,0.18900173628002356,-0.9160205202094122,0.4674979764288858,-0.5414820978885372,-0.7594107206456062,0.4315468753680651,0.3901248259748622,0.3284911646919267,0.2819640444087805,-0.6915710689285208,-0.2914675452785472,0.22145172898722296,0.9590487875079431,-0.05832108940956643,-0.5199982601580487,-0.16893706640439743,-0.6276509909756164,-0.47699007096070717,0.6562329092817438,-0.3168270062104727,-0.09760400282280839,0.3163344754519838,0.07244529726258532,0.6568927958961446,0.5608439503009426,0.5405902438207951,-0.19630729041449216,0.38717389619056025,1.1976544452698221,1.123400882839409,0.42498638845121417,0.7056348482570733,0.7740026678580562,0.8737139101106602,0.7300269307298048,0.18318477065006764,0.12320298874688067,0.06097690908791369
Fibroblast Epithelium Human,0.34693510528623583,0.2674461124226932,-0.3714368407263896,-0.008692281798634197,-0.43421664772596297,-0.14943680959418817,0.11308662524139317,0.010109824210166611,-0.19138635696186174,-0.3234276669855046,0.1905035482758883,-0.5016286685488207,-0.3093222474270548,-0.3388476181765038,-0.16528482442691786,0.7221320162104594,0.1424019181417135,0.16784196967150158,-0.32079789031918265,0.2172448544939,-2.97110837286741,0.10373409911279691,-0.007053811450947512,-0.4590217806813825,0.4207874647167351,0.1420340439082004,-0.09228246200404426,-0.1498038427611951,0.366894891912086,-0.5457406719431411,-0.4980189281140783,-0.0834774392169523,0.5465084118538618,0.287895116908786,0.3688869650945146,0.11272177725419398,-0.6375761697094446,0.0650113870569343,0.37643838223144344,0.4258304129529288,0.3899292947972476,-0.1945171717343716,0.04347047686183723,0.299939440905108,-0.20473545580277352,0.21359378043092878,-0.10868185217270501,0.11313024796505217,-0.47374312523354023,-0.5080681715786618,0.2563871808967627,-0.07366097717840445,0.12438913618322457,-0.2894767706740719,0.2701567613265152,0.1730220240169608,0.03972391269998406,0.19123059901037753,0.4976756876796024,0.2625872643920728,0.6791937666569576,0.4246679981452129,0.5252241946423333,-0.5136962207246366,0.17717584461406907,-0.13130138366133437,-0.19194154646634637,0.6259443550364242,0.048515712971116176,-0.49459442654330443,-0.10042565982434302,-0.052019756924713584,-0.07183849997201461,-0.3499526628584269,-0.19107224619965263,-0.04628466711779747,-0.4722242174751426,0.33941985570483274,-0.11649023633569947,-0.44971196652887085,0.477885214606515,-0.2385233063296257,-0.38886991296724494,1.1608583453483008,-0.3207239834587882,-0.2688350727601938,-0.21592430257163894,0.024910493366801047,-0.0019405178768161014,0.04477256773826024,-0.09104439791927284,-0.5483238452772858,-0.09975141493128366,0.4917567708725857,-0.03633276069858435,0.34386512514398354,0.4480811294383725,0.23837624534752294,-0.3626123865318672,-0.8433699441798277,0.01717666794181623,-0.06729938972855867,-0.15109587660129759,0.012083074488766327,0.05115007513866544,0.16647981043046195,0.15036606432380656,-0.14578721306262657,-0.17521037239059617,-0.16653858322315446,-0.35035039774866605,-0.6370434617933413,0.43478873093355963,-0.28851046298969263,0.47362415780493955,0.47850936841727076,0.12879053699069895,0.16769223100348296,0.11844876551397149,0.4016069164279746,0.41028770643864043,-0.21968385978614205,-0.4362128725034372,-0.3811182705150199,-0.1866210286925065,-0.04533992605045444,0.3061017638347704,0.04962119487002803,-0.002594163636459935,0.31699251940537965,0.4823674753756433,0.44115700614322095,-0.11664986795028132,-1.6561626008135082,0.1650029569765249,0.3129022110572191,-0.4865654750856877,0.02329061672427343,-0.03933100439391989,-0.3171142202016911,-0.0718288835600839,0.16023299691525003,0.6936962605172873,-0.39553501644014466,-0.20225009506996405,0.16247303462224832,0.23826488406627572,-0.7553183738533578,-0.21279630624848359,0.40992838112289826,0.0011299554853897197,0.48135708609441935,-0.025589769922247933,-0.20338611512586993,0.3136127482130736,0.5736916739230424,0.11031428551481111,0.023688728625898384,-0.5338190943448523,-0.1822090786627876,0.24588819132007153,0.780438486120589,-0.5912405251457645,-0.48735870942900333,0.22131152616485095,-0.4625160451333928,-0.32778815216994617,0.37940813844456583,-0.15686540468707055,-0.4119945886025228,0.3021657804711799,-0.13659007981577845,0.49076574079175406,0.11938555661931857,0.5836172392495813,-0.43104170906143474,0.068238769667264,0.481459810152198,0.7792136558827468,0.2737341347892397,0.7332829332070727,0.15644711517056753,0.5610278528126863,0.26029508137809193,-0.05781201580354436,-0.3242570873570779,-0.18516196178962982
Fibroblast Esophagus Human,0.23818691094592234,0.5170637595187368,-0.8178817803291113,-0.6391421794786531,-1.2477875178977815,-1.234938804941461,-0.2717609423897054,-0.19448650058692557,0.08290283854405334,0.7855388067925552,1.0811521198835754,-1.9701271660090964,-0.15428797589372503,-0.5484449673797847,0.7108055870116607,1.5246504744184601,0.13980747451931871,0.39442221340440786,0.5788225746222163,-0.27852543195946444,-4.2508743650703,-0.5746166547901507,0.6284763194509749,-0.07558675850857072,0.45616107704531367,-0.11778729239448368,-0.007125324817437533,-0.047646528188027566,0.49376878918122014,-0.40575252671164586,-1.0848506927563712,0.9942204066158725,0.35272134201249467,-0.05883276619685375,-0.18744734321279846,0.2357156907380826,-1.7073675099187706,0.2975997663502137,0.3845204310719794,0.1344446011531411,0.19038987895027334,0.16974629156913112,-0.29604824187623485,0.11613864159443327,0.35511901401056384,0.1757226845744049,0.0022278860007450487,-0.34186057751858623,-1.1419002451966873,0.21860050178374857,0.14921948216217532,0.19561647339349625,-0.2542133877874537,0.5041717038365248,0.21526328591311072,0.2685400333025278,-0.4073513334564417,0.3406974897646815,0.5496010713152747,-0.14682681231519124,0.779818110820385,0.5763709450028706,0.3054780055965315,-2.286987943647925,-0.337256463799577,0.12098559036314092,-0.21839823139213582,0.667276247470314,0.18783890975197165,0.029306106512970317,0.5436731838519494,-0.3470319445810006,0.44307537584858825,-0.16180838167033965,0.349971860243718,-0.4401334925029627,0.22126981250951253,0.6217838914537636,0.23426733831360044,-1.197193400520304,0.2505892794286023,-0.9319012285504038,-0.8002691737073481,1.4837824120520757,0.2538574562506709,-0.8040658462908313,0.1689144746126252,-0.32894400728429224,0.9569407364043149,0.5386985769307523,0.5872143821372184,-1.5101863601016516,-0.8476227725144976,0.2577273868874327,-0.2336367601139352,0.4191905963015042,0.7229116490439638,-0.034968147614868855,0.6351565508248675,-1.4233339113289862,0.4402547602144208,0.8258889610623075,0.4539126415318898,0.7868693655768572,0.7163737816114065,0.43981555579251447,-0.02875813567649698,-0.4099880674532519,-1.3298940079680217,-0.8133233869525771,-0.17183718666506168,-1.4052414230710772,0.5578108202477805,-0.900432025995011,0.20731431203452852,-0.1207656099562914,0.038766941447885145,-0.5098585405761161,-0.3473362693600854,0.33250512353308365,0.9656862637041138,0.11051641558976864,0.14361122169314877,-0.0004157001602196694,-0.05480986571774919,-0.16007179248526449,0.4036618222752679,0.6437567329045094,0.5733743706561673,0.5228179248080308,0.4018892712043769,0.15284056280337407,0.05096417497316113,-3.247687353233246,0.018884430931526777,0.20074448550504315,0.7111751194225895,0.5495317257138645,-0.48764417332644727,0.023599739310848987,-0.8550160175747971,0.29281634798528067,0.8067833514028501,0.06246088894379916,-0.32212039364711476,0.08947379266044682,0.4277448960963793,-1.4463520900356932,-0.09114637980062934,0.06641559998005721,-1.307045820133476,0.33861698567730714,-0.6111954047201893,-1.3412288227207152,0.07613259653003729,-0.008343904089265842,0.11562540962556388,0.2787364076020587,-0.3354297213149921,-0.08714567351793025,0.4046785057795732,0.6103266645847681,0.32949443669137773,0.2157399211582449,-0.35165564332753535,-0.6468501663050141,0.021041410743588698,0.6796769109921083,-0.15721199515265744,0.5521205963058777,0.2395945387265988,0.6017122670396209,0.3334925436697462,0.3214726536253548,0.08462988572084149,0.06597212450523732,0.8406823687185163,1.489713148918821,0.965059546937374,-0.14625874605431916,0.4424160225123965,0.9768906131584358,0.9468238256065422,0.6668691957083255,0.4937318481992273,0.41257025699339844,-1.297942577218826
Fibroblast Heart Human,0.19935773629699158,0.23714112849224556,-0.8774096446088323,-0.5940301277314384,-0.9292196439017009,-1.0940696573702733,0.10229923337343873,0.07561424762476888,-0.04681125317153604,0.5110269660157937,0.3932701536016477,-1.40087754938315,0.03486668128224046,-0.6105885326056579,0.26110881817586046,1.2571906319022534,0.03745211963501617,0.30863969705557104,0.14772687392567055,0.19700066778583375,-4.333646455194538,-0.3102808607998151,0.5093334374233861,-0.35453538218486186,0.5746277451416207,-0.14118306052036772,-0.17221199582144256,-0.23195595695518081,0.429354205639369,-0.5091330973778919,-0.9712136276904582,0.5635904603750371,0.899317789794521,-0.02496083730695675,0.02627203535210953,0.2605365373752147,-1.2994624744757068,0.21159640670149596,0.31153225236804466,0.4202795605364279,0.45556536957539284,0.15463673530145405,-0.05874971601162108,0.16731609919296841,-0.07879377577241262,0.42520217171323854,0.17060877987615622,0.08600325522005245,-0.8589280419363073,-0.026397391919069944,0.37166028362394826,0.42614344629219886,-0.03569784437883849,0.01166736005229883,0.48230640492201604,0.13527920970256727,-0.17084217000886026,0.3314842661243897,0.42035306840292347,-0.019519611425931324,0.9797213891482693,0.47487051601888164,0.5564000834970231,-1.987348684485703,-0.0850896393494264,0.10816181116528033,-0.025154509759241613,0.5812666162578753,0.1575015768970675,-0.28261658778223414,0.02475702652233835,-0.26358040895848756,0.2811937454713619,-0.05847801429345486,-0.1308161693028424,-0.3053684868800912,-0.1120152944101547,0.5392131435035943,0.14882178538889695,-0.9078367408073806,0.5161862502773685,-0.9351212218962563,-0.7298924354532622,1.1915317335069031,0.1109744892108486,-0.5561380553546734,0.0542658801534135,-0.0676464947515557,0.23337744474184172,0.2632581832593217,0.35655556758071694,-1.4276713477862548,-0.6262949530391567,0.34244164267540683,-0.13626705718324356,0.567399967108279,0.8142172640147458,0.017446780332074,-0.12197476852634846,-1.2147503000028717,0.5069655981055525,0.3311934521721226,0.14593019608917826,0.5500072758206163,0.39332053609719964,0.3138782211933924,0.040449330361754986,-0.3425459900961467,-1.1749558968067864,-0.5953625533618345,-0.330060860939452,-1.2562013807234675,0.47451553313927425,-0.5306862251528013,0.5654916829137744,0.12789514149062617,0.2976614815511785,-0.2325212421587114,-0.38104429159812353,0.43174705087083143,0.7571295380188462,0.07889048204201826,-0.16037301521313538,-0.1644985784197275,-0.2335691218464818,-0.024618625914694665,0.502948270668944,0.5953839597118623,0.2239301309189714,0.6740768768081824,0.2614687932691308,0.32620404713999207,0.2215426693026494,-2.5287564219378216,0.0871766170514807,0.38477068677755366,0.038461185998046626,0.35285409827554,-0.5112214395718893,-0.08019065733298479,-0.5617744397344521,0.38564948228682344,1.0293454082869642,-0.20531735574485677,-0.23351819273807095,0.12182287519126679,0.4187598380700384,-1.333728877457155,-0.5127381154521957,0.06576887177045887,-0.9630433400657523,0.31566000375418146,-0.5070312432694553,-0.7786894367703897,0.23525065236568216,0.23606084865739432,0.211963046605922,0.35711689187920387,-0.4787826202527744,-0.29025976353293437,0.4343775498603204,0.9648217195465647,-0.11015986255722228,-0.30789214108466284,0.03962499953679,-0.3609048986147255,-0.23022672640607772,0.7129067328030941,-0.2684948297335301,0.19518800393241514,0.3341111105012857,0.2531255382247916,0.4328849322452537,0.4067189902213487,0.22289585462714367,-0.11437630964500939,0.6409576009225039,1.2630923496590314,1.0943971140945439,-0.030937457927439772,0.2921536493371923,0.6142171323394552,0.6558930711890512,0.5739418184915397,0.4153291899747229,0.14017021189101697,-0.7159612860241986
Fibroblast Kidney Human,0.22715494021960944,0.40359241573918786,-0.5282616328091541,-0.7070524929794522,-1.277277318249641,-1.2879597852146458,-0.11925868096023404,-0.03697294449379887,0.13900082078175313,0.548387179631643,0.7717297857075661,-1.7955459021484768,0.1070876527474636,-0.662755524895273,0.41656196106679605,1.1509327719359796,0.2592785718067074,0.13525395628772147,0.5102049214024502,-0.05328408043885562,-3.7468095628541382,-0.35741844058011196,0.6129638944787044,-0.1544689165892605,0.4531216434585016,-0.14202758719597813,-0.1971818686773204,-0.08703284885390818,0.6056721593759734,-0.20909717106870393,-1.2322225440083059,0.9483846364398947,1.1310241742291116,-0.014136022186899744,-0.07668025339638573,0.34538193286363633,-1.6975638307849426,0.24839489557785555,0.4645335223434458,0.29864456980513926,0.26927074165951626,0.14298481567257326,-0.2690603856862756,-0.01793784919246548,-0.03750940592639006,0.19254950285880454,0.2220203218170977,-0.1731244636902391,-1.1836532951745156,0.27257705143665445,0.3597521241999269,0.32766435491639756,-0.13317369851099406,0.18433758200128159,0.26405706638787674,0.16519707363978703,-0.28024720077411025,0.38282044139915533,0.44561670696111866,-0.08261209970442046,0.877918693482054,0.6097037613210888,0.4256005445936049,-2.564869313678003,-0.22000825762759896,0.1162305044825386,-0.14882680600410017,0.6373399493608277,0.2099724030745563,-0.12841412909214672,0.41534479050924755,-0.30752220410134024,0.5366875540188168,0.011977099190716666,0.13004200611119232,-0.27521854738451357,0.09107812036329953,0.7227834731652845,0.14056057487161724,-1.2026549023932835,0.4862575614397331,-1.1170993183042515,-1.0344466275408608,1.337336571261216,0.16842465182203545,-0.674466976145802,0.21875519809642333,-0.1447036208486109,0.5189633736416637,0.21825233170637104,0.5097453182831087,-1.8502905663451057,-0.9644771483879407,0.26196766200923227,-0.17782883773397476,0.5769615465069594,0.720667852664001,0.045117218061611786,0.1706390122619755,-1.2039282859994325,0.5582103422008841,0.6667323717883453,0.3206057339810666,0.610100455563757,0.5810205537525749,0.45050185296969303,-0.035271325525784616,-0.6880917120547424,-1.589068368477097,-0.900426467059913,-0.23646803598282504,-1.7268071098898248,0.6469571847502771,-0.8775758491999278,0.3462031218414625,-0.00524398556118133,-0.04654298241157597,-0.36035777944843744,-0.46443182310861203,0.2673961341755777,1.170647790143643,0.19575193847729555,0.3261896186483458,-0.06802582978965266,-0.1532952395881196,-0.03632962643585581,0.24138220266311833,0.5961575484787437,0.2740610785324362,0.7035120795910995,0.5297599959762149,0.14580709268823208,0.09747206136001749,-2.6942346683500253,-0.2512312033338786,0.3041265124123721,0.32740256681854907,0.4952227976639473,-0.6050204420843707,-0.10582993253657441,-0.9421375057504222,0.15666523685106576,1.0562587636059881,-0.23236283669275,0.003205931726744174,-0.22144610426293534,0.48695999775059234,-1.6970868838626574,-0.2751736404439918,0.08307442059937967,-0.9404272979898756,0.19560423532155594,-0.6818325621047931,-0.9878609111013547,0.2902925930686535,0.2788814183067391,0.1950336184785636,0.4070049229927311,-0.20398257545099363,-0.35201459388798534,0.32913353627985037,0.9737350394396977,0.20654817552767973,-0.09669897040390876,-0.19334968322973906,-0.524707166533344,0.12785698886828123,0.7122914843217849,-0.2993238658509172,0.4802449440434038,0.2925189908433049,0.5905806701984216,0.5187358575661669,0.34332584740176597,0.14150382491845315,-0.04285898477313732,0.7999555795365647,1.4461951482290083,0.8950086790633691,-0.038505442215279934,0.38502464396818964,1.010722194433611,0.8635692221997786,0.6384846466851618,0.7176185824119159,0.3400151705632946,-0.8366506068035346
Fibroblast Lung Human,0.020999468382885404,0.2244122544424505,-0.365232309076915,-0.2518308137666056,-0.9696360538382452,-0.7964627146715321,-0.09953318951291393,0.0023223422358730184,0.3702032522164468,0.3850763186714305,0.4196435631573872,-1.55153663880174,-0.00641678760003551,-0.3781787857872904,0.32931657918319096,1.0295917269482784,0.40783587062783994,-0.055404416722188966,0.3947314010843354,-0.059957327999311465,-4.089604917398832,-0.2539993357817731,0.6037860296863679,-0.0636142583513595,0.36650986564942684,-0.19005504519061084,0.00914475473205495,-0.09350295506427911,0.4190407215144378,-0.13302830698074408,-0.8994586011117892,0.7592165159154789,0.4356181026021018,0.23899191645966886,0.030583393968447205,0.24226491615882234,-1.3092760061593285,0.3398972024254807,0.47347155238944083,0.18525606695521818,0.41905147229473794,0.47911205100142157,-0.2513224263083032,-0.03891827518444551,0.17920804668587223,-0.05160264273605279,0.10482848433145683,-0.36132222999085367,-0.999355513180957,-0.04242962368474991,0.23085574172727505,0.10016906608082195,-0.05009769934541164,0.06262704684704226,0.0864982335475007,0.036783661187819026,0.001545531366084637,0.38088375738261776,0.7103758638458018,-0.055602676308966495,0.6985448938763227,0.5852970551432006,0.7154552422899716,-1.6469650636612028,-0.12051288533756811,-0.0735442472753381,-0.14392555974117227,0.6705599102226955,0.051321521264630805,-0.016558132428293838,0.26657788569945506,-0.38942844789996467,0.29150275561467853,-0.1612524833248885,0.12264670312982721,-0.22322768408702776,-0.07363562559625723,0.41288864136457354,0.16325607440575535,-1.263373942301815,0.37396529265318257,-0.7008093885366412,-0.40714995815091576,1.317412374032362,-0.10186596498227568,-0.761076856057045,0.13104935139918003,-0.32894037742378623,0.7849214833906935,0.2183483426120294,0.5426873192147694,-1.4183449259743972,-0.7086588817175288,0.09826358886815514,-0.008612837865618247,0.4641571520405046,0.7357685002046516,-0.07695299166365725,-0.016109898194246016,-1.0066141847973724,0.4450077283522961,0.7620634521011915,0.5676413490770396,0.518857600424074,0.821190406786879,0.46672413107535327,0.20793262446757646,-0.658637836544459,-1.0419722579243147,-0.7375626587512807,-0.24020007006406793,-1.2601505855780113,0.4778922583158741,-0.7570815566207876,0.2120544762125772,0.07891991448855873,0.04345479383707799,-0.2637543381667983,-0.21769307387389733,0.024612564145622476,0.9337420199737524,-0.04192735715598076,0.09030574907141195,0.12245059474991062,-0.20308160145186607,-0.09485217651925583,0.05899792587189439,0.5787677768024496,0.3528113540329541,0.42277404027898263,0.5809636422262502,0.17552388446947406,0.12257516338801688,-2.417495039666726,-0.26672958425968324,0.06284814647148122,0.19022243246233708,0.48334508706492263,-0.20786051241026784,-0.2811993777085605,-0.48350019605911565,-0.10949464226168193,0.8540198762902944,-0.03701850703324186,-0.16332498684961522,-0.33859084884748614,0.5036044381774177,-1.370588153630428,-0.037280223125573206,0.07382399181154406,-0.835078172081863,0.1893765447498222,-0.22296791344902916,-0.8983045053072626,-0.04589712334563605,0.37908791850270673,0.05077145805461034,0.25772295271207246,-0.1989751669867398,-0.16038578375365678,0.14541646179732895,0.8149899136493927,0.1008375801838638,0.03209912988374351,-0.10845316375391387,-0.5238437794765429,-0.13098035624188306,0.7049414071710883,-0.17211668818353118,0.39812171066277247,0.24528305712586884,0.17570916460290895,0.4769999910975689,0.2327353943936468,0.07500488590881436,-0.04837057508053158,0.7738108510718297,1.280718644197224,0.7488629307973919,-0.21794789639436832,0.2975559278002564,0.6085596954494465,0.7206913651610313,0.5428715561234554,0.3484485580595258,-0.036493983226860115,-1.0634708013586023
Fibroblast Skin Human,0.10765659751119416,0.20660317921215032,-0.44586024410380204,-0.18659472646871603,-1.237526314242239,-0.8807423997278341,0.00042688678291461873,-0.10595523161607204,9.216740936825945e-05,0.24012407871550176,0.7082502721176195,-1.4902537551509396,0.18137096233933891,-0.47521595178769566,0.37556241991525796,0.9150303685740168,0.2328720112997203,-0.026321110467061967,0.16771657410515328,0.01606418074168561,-3.6154954479186068,-0.13945144866623285,0.5003199390063292,0.23337624677061544,0.2613806149129106,-0.19157548848804978,-0.13547541580261704,-0.03461704567410054,0.38750608274414117,-0.2235391406711601,-1.0414813767419275,0.6790430671143619,0.9804610548739583,0.22514649135750675,0.11667542649646435,0.22564711572040563,-1.3843222256364214,0.32464270572110915,0.517091371853569,0.144270740121497,0.35653885407492797,-0.029852994926907003,-0.16039703753507456,0.1124855701870441,0.025937682964000737,0.029691696976785482,0.0810602129225609,-0.19922728609619725,-1.1541991342207996,-0.05947024026617807,0.33495652848272095,0.0721559856114921,0.08156171013486013,0.15748498073513784,-0.013059376402425375,0.27918813026201994,-0.171862912667728,0.3144831499480355,0.5817981676666203,0.37748063447897606,0.7858277756729182,0.5009321992852158,0.44123475705626786,-1.5210800171971461,0.011746700559469738,-0.06019097131437767,-0.25084129978610803,0.7257602060980862,0.021582900150845588,-0.12748958542220118,0.06626964556468273,-0.36617368545191736,0.31278990046058947,-0.18255515121591792,0.13582221005591938,-0.18128368103493175,-0.13533504333382587,0.5558643669301705,0.050696620685475785,-1.1076978486118574,0.7405583455481709,-0.746926604464958,-0.7089141668520785,1.367401920644964,-0.014305812734546678,-0.8674588099242079,0.04792247023954151,-0.41042752594087256,0.7085009425228725,0.16170746699029917,0.39930102659619293,-1.270353359399865,-0.6931054478067464,0.6700628736602687,-0.17855326520420617,0.3844397336454733,0.5629085873828532,-0.1786342103748155,-0.2027072347132199,-1.002675121682408,0.40944045767621395,0.6560866261372912,0.32116073510785575,0.42179113688110903,0.5521417653297536,0.22925651140685355,0.09728608195083874,-0.7989129579960976,-1.1029848416405728,-0.771105777552724,-0.23235692158437665,-1.3128960694097784,0.4553431159806059,-0.8010277129690038,0.24873453759867456,0.010806914857715948,0.05312266230634404,-0.40657695836635627,-0.08778381511234831,0.1244124855145381,0.9416640110216861,-0.1688713863462231,-0.048959667320014326,0.05206475916663681,-0.2973240194225545,-0.1014663455044868,0.07534764888651961,0.4272416553790496,0.27246623997862696,0.5206785362137153,0.40586124414242614,0.3805246225075925,-0.03333489448876089,-2.5175703734319317,-0.14520900348168297,0.11604696962643997,-0.056603362761432456,0.5164741007512141,-0.3585798148033998,-0.21205290568043642,-0.5629243188295372,-0.04654016751779142,0.9120632967951257,-0.13830584716968153,-0.003021565409150856,-0.18494714888904534,0.44625158075801724,-1.5474014240037441,-0.19418020591795096,0.16394469548142926,-0.7484628457244688,0.19886960765863415,-0.3291186991119758,-0.9481412473510579,0.21367570696444085,0.4356067760894085,0.18880642432254421,0.2500420229841672,-0.344910528234227,-0.3293808603432836,0.013189523419416838,0.8889226882657737,-0.10359564689944786,-0.2442822301103981,-0.11776931707273554,-0.5734302987466712,-0.2424970865332946,0.5705910245070105,-0.12532115987758544,0.23820778562262943,0.19346626543513412,0.3486585390468808,0.7884953494519137,0.4761355280258712,0.586662574349226,-0.21671172075563422,0.6270717731887351,1.1926685691061265,0.9632842866144499,0.30050844586187553,0.7390096501268731,0.6516419330086857,0.8491060914610354,0.9154981520793248,0.3933369219363011,-0.0011359854523250446,0.027747738972194496
Fibroblast Spleen Human,0.43370938610676246,0.15116639310905605,-0.5264161516077652,-0.36116519386187584,-0.6503070345316979,-0.6253726826887781,-0.03450255290506854,-0.09836324748625853,-0.2678590876288642,0.06091064685768103,0.6340867418191521,-1.7995638042743654,-0.3336377264783081,-0.5701124921935206,0.4477193499299106,1.2400984957659746,0.31971239045028543,0.4265253206553848,-0.04470872974229662,0.2742144303832126,-3.334085066122698,-0.19941183302182075,0.025061010617856205,-0.39023442011091686,0.363356864463904,0.07017599625599032,-0.060464382003439336,-0.02818351498831607,0.22150428631780436,-0.36568519296157737,-1.1142843691009434,0.5276603437398115,0.772831416046043,0.01956722375417159,0.13838370098623745,0.16880869430902587,-1.0167103753813722,0.22079094507237454,0.5118225226329729,0.40531474437764614,0.15827825820148247,0.011219955220514064,-0.038660319846326334,0.09023661779235133,0.13587733028240817,0.13656434441557105,-0.08782365869211128,-0.06686600086624346,-0.5499522872282381,-0.19554732984555723,0.22360851104207702,0.2018648146574078,-0.04023291333604248,0.03775699714034123,0.14463863418267706,0.18067397566017843,0.06906892961631622,0.40621892962128525,0.9579912437695101,0.23675864561374715,0.8834934336599635,0.4716840428802112,0.634343103239694,-1.454300159998214,0.054510037814920996,-0.21255652480890594,-0.3411128998025361,0.8318516745130741,-0.00598411352435383,-0.41506350195598185,0.17585840296230268,-0.22816788890402015,0.021198490768969697,-0.5336944181262637,0.06283926621270326,-0.3350210869742091,-0.32533394969542206,0.5745014162113106,-0.08775498836415203,-0.5240471905742178,0.48644232453980657,-0.5908722294979044,-0.16440251450086424,1.5290934330332304,-0.11724079108044316,-0.5666830770917479,-0.23328329731926498,-0.1091036868762532,0.3243011174799821,0.2539419050492932,0.4515237208662666,-0.8342235844317426,0.006809224616115599,0.40136299832447514,-0.20790832759004807,0.20096713886124704,0.7298602758780367,-0.19537724425003952,0.15503710982258528,-0.8657334406904029,0.4651759958201381,0.49229412478102774,-0.022599649290657383,0.49231596978854536,0.31423213280730966,0.2621069243305796,-0.03902480169807481,-0.40430836073836796,-0.9337708138789585,-0.5952899703424803,-0.21718026627008588,-0.7253450623851325,0.6781184863893145,-0.3233160768362832,0.5805979797376403,0.3890464887941838,-0.14389035105035844,-0.07385259284036422,-0.2256607649811285,0.3472738081346966,0.6050259986109765,-0.23095276668435324,-0.1079693443859921,-0.6036904073286431,0.0006221319195717038,-0.34454214687571305,0.3430287332089545,0.12320821420364554,0.371118584243826,0.41068819926284234,0.44232430178186993,0.6033055457426255,-0.050309660615459974,-2.221757214189397,-0.08694286938256425,0.460066617739831,0.17854036365761927,0.3232905236626547,-0.40087400233590426,-0.12754484342279168,-0.45933454287430947,0.024941128415555094,0.8494310520666323,-0.4312422500681532,-0.37049670019819647,0.334958220971799,0.5081564786624867,-1.4607008922979638,-0.16591424433276317,0.3187025421946577,-0.6825177948263241,0.5309525190889931,-0.2752906294238194,-0.991153355969292,0.3978271917549829,0.4193641697745664,0.24812633422650512,-0.08476339168225415,-0.599720496582807,-0.21293852082911222,0.10448953216337958,0.41153765198786024,0.04232188105825072,-0.431029078948203,0.13266182298825838,-0.9733089499214352,-0.47866204390770495,0.667743374408677,-0.2841113516676523,0.04645886579800688,0.4220794721978076,0.18892676519647197,0.653723480154225,0.4589543000496829,0.5143939006555903,-0.2711748232395828,0.4091273008928886,1.0614043887304296,0.8631319578918095,0.08309209835200974,0.5225263685015178,0.37887552032124344,0.8911487849597838,0.20692789023774213,-0.025803141121743766,-0.15641188270735568,-0.8667519868281386
Fibroblast Stomach Human,0.13357760807573088,0.2508871583556315,-0.6441393149488002,-0.4609284578455497,-1.1732417744781596,-0.9995669511814318,-0.08611804954419137,0.05106046672757032,-0.04267119960263848,0.40455484809346975,0.6928537623567251,-1.7890565388283879,-0.05257182252919471,-0.44763686994069807,0.3512064223551109,1.0629549332120032,0.269640845828792,0.12765209346420728,0.28716334778933306,-0.029292711280618604,-3.48853535309126,-0.2366211644059435,0.47626665893825926,-0.11963798183526306,0.4237248516981864,-0.1656815606017541,-0.13006283748592568,-0.05466645987043514,0.3643985158414293,-0.24757405161684642,-1.1252377065654615,0.760918237594958,0.9375339246500087,0.1205752177296736,0.020719607283747245,0.21903199107427093,-1.489801606025671,0.3048603329442286,0.47185617600312874,0.26759809991018374,0.33999302925638375,0.10806471525054942,-0.1573812159844765,-0.050940844355042376,0.01996644860068058,0.05106899442112912,0.020346820560051517,-0.21595785725897104,-1.1094414555248995,-0.058052087792595505,0.29776798464169435,0.26734033748832525,0.006478724822122895,0.06374337740377763,0.17995177627768327,0.2938156768261362,-0.16962099009729076,0.37651410017496123,0.630365416454246,0.062036397764448595,0.833391722767807,0.565785127513245,0.5525868487032626,-1.9353243968936051,-0.058371106874901595,0.043907803794334094,-0.24266835914078863,0.7007887254991844,0.10245779014578851,-0.1582233252316857,0.3170815427504758,-0.33588065073432677,0.16647464484085914,-0.1080788634676606,0.1424894509725319,-0.2026558119226326,-0.0861859002662554,0.6238082284121051,0.16895844367057594,-1.0215803609574732,0.512543912770533,-0.8169549329666014,-0.6468073392851404,1.3850390705567477,0.051955904630827415,-0.7251011863042912,0.08417279317292724,-0.25779947845426976,0.5990674700813768,0.257242357661927,0.43351881160503924,-1.3476833857064774,-0.6100034300496424,0.3231593452017618,-0.11452713880122212,0.43681455096930183,0.6544815796087421,-0.15189957043824062,-0.002319500479360694,-1.138164408476462,0.462098806024671,0.6357616758230517,0.3635739463196039,0.5520801773684408,0.5479045711624168,0.396668849090539,-0.08540322584973761,-0.6361472086120339,-1.296849849083313,-0.8297713995021664,-0.24585834718822286,-1.3728249945384872,0.5801233730854167,-0.7110536589370854,0.3070117167825594,0.13155335765789683,-0.013588587887153412,-0.25109484717387026,-0.23375362114881432,0.18153322214388143,0.979400525542484,-0.04428345571116995,-0.12439441491575523,-0.1653050624463133,-0.16395338784116686,-0.08137456715422718,0.20981436270482573,0.46052499604331426,0.360244920906041,0.5601048532865638,0.40281648205324067,0.3229797341565535,0.07065793695003258,-2.5960611035822523,-0.21399068307663305,0.31377759400655203,0.10969923920938861,0.476130613839274,-0.38018842723750995,-0.18507456046169438,-0.6560864894022829,0.04377859050205556,0.9859176757943364,-0.04227425043057726,-0.1378773384462044,-0.16448812946663283,0.401707703696046,-1.4379929367302027,-0.27620432380242144,0.24929286032516376,-0.9249763675123748,0.2546844491983148,-0.5079311369056936,-0.9586758381708643,0.23121616772154507,0.4025453062875831,0.13546378358871286,0.24449266939150302,-0.4041027485205215,-0.21654357103672894,0.22335052098390687,0.8407144470003485,-0.0013783463713854343,-0.2070958964641929,-0.042786727760880446,-0.48530982269817535,-0.2190849891821384,0.6570085823481046,-0.1012807620926974,0.2833392600741343,0.36589201187852444,0.5195022565776486,0.7012317417804517,0.40274178880856365,0.22628077724124798,-0.0407695982128532,0.6561075074891618,1.212550991050964,0.8498381201227827,0.1197366082317563,0.5524271531876733,0.7294039153101584,0.890878254490118,0.7579159170235701,0.3377344396487048,0.08124975275522776,-0.4931825471662658
Fibroblast Undefined Human,0.01900166929921194,0.19370790490809625,-0.3816886774680074,-0.2839634992450087,-0.7600023650634471,-0.7743820045094424,-0.14794831489683244,0.10277154131297704,0.20043177947440785,0.20413922368937928,0.40314669516172685,-1.3980949147154484,-0.08032717678657184,-0.43146170227685327,0.3149555779518253,1.0692771248545148,0.2835996574587173,-0.014178544265180065,0.16398168578897349,-0.0018198257290894249,-4.199760362531273,-0.18865629472284984,0.5305663763152476,-0.20858112136392107,0.3228119155127362,-0.14431870685384734,-0.0071167820047220165,-0.03634525307761592,0.38027820532779893,-0.28834538461092507,-0.8441672899090703,0.622095941050456,0.49234809001959123,0.1868660040625656,0.08251626171154443,0.22960404334553958,-1.2257608372055908,0.38121588769076326,0.37518922009937977,0.2845298029765623,0.4276128630740493,0.19416625513407035,-0.1492991418208249,-0.022735689350880803,0.029866791135470864,0.08066540284441492,0.056483368840053484,-0.24134430332464116,-0.9622541707681556,-0.13887492711711522,0.3108399259337142,0.19568838923647527,-0.08076315267465388,0.17666117029712697,0.11520754069033282,0.15604941156175595,-0.024838227976222975,0.37601617858078107,0.5509008082696892,-0.08777518924411833,0.8272266884132645,0.6677233806497035,0.731825217700943,-1.6908489200643886,-0.010337558726479183,0.01660967557816821,-0.1954370077410714,0.6942833380157962,0.20810563099474694,-0.33306356364738876,0.26414163532708995,-0.255762619635937,0.1737259659562857,-0.04687246773875135,0.010697726195558383,-0.06755466163888493,-0.04196501514090599,0.47787852660114744,0.21484560118164728,-1.0088382890322736,0.3539422364436105,-0.6200338420771543,-0.427635849841318,1.1527976281037031,-0.07142929809350158,-0.563225368588228,0.07204127980128425,-0.16164359364671818,0.6354827076032465,0.2609831279777156,0.2823667425788406,-1.2511824512614014,-0.5276691610452531,0.08647737294582282,0.01578468644711181,0.5465710209160636,0.6161213091702565,0.06890213970853555,-0.07865868615348635,-0.9392044195863883,0.4444274990545491,0.5419165414630569,0.3036997528093914,0.38893290385344015,0.6733139862083263,0.27186518065295917,0.1927090138409331,-0.46757313355789026,-1.198444626247347,-0.7404996640502951,-0.1864150460680758,-1.1660512552319486,0.5321037785856135,-0.6916749838173999,0.30913944399238213,0.2599840540277991,0.08410675554087953,-0.23028949031246843,-0.2171276535092629,0.14942024750737984,0.7610474309353371,0.0658575233662012,-0.15239263685175633,-0.010731419949572465,-0.17755953237023356,-0.02746805818107042,0.04604503199145184,0.5477112090550064,0.217175095756343,0.5082284919665965,0.5711194533309532,0.3202931029680952,0.10793632466635328,-2.2984527558940164,-0.2516387305208422,0.1547248096102259,0.0889568843058792,0.3417395115689096,-0.32638370529313826,-0.11108348481444276,-0.5136840713192018,-0.03494352522980267,0.8892356859431695,-0.04982039479145665,-0.15111068247347387,-0.20776699736648555,0.5141016960208938,-1.3343497784173834,-0.0625399519347163,0.22250048897269514,-0.6282455956712003,0.1230982836459343,-0.3144569446761695,-0.7649855162183937,0.02241574887791467,0.4643944810337896,0.19422650241092487,0.3034506148078001,-0.2609671407243291,-0.293437090458535,0.22111637745960033,0.8088285059705896,0.06953819065404122,-0.146622561701155,0.01593341051300078,-0.44953004016181586,-0.08480491529944234,0.6278779984414905,-0.06966056559331239,0.30094841554677226,0.19590013599673745,0.10107761271551595,0.3423057181607017,0.26978283259226404,-0.013598945958893669,-0.10920127278354999,0.662321328858286,1.2590579474040189,0.6633869438912697,-0.24363632357053827,0.32025939184919255,0.4669811443990269,0.6624585115285354,0.33462490315105964,0.3814116123152728,0.07490507439745141,-0.8830048123449946
Follicular Helper (Tfh) T Cell Undefined Human,-0.1809792762434186,0.21961243018062043,0.287851355412262,0.4055956620233266,-0.06884249570708609,-0.0004397403093316589,-0.36457807523719776,-0.009542552493255287,0.6436438782802516,-0.09067610772057358,-0.0897665445574704,-1.0184396650889491,-0.908349307840821,-0.2520835131882371,-0.0477369695408524,0.4181938964645963,0.47227414956173885,-0.22566902127767252,0.36834171653669323,-0.17505249226866035,-4.00152466756895,-0.04426951287439399,0.42471129520745876,-0.7279716532116063,0.42616087771032146,0.061094331280240874,-0.037026040148253794,0.08546921639182527,0.501730480674469,-0.5856581602510655,0.10321218623494391,0.09323192089266151,-0.6500525411480497,0.6299109349747671,0.24398255605677047,-0.3931668150231138,-0.09602893790308266,0.5016162783793316,0.5995131839799822,0.15142679133380824,1.0391458978426262,0.5719789246426171,0.06671856493250211,0.5657863023178202,0.3222664604664477,-0.5251497285558088,-0.34444779923739344,-0.29332263973101586,-0.6420704562969474,-1.0569089747797762,0.265859248042548,-0.22007319637955086,0.17825401404938088,0.7298057787031278,-0.0020058979997357937,-0.115868769082525,0.9134995709975018,0.6153841904483732,1.0597640883635724,-0.13752562244414146,0.4395999889594717,0.8578826729128115,1.0818206288723184,-0.650185848419922,0.22880890964118009,-0.03669669828072021,-0.23841083172468594,0.648770154622904,0.018557883682622064,-0.2671958376931303,0.005852305889157879,0.1020099368569259,-0.3134657882893439,-0.30752289880508293,-0.40895583135087166,-0.3542982736527407,-0.3343949403012204,-0.028610305935685212,0.18526405953252828,-0.7138069529791771,0.15243039422238025,0.933739676365282,-0.18516870034234237,0.5091742676172308,-0.5001468580716305,-0.5463630816017325,-0.07538898987818504,-0.47495902187209216,0.5296640597621116,0.3490117132434882,0.3536664095752378,-0.5877666206416894,-0.35058454452430343,0.00021718994072322806,0.30385231752596714,0.45312239657317455,0.8237761728383779,-0.3043670476569095,-0.05263960181496694,-0.11384646814214228,0.24326505830096612,0.9537338873587973,0.5488655184478254,0.41119995133871023,1.1450488948214521,0.25613040078605354,1.0374042793942035,-0.3140741357630518,-0.3054991427391333,-0.134367400723591,-0.675464281245617,-0.4260097651829503,0.2284729157586255,-0.23841588674808686,-0.01579576600044346,0.8334229874562268,0.11594974311789275,-0.3893032725593087,0.070050295930492,0.4009324476606632,0.824056854702001,-0.4219799124720968,-0.5129861010195853,-0.3898452137294997,-0.35419482892824194,0.2059162623203281,-0.1946575766829126,0.27095891123357113,0.06769610080753151,0.2651564666205244,1.4564632529658947,0.04145795896593833,-0.06148125095866657,-1.339033265484405,-0.6425743136026782,-0.384295712275236,0.030024244704727615,0.65633349676462,0.4044356689402441,-0.4869885799049443,-0.006683929996477442,-0.23208070633824338,0.1395671510478828,0.012024364966080656,-0.9365336904825142,-0.38897273154658674,0.6390269327041422,-0.7701417398908247,0.28438139175550736,0.1401903610014427,0.4138254747577223,0.28123082102028135,0.7064529637935705,0.04733425170489961,-0.18470166462838175,0.8954152746287993,-0.46709331964926565,0.25046474124457213,-0.979976932672513,0.1089148501696977,-0.02190094579016583,0.6696115926447642,-0.4742353803862239,0.08696664206005988,0.4169569790413383,-0.6551386589828312,-0.6951979354518325,0.38356605286420975,0.14908260194449963,0.2905918425434259,-0.12988979972030512,-0.8530416719284674,0.1644198371976034,-0.04948615812509181,-0.052209763867276236,-0.15968884414956885,0.9256071936238197,1.1322484186178947,0.1959936250631225,-0.2111635540071896,-0.11718587875492781,-0.5958474177887716,0.4370079477339832,-0.5285676905830624,-0.37660044593598463,-1.084279665803548,-2.7735269829550315
Foxp3+ Regulatory T Cell Bile Duct Human,0.199196621359164,0.2316235771533282,0.47677367394297376,0.1111028484783284,-0.6212609925241187,-0.12720885649246033,0.011871812670832853,0.06237785481592144,0.9207486455790819,-0.25122793737915383,0.3600009427925089,-0.8458612113821148,-0.8606998476232796,-0.5641923459447392,0.07157341352976002,0.4766104064597607,0.8029789294023909,-0.3342869977070518,0.2378486013532681,0.18504520899274735,-3.8755260711680606,0.22683642383303074,0.05217748770623189,-0.5082194259980268,0.34176864946908736,0.06720646229187036,-0.09203365532771551,0.05908380724191272,0.3797576771987347,-0.4268583156524303,-0.2943608802609646,-0.22002711832914043,1.139582506257233,1.0488755784840404,0.377283475817865,-0.262346885215617,0.010967821916756954,0.5424177183679654,0.5769711059624429,0.0632415549343089,0.8527320586144405,0.7348436025840386,-0.21108745227385087,0.5276137274544704,0.5541684798994452,-0.08234314775103625,-0.15575820711553992,-0.05201516629712918,-0.3047510994789601,-1.3542737471703212,0.3874970427927622,-0.25593774463655294,0.34864325726270295,0.3894171538096289,0.27170505811072865,0.2514457694541034,0.7661615951891405,0.5833828139812944,0.5651997063051803,0.10794047177459204,0.44590420413611215,1.1673342979194894,0.5318745726252674,-1.1219613858770698,0.3227144971132772,-0.21249887831505493,-0.29790075017731354,0.6877329392458721,-0.10295513447341295,-0.2325059941398243,-0.22156321085683578,0.1698480745389883,0.2924805052775507,-0.06751430542024607,-0.13534680286872755,-0.4722785130377873,-0.37559583395013835,0.2970564129967663,-0.35801872492970255,-0.892152013357696,0.42674150863939087,0.7073454228608809,-0.446173935969291,0.873070080112829,-0.47784064679929455,-0.4149560991311104,-0.1984694899409736,-0.3168182619643763,0.021750481008653604,0.10028635531220546,0.6323695446682456,-0.4849809413273987,-0.35385109671420023,0.573182020633105,0.7694865313884935,0.3191724412331769,0.6971463633066166,-0.3564241143064517,0.04621049317800079,-0.2983237116821492,0.35585642677139495,0.6875487501165127,0.44112312047548036,0.09616485507971634,1.4566203507495081,0.15816398869276702,0.8455359831296647,-0.6396719986957051,-0.5072512056963305,-0.6028134265743567,-0.8318557882542416,-0.6464131945346681,-0.014595007467761037,-0.23162610605601325,0.08455989795084173,1.0342878494865824,-0.13661581861796546,-0.49230193931135935,-0.13204869817008255,0.4424874908904922,0.9051427281773308,-0.5915357804108494,-0.7843431451530394,-0.6373092877875375,-0.31347862548443006,0.0839514145250318,-0.41192010112751565,0.014074406423248266,0.060616072956093725,0.35091325153218195,0.6850268373502939,0.18137334018993423,-0.5399108073768658,-1.3497134277857405,-0.6602221202398192,0.05495009231631131,-0.06133463802975739,0.3468859260143275,0.2962571198803691,-0.48904407762552715,0.07281726370244326,-0.2824187937606455,-0.043179021460175056,-0.3823051152312428,-0.6433120443480809,-0.5909618390098272,0.5521245079900394,-1.050330692367901,-0.18663941599499623,-0.2442596004832393,0.3429812444206801,0.2826789749364892,0.11864349561899212,-0.06982651443481924,0.061051766643888776,0.5999377540871229,-0.3029235055466119,-0.20352828205265913,-0.7366601113736999,-0.5624138287995468,0.06191895906797252,1.130620410588632,-0.360967894899097,-0.15319445318183453,0.4865649898469308,-0.6244956094853327,-0.9560411482670917,0.16211378499489001,-0.13242093308829178,-0.03302562412261357,-0.2662757639140992,-0.621680259833475,0.320311028821721,0.39331140189330777,0.5059592699658685,-0.7039167789943931,0.673920121906176,1.0877267113129525,0.1513869370339955,-0.29969649802364506,0.3710677817995157,-0.2145687662279339,0.8998738284754315,-0.020882526120852132,-0.17765732851864582,-0.8951952504874197,-0.9417406798591462
GZMB+ T Cell Bile Duct Human,0.2714562306097919,-0.00647209313385558,0.618693086875189,0.38816252612878793,-0.44233340104150476,0.2248993546412401,0.03642051641814063,0.3010945316611639,1.0836798732977426,-0.42173961749946787,0.11160374703817229,-1.1162333583987714,-0.7284736437354947,-0.6000268715868341,-0.38867032714727345,0.36132758826237166,0.8329593516360735,-0.13368333364778884,0.13698110863443233,0.33605741338524936,-3.8636005268630202,0.45904992223646207,0.041564904234927674,-0.6367387069876446,-0.15595464749280524,-0.006274627960852142,0.14741751603064437,0.20564952458834912,0.309371553151746,-0.23383192008368878,-0.4527875564481835,-0.3772287893598904,0.3987733749460418,1.4474358319559093,-0.059264269512269485,-0.19294471197227867,-0.027868915308916078,0.4024003231669802,0.5628628156350062,0.18147151848313714,0.636095435993565,0.8389133356741301,-0.3423947442011572,0.5015757732273592,0.5223507743306951,-0.07432941618547449,-0.21333381423727762,-0.029177060801958195,-0.047362831784128104,-1.2744944468571433,0.49462331689205585,0.01670840980780718,0.34701560999794423,0.29494468014819086,0.030023358427558267,0.4076473612366904,0.7960486198859358,0.30522061053003685,0.6447467763634576,0.40523314080635475,0.3867245603690577,1.3093138970703537,0.757722184208891,-0.632428657307268,0.674752608054447,-0.5330590111018784,-0.08860363483668192,0.6150911434727372,0.6671212177107821,-0.43341235635464004,-0.3136968142735088,-0.10651043695650583,0.41426914910689877,-0.043370093946931476,-0.202352045576686,-0.341755899889749,-0.3961552825096838,0.436991957734487,-0.449005029088315,-0.4849995833975848,0.27576065423271356,0.47858713906611183,-0.6374053630348185,0.9752223600965991,-0.6431579002675593,-0.4845468398719893,-0.12458910492952376,-0.14322695522838236,-0.321843436712325,-0.07987286980510748,0.43018599564725535,-0.33967697863197116,-0.12664642802185685,0.4793463053257517,1.0838534520891525,0.4982907423320128,0.4869307285311624,-0.43793771417997074,-0.4598958021835191,-0.050369792285031335,0.28044584942744866,0.6599499046291863,0.29496490340703163,-0.00723966931807227,1.7893507080175426,0.14720173576924742,1.281388268851037,-0.6926453149107913,-0.5834653356993866,-0.7038097439759254,-0.9701592257735416,-0.6969127381459663,0.08294277504903202,-0.1483924290163723,0.23584263535176986,1.1941199049984708,-0.13538026078360021,-0.508708928681322,-0.1914710984992289,0.4509689407239454,0.9562597390903499,-0.680166561493019,-1.1383681406869115,-0.3845701073128653,-0.006726658507114869,0.04983293278075502,-0.683257198091657,-0.05063354113848584,0.149923493512528,0.4203290915280858,0.4893322806931468,0.13366484186192792,-0.5721380405681086,-0.8990562994054577,-0.7994733236232879,0.14160233838232886,-0.36870987515065645,0.44923552733442024,0.4429879829663524,-0.5368815264148536,0.31940183543694034,-0.2266584069019899,-0.0736683599892473,-0.4133830085631858,-0.5769443582835225,-0.3113287786886625,0.47382691165273144,-1.16272045303462,0.033444109916697724,-0.22845117532358392,0.6539272336004053,0.46563163148972625,0.2795891832905993,0.18215849933203246,0.29532798775917796,0.8118277453160379,-0.702463637645661,-0.14661345832249356,-0.8691278010067719,-0.9132508827463742,-0.16032178737953393,1.4732523700145224,-0.5807522033093492,-0.1798618281919307,0.7001848068221117,-0.5792778795287156,-1.2177237697331869,-0.15031056677439733,-0.0583814373088611,-0.5694444269183481,-0.3298854904883115,-0.5518710428936972,0.4172543110922311,0.4552500380937378,0.5402869655804193,-0.921588578878757,0.4274391056712602,0.6363856164743956,-0.014340135034501196,-0.15372857405749532,0.41883115360248274,-0.30269351952704543,0.4834364082798506,0.026204300684742277,0.0037695795215226687,-1.1305880905966292,-0.835134228431328
Gamma Delta T Cell Peripheral Blood Human,0.44202415227053765,-0.014425643030071218,0.4789878828759208,0.8250302869813119,-0.4433813509728241,0.3867658591185483,-0.08231431546945983,0.1165173048647147,1.4301328995492353,-0.5585627075394576,0.27121132358416894,-1.0099764152807034,-0.6840739111752485,-0.3225098772791952,-0.29599701232226194,0.25669641513782665,1.0680328596643742,0.3071249654490433,0.24551361664786675,0.3960108398312723,-4.226273299121399,0.46939112733974375,0.3532331869309821,-0.8073731309494673,0.08374982278831003,0.009674994250517887,0.15218218682292797,0.11357103063205633,-0.02647311027921606,-0.6183991062903321,-0.2767936009465004,-0.9204105782002144,0.09921934550589856,1.0119124160947945,0.2579779073628991,-0.3295563944081689,-0.15573614862205165,0.03635521820500432,0.8316693089856827,0.012290939508005609,0.8760093155952663,0.8946696128750644,0.18225290401096206,0.8321899510658944,0.5785041508739658,-0.009251681021553089,-0.5270651397130091,0.031149965898187745,0.12200354345507276,-1.9147590479834258,0.3867025971755725,0.26689295923610895,0.3239234273038875,-0.12725941347869762,0.07375356281420457,0.212295138760551,0.6407785513384344,0.36085579370951215,0.8429748762696536,0.7556683034180125,0.5691747316332085,1.3826229767078755,0.9407509592343287,0.17725864231075728,0.8695974341508163,-0.44148104560803497,-0.18487542746860794,0.6908650650456403,0.5607815822346656,-0.9324245448572775,-0.6852474587625638,0.019425075153980356,0.08643965702083502,-0.3292048856968048,-0.2650224812934589,-0.11416301402052755,-0.5469173215184443,0.1196181690765269,-0.006035578690311069,-0.6282734364208196,0.28922109460282025,0.7225838241950586,-0.6800775177268983,0.8551294092765389,-1.1028114172245025,-0.4868287507237644,-0.35869569866017703,-0.5778222441328315,-0.29097710288713263,0.17673788523806666,0.016472322469395572,-0.10693139107005832,-0.16326107501755854,0.5826781216101108,1.1957144950279999,0.6680148355895598,0.6872546876972854,-0.433338335620746,-0.8229932443720371,-0.018550797973973136,0.019394254277848032,0.8733966828006081,0.7677993086083301,-0.08412859850854662,2.163011693859869,0.009794734549880113,1.5152532595921955,-0.21232599622807918,-0.20592905318909818,-0.2252919779503327,-1.108494289077476,-0.39717138541595953,0.1182471007889473,0.2261325365171545,0.0913007004407995,0.9089622246829748,-0.2546188827260995,-0.7164747300028975,-0.043057148636453955,0.33627792886581626,0.7947704146452955,-0.8974886464888532,-1.838995733637121,-0.6934890740964397,-0.01024225537992136,-0.37658376793541665,-0.7594805155211465,-0.008861530050779266,0.4078883447260831,0.37322521036424433,0.9376779712130417,0.36948598892969015,-0.2912634307435922,-1.3011929275594072,-0.7053808743010243,0.0762040232264349,-0.35200635159306065,0.4635630299613588,0.6896701730630395,-1.042356766240548,0.4584788933970181,-0.4694080566315382,0.08975597500500292,-0.02074290837019954,-0.6289276034545641,-0.2295602005229189,0.769138973163225,-1.3386493979586735,0.35064836746458117,0.19215340114063276,0.5416142127840827,0.5253547656002734,0.5687967399866648,0.18136161921495747,0.015580977046917339,0.8217742182596436,-0.5225117202653443,-0.16600583744250103,-1.2957738497423998,-0.6861526378903595,-0.6407771775783003,1.6213299591100812,-0.2519219372791308,-0.23505914908958472,0.679488748327246,-0.9232627533470413,-1.547242394790463,-0.12027264557365897,0.03021972019482493,-0.07235169985098197,-0.38889531581838194,-0.8960987426979571,0.4792628278017055,0.6720032753732016,0.9376830898764904,-0.8939988376261142,0.20591349356885888,0.5029517844727881,0.18549247204047886,-0.4257970205726624,0.5449709047523504,-0.7242053066719758,0.4779049699618522,-0.2169532488946011,-0.5696825783571213,-1.5486235169882812,-0.7759433556071403
Goblet Cell Epithelium Human,0.8395450452882247,0.33811495675595415,-0.3546824468038741,0.40823465750317134,0.31124960671509094,0.34150734446673664,0.3159787320056415,-0.12031957299127145,-0.4213254854439875,-0.7152964088967397,-0.4675236203298794,0.2414934312180242,-0.5010723021678657,-0.2563154495898675,-0.5943022144855258,0.4796472341097008,0.15579417618186378,0.8804146143546869,-0.7359177802562679,0.18363033338868867,-2.2879223049881063,0.43292483024332357,-0.31673113384248636,-0.6177818767340139,0.8199205768394456,0.6727838988493118,-0.12463177544931743,0.31100102439830196,0.4030961004920571,-0.9346783635268413,-0.17585848056886388,-0.7356765267099538,-0.14429437981167373,0.2120728892367603,0.615539943936682,-0.34459634276299034,-0.13555882221653184,0.12597540048314226,0.24047289059666746,0.4125763502515035,0.5655852377103404,-0.21616619630768127,0.06348737536164499,0.43777169613629957,-0.1489913708177944,0.29711516052871256,-0.20301593921900252,0.1553642375260915,0.34018166375887054,-0.8545579570626887,0.066979805258445,0.014808142033399157,0.08925584754128357,-0.7115433791900133,0.49803037623748153,0.23492288289966665,-0.043576833724421254,0.01779234049960726,0.3995498483528303,0.4060017180001789,0.6419778087933619,0.3934807390064736,0.6917413882552107,0.1308554617599427,0.34602350230757456,-0.06112762258084149,-0.023939873697827407,0.6193429147744091,0.00089675800670152,-0.871957181216378,-0.66015904230884,0.20959576860805915,-0.4723414281079831,-0.4574771941151506,-0.519553224295546,0.055928883230556906,-0.8143898978122426,0.11565237876360009,-0.06609208708755318,0.28338994887782665,0.2893408670386192,0.05460194474824548,-0.00044817265053061786,0.5039930233967038,-0.48355813312854146,0.03848775551173677,-0.3910318158625466,0.1887684671982526,-0.2413432999428146,0.07289269164021352,-0.8448761588091034,0.39726717462746636,0.40825704324790246,0.5600975666243261,-0.09753391551516162,0.3967993631276877,0.22959354717991753,0.17066444016314014,-0.8755203078868805,-0.49201287626401835,-0.15695477148200293,-0.243791166071759,-0.36825044338291657,-0.35152331466596703,-0.1762519749331479,-0.11917473209813177,0.13532311616550277,0.19990449098250213,0.11214388720234102,0.20964010398957633,-0.6049799810732912,-0.16427803813134687,0.5520995437384416,-0.13867889483935295,0.6549922701897678,0.5033054075891246,0.20207137909990555,0.6548309355738255,0.23705854739660936,0.4511995397280093,0.01786610440200897,-0.33560035675988825,-0.8707407743498062,-0.2854887412939852,-0.29406971691051337,0.30794851840442683,0.7540750112114533,-0.3087781297397508,0.17692603899361395,0.17665308019889137,0.7482783686076302,0.7272209685529363,0.06524059145257466,-1.0759943746155536,0.7660145627772323,0.24634644126034,-0.9605965813465602,-0.08414063740230461,0.4004990941769652,-0.37925632135864223,0.32201575447027453,0.5791904600321681,0.36711752751765886,-0.2884672255945193,-0.32718710252445815,0.6510192068218362,0.02470350790653723,-0.32088125865666844,0.3613422181329286,0.5078259348908191,0.06413592596058733,0.7771103530040155,0.057989444154492975,0.05213398862775351,0.4468747347088018,0.3921104186349285,0.27027953607972677,0.022295505542659445,-0.9972639967982004,0.04503114275924398,0.11483290105747936,0.515049437729291,-0.8000502260896245,-0.8829003077833983,0.29252005612617454,-0.6008997548199608,-0.6987769276429421,0.08121751250375697,-0.3138815022286376,-0.9043888598075763,0.2909721665750632,-0.814279311667945,0.5002921720009195,0.27421437946227795,0.6550999784316103,-0.5196476440566846,-0.5236020073861177,0.0017906921026743354,0.5896982144711375,0.4655776866639761,0.2501277729193662,-0.3822809391765172,0.11704098588511623,-0.02161724927697438,-0.6062305280477339,-0.4499488235532725,-0.6111656121689335
Goblet Cell Large Intestine Human,0.5904862230500794,0.7594175182613259,0.3319046851706279,0.4722159431731395,0.6513023438263056,0.548954353960356,0.29674598682785824,0.08430416075161887,-0.6192619203152585,-0.8385647283647651,-0.42113979675813784,0.4016213247723437,-0.6309974464543553,-0.16720490690254583,-0.7121664029621962,0.638644042387323,0.43506875662367517,0.56935664255534,-0.6817530113648178,0.20720009167033504,-3.8963680690422224,-0.007838348114039825,-0.30598264135479264,-0.8040888424995177,0.7112308531494472,0.3675118584049328,-0.1883328611408148,0.09993569786759118,0.11992082480165586,-1.1346729768915176,-0.09303316206794489,-0.8549809211140528,0.18589906333418765,0.3832765378494504,0.9016185025555347,-0.5408043586957438,-0.01576775650690815,-0.00916209751542167,0.3432733682012766,0.6087506814627924,0.9637708789409649,-0.2616648774880862,0.2678878462793976,0.7115584516595269,-0.1288470101178312,-0.0990772793398278,-0.2710136732723151,0.08183987162462643,0.3664579844589746,-1.106215030323942,0.17059244707596716,-0.046256947355384916,0.22102915840268322,-0.6326020008286442,0.2328203057330957,0.19064456645541436,0.41139796588700006,0.3395043883825248,0.6658542162426695,0.15785533514751407,0.6316645804798245,0.6201828220759497,0.8596872683930012,0.3445927499511047,0.3087929093466631,-0.05657966468885198,-0.08306773627815378,0.6705253602021497,-0.06009195989574636,-1.0064067631938443,-0.7533708928722553,0.1500414209535333,-0.6377983360995757,-0.4721462910707777,0.0036944662115106206,-0.04811780134705367,-0.7945765593382432,0.0303421314064315,0.08221005176135353,-0.012484794972034996,0.0019696542076963644,0.485133036114366,0.10359800826596238,0.7429383999533647,-0.753471422647031,0.11097754993210932,-0.6141823646356033,-0.06986021528362552,-0.2583795883629532,0.3170610899352772,-0.676026757424991,0.3573998318329216,0.16906755187411285,0.7999728152725488,0.48985202485554363,0.04217299366729416,0.3873527580313702,0.14987930879101946,-0.8089679648331525,0.20901535825364187,0.16035769710262213,-0.29992993317246175,-0.5394949098778292,-0.09498314290562804,0.058973379177678725,-0.23830111887020214,0.386925252244008,0.4365369829028511,0.2985283980733237,0.3973512547170975,-0.7635686731489667,0.24897144164108434,0.3015415628023658,0.24355788562498817,0.25795974533173865,0.905509917750681,0.30377187603368166,0.588622381352255,0.5000420610296695,0.47466250477171795,0.11177764772734772,-0.3330478803029335,-0.9576203367752573,-0.2816284654742853,-0.200591086023489,0.26755752149553114,0.4070891508227621,-0.3642863189353944,0.30318123854411044,0.11467159836240477,0.8971671241157073,0.48546488554026784,-0.19370060605583478,-0.4029738921710928,0.4288036159547234,0.21398188805465287,-0.6853546015343588,0.08471140112300024,0.16509552153282053,-0.17589236613157883,0.36163565179113405,0.3522435782169119,0.08014785707426035,-0.030365118613892992,-0.43617852149326924,0.31013901795559473,0.12855762303853246,0.05878621190522017,0.3368282140101391,0.47883942862598544,0.1261577556692363,0.7867881757500489,0.6430115760615001,0.06087582191848249,0.31493497343802823,0.6398788280451361,0.013651765183406495,-0.3603667941867218,-0.9974681934379047,-0.30119854219253284,-0.0901327820096913,0.11885077333908885,-0.8475081764965028,-1.1307695639746866,0.3368045769240561,-0.371556706885317,-1.0083476634616204,0.4754009618596812,-0.09030083821509803,-0.8948355258207074,0.38469110694386255,-1.2453714823305324,0.31558736897853173,-0.05347534103942083,0.5811452533646309,-0.35334867625075195,-0.3764566817990592,0.342997830342984,0.3313615274060124,-0.02093299944370576,0.24532547246532466,-0.6808819395971561,0.13621148212441633,-0.3771744332453535,-0.821299878845237,-1.1131005103853047,-0.8558739041388032
Goblet Cell Small Intestine Human,0.39294119291622975,0.373335813022296,-0.24714605623682817,0.20744773285866272,0.6469519633432839,0.35460020809039716,0.12821624016796912,-0.1403720900871512,-0.28099365938377574,-0.6164349265005,-0.25530449683772777,0.029593333502050463,-0.6230082192186166,-0.24762255266571986,-0.5993370023213755,0.6817344770773588,0.4121361692543977,0.4379497003485816,-0.47893441633184664,0.0891372541442789,-3.475560775997073,0.14609450320958361,-0.1063742598293688,-0.5925367172671057,0.7455445549399318,0.2762460601737894,-0.09630658241062963,-0.1296305601214917,0.12582283697862873,-0.9300804012243156,-0.32301912621787277,-0.4042948252181778,0.3165350927665372,0.25602346201126386,0.7433969450900202,-0.3681639095370494,-0.12994523762126087,0.372586260196368,0.4813416439501902,0.5690745712425098,0.6561108053924009,-0.10877353594287371,0.0975262056404679,0.2089631861285846,-0.1322953422892646,0.14428162414132273,-0.10461281251996506,-0.04719557719074755,-0.036139297433442984,-0.7759711191638198,0.18092244427651782,-0.05306554486457675,0.06386909910992974,-0.5799961849732419,0.21077270480245533,0.17443365864646948,0.24654303173809647,0.27109589780430227,0.7089679820142731,0.09491884153599514,0.5503654280382675,0.5867873567359437,0.9508936171337764,0.08790227442975278,0.27001048774058606,-0.22617017250372187,0.006624366047746485,0.4699492681075347,-0.24405741636793615,-0.7198486149037405,-0.4834493026293612,0.04027689533578947,-0.5222953536104049,-0.5543651323194795,-0.028613432323122672,-0.1649387295944002,-0.5611232936464683,0.02157933299852865,0.1704171002414559,-0.12715632902046614,0.09549136988146309,0.09837604104720538,0.16232802410439712,0.7570222630228289,-0.7289586939705675,0.0008562888822038123,-0.3896668117773595,0.020034350874827123,0.03498158934253739,0.30505110017607273,-0.3698341999983942,0.08260875508452578,0.3841177119955558,0.5518343023011566,0.26440833990197216,0.2828007695045441,0.49365242793934916,-0.017558122015357207,-0.7073068874595598,-0.5691519891674216,0.009851413087617836,0.01364264307667192,-0.4431899341236819,0.05826200986657878,0.3160701990006163,-0.07900886911336005,0.4164013128934558,0.330906632832393,0.10844978963796661,-0.08266948376972522,-0.5087309785333793,-0.05867464085468278,0.30196543726972663,0.09194887909355767,0.32647420955366263,0.8087167201588347,0.3156129100402439,0.39395656555404746,0.0779406251995235,0.4010024232054009,0.13817277331383523,-0.22551929684071995,-0.6686932877589258,-0.2125160403754019,-0.2797527238311105,0.17315280478760936,0.34151345734508853,-0.18614723012397671,0.264756853923262,0.1943696505115979,0.5293822634360178,0.47439049689477597,-0.10515852284643612,-1.3230521174957317,0.5122830630243871,0.19115313614485258,-0.48111370086583544,0.15182678978572237,0.20562551979925758,-0.1635674035504701,0.006680671982784145,0.18798605133061957,0.3716032458451443,-0.1513160887342801,-0.46883958887646254,0.19411836659743678,0.12383937465063521,-0.2161409492031145,0.22463885657132793,0.47964777450112706,0.04306044855229261,0.5812297295478178,0.402310667386865,0.17350240605468223,0.35263994789515635,0.46986964566560785,0.13315229326558478,-0.19270063125521078,-0.715065102026063,-0.09937646481528083,0.11012835743854725,0.26290513280544064,-0.5914416467002257,-0.8339182911942326,0.19440756156588354,-0.3543714975621096,-0.727964546495622,0.24135211114801952,0.025409784203841202,-0.624998783905441,0.15699232392655976,-0.7786543132991983,0.5673784055260211,0.19262389267245308,0.3522372436705664,-0.4068493717001789,-0.12760604482205404,0.27568349443717444,0.5767163657996633,-0.0856206512241188,0.32222650537007336,-0.16768547916207302,0.1912935813786838,-0.018837560429067667,-0.5116102207408086,-0.8311488344186323,-0.8753977692486865
Luminal Epithelial Cell Breast Human,0.8321977019518629,0.8104315062403249,0.3357489370058192,0.8268639775573078,0.8490914742409192,0.6970962621132072,0.6473829182100587,0.12920408342636064,-1.2384854978195199,-1.2498216148006336,-0.5330511227545538,0.9788205583783598,-0.6538751783502329,-0.007064701979732718,-1.459788344710264,0.5149589550773287,0.2769789567315129,0.9049655892900674,-1.2693368831998777,0.45838238575294604,-3.9562634629299174,0.13799822185902166,-0.5358395345613673,-0.9796656209854921,0.6946622350758349,0.4622861447988337,-0.08668632087805829,0.08887246746419171,0.22872589658256642,-1.6547044944385025,-0.09850596265385085,-1.3028526194816386,0.4200993724416011,0.1799785216374329,1.2995354280463993,-0.6258573384465944,0.22226717838909274,-0.1931978796752058,0.4540204832517798,0.6183025154113405,0.8639493974792598,-0.4128655401896274,0.3719966877215447,0.9432662155853065,-0.4075294963040829,0.1380139628964025,-0.12463303706333262,0.2302155461726766,0.6756349194617026,-1.529474837737578,0.41224418720413963,0.08912616081261368,0.1906118992100546,-1.001412310900595,0.5313848558526664,0.03344143199162459,0.34632541183180743,0.2527556216366706,0.7173667316416905,0.3842794911642662,0.7870435173919751,0.6344522134976259,0.8323975981274413,0.7069377083270831,0.36541878999159566,0.10839482772916836,-0.0858949983347113,0.598072630059339,-0.017054451605154432,-1.5767710197976352,-1.3749702634570005,0.45886779991993565,-0.7666961009928777,-0.6909936735594252,-0.1931209189548812,0.07612423753235398,-0.9718178744758178,0.1011328037287288,0.0924706811544462,0.2996277006155493,0.2790444652647047,0.8041946921054461,0.1129629298390327,0.7322272465279641,-1.0104263445419481,0.38899268879923077,-0.7307160848773826,0.06999800021199555,-0.978683731724757,0.1285331371911324,-1.4109962748028273,0.7962009960591756,0.32082955567091453,0.98358270025043,0.5426330172609996,0.052523723843351466,0.29297103946721265,0.4789858630504996,-1.4338594103373559,0.12633095954460868,0.10725717899152375,-0.6479725396513799,-0.7746105270453798,-0.2769678686294624,-0.2753347229151644,-0.3947930497554082,0.30473207306687505,0.6861356754814082,0.49039234392756925,0.6532018737237726,-0.834516707935965,0.5722399427543166,0.40082558958705783,0.31892731791745943,0.40845803131497527,0.916730975742317,0.5067606452885849,0.7022714412963879,0.5528940970152021,0.5180191816751907,-0.047040843074830405,-0.16501513154637046,-1.5068089229658332,-0.2538446112906127,-0.12895168426095038,0.6556931950782757,0.6662484101586663,-0.2940700559340384,0.2096499265754791,0.2773412691499139,0.8546922681456707,0.6943049924483367,-0.14624395739645452,-0.8534065408723095,0.813398547409535,0.4283174701041273,-1.1623707579659572,-0.0670846101426962,0.27081875257419197,-0.16305137513313683,0.4385553078374259,0.4252829457865027,0.27962074673474135,-0.20453870298166382,-0.4237517261373535,0.5308281657791778,0.2979633857099759,0.1863185234450688,0.5611974697193842,0.4372639404554759,0.2526784080272663,0.8918183371503218,0.69313430202967,0.23567394850093462,0.6389402415095058,0.6674636461439606,0.31134691370105166,-0.14000241468543448,-1.638190490805524,-0.21995723639585218,0.08254880214586251,0.3421615869803076,-1.0246605093316872,-1.545772062538596,0.59436543539924,-0.27697690393046626,-1.6707854762393237,0.36833955107862026,-0.06573068029312978,-1.5393112183169524,0.35379624155606476,-1.572583185273815,0.5228420981135826,0.09989080783397876,0.7858299184839549,-0.5440126788962414,-0.8184065558989967,-0.044519571739490296,0.44169976515834874,0.10233746847036196,0.3522510181772193,-0.45236981949110966,0.2972259676349115,-0.2888795544759514,-1.1079736811961731,-1.0637740435019092,-0.4239285917801858
Luminal Progenitor Cell Breast Human,0.7137211649865975,0.5175809188516659,0.5371532917928342,0.59742222093776,1.5006709128980544,0.9148328420025386,1.1010786531123624,0.2160552154982093,-1.9683547326982294,-1.61466820866543,-0.7730034529206812,0.36835941736086325,-0.8043465605827719,0.07398390176061055,-1.575288491736014,0.2213642310215387,-0.07087998298897755,0.523349773253391,-1.6473924679454897,0.6337582477166146,-3.0929209970770475,0.6942659480314813,-0.44512436262563354,-1.023143824406085,0.91541100440339,0.14607917317354768,-0.13498873458569297,0.40169049759817654,0.4346506463092661,-1.9449192555786887,0.45879016543811685,-1.5250076139901767,0.897907779896661,0.384105325539759,0.634859258406461,-0.3732316607472519,0.6296543972127534,-0.32053285423550587,0.7864080784487245,0.9220623739501185,1.0036039589792465,-0.6394991262409476,0.6277495895470577,0.9282942617476703,-0.7962465207595976,0.3464479144401817,-0.1922175119519583,0.5664794914513012,0.4913397392885798,-1.948708312540454,0.4818857713512843,0.4091943459488888,0.26213020601863285,-1.308484264041918,0.6468905370669371,0.22573104932889826,0.7291861509820854,0.5383274499884043,0.7803468807495922,0.6790367113004989,0.8532366735804701,0.5090132617482602,0.7126126515796483,0.3332360461782275,0.556015467183778,-0.028787855861458447,-0.04280231434662614,0.8654029005219321,0.5263256798473764,-2.0095163336468,-1.6331612832721147,0.45385922838582266,-0.6282455786232931,-0.6848781893592222,-0.6901208046165314,0.22734089233326363,-0.9875189779266461,0.04516274866550984,0.3082637801949258,0.7128034630280807,0.5511539445239867,0.7774641456430742,0.5706593384339653,0.7230822755085545,-1.1110419814335166,0.7226609324657537,-0.720514033449388,0.4710767065274654,-1.5361555448151634,0.3101418299665952,-1.8402384404733803,0.21091727839390523,0.8672476153460734,0.4827727827458702,0.17146636643839058,0.12416770552594625,0.663760514663034,0.06586421674523103,-1.5708677525501615,0.3155408794066398,-0.0005095821824182054,-0.9894690828976082,-0.7148708145653476,-0.250571434384361,-0.44554305644238085,-0.5382439999889155,0.5729857538121086,0.9688552938129977,0.29171814207743973,0.5325769895082014,-1.0529947031261522,0.7676569223719129,0.4652804139859427,0.5464937235398079,0.7639296921977418,1.0770528667234975,0.3968947565129396,0.4032490369803687,0.6307960252083021,0.6570908581022087,0.1873372220736199,-0.14181679266526326,-2.048469381345353,-0.29942844866624213,0.20982617203278586,0.317706775777903,0.3914741391937293,-0.38051618984464175,0.08860126023213044,0.16985973648488628,0.9137279769793559,0.48723036325360486,0.018161946310255212,-0.3620335037284267,0.09067435647781266,0.5528903526496,-1.5269893251553404,0.152539180575375,0.4235606408917644,-0.6144778065343593,0.5800837806554077,0.09947052465222588,0.09395459686806751,-0.1012618298910212,-0.35793204544889434,0.5559711454013471,-0.0050315417438632415,0.6743472117849186,0.8192131485183548,0.5933670467034303,0.25842294803187305,0.8658193656999795,0.7728197420301925,0.8078110020760699,0.6364935819309998,0.8364138931859685,0.053247179951138764,-0.0910109562522623,-1.8791449771839184,-0.3418631798513869,0.15301642028639348,0.4730571405915003,-1.3137022763678645,-1.8748627804930058,0.6594745390647493,-0.05911002822669103,-2.017057700079283,0.2527873598636216,0.07399239653084642,-1.7564565118142037,0.3239657342814504,-1.9561706284698308,0.3558215744411253,0.5415717374398356,0.7442841913063704,-0.8702482066847593,-0.7218862929651307,-0.1368265501754788,0.6963981997901894,0.6028244745453688,0.47723417657977607,-0.7042251868459773,0.33290621885601096,-0.30283866352441985,-1.422853711943024,-1.194436927036984,-0.3303866089883543
Lymphocyte Lung Human,-0.13735395313955928,0.3241253657382977,-0.3548773113571481,0.20983345019850833,-0.7813688496197079,0.11667259619240251,-0.2790517687014768,-0.0958486149343946,0.23432879453523228,-0.0611224058730658,0.23543840347426265,-1.4243071629958752,-0.4595074134290025,-0.15838642050874557,0.18517497861526772,0.8425116452960099,0.520201922520416,-0.021415131558439306,0.15091300556944004,0.013489346993364067,-4.243818764604574,-0.301709414621463,0.40029978155189694,-0.3368256023347618,0.37554234260226294,-0.10649661492600208,0.23690186833981067,-0.080403869447953,0.4441135020422192,-0.4761792898491529,-0.33550440332704323,0.1284587349682229,0.5776281576795239,0.38026304126222393,0.10074918754078417,0.18213130678318476,-0.5709172535758682,0.4935714239824316,0.3005886895839168,0.14254192399234267,0.5429012844135226,0.6437493170876091,0.41925824809129225,0.11910807308498013,0.35331231944652763,-0.25234900905471674,-0.32485998632295954,0.0015724776826298262,-1.1204050788670483,-0.8961847119097476,0.15489312928756513,-0.0674510423750374,0.08268000659880043,0.12313308822374007,0.1881596373231603,0.12974109858210253,0.3290299874107441,0.5441665596964163,0.7650663863735668,-0.28865493595506164,0.6658551104463938,0.7592474699779082,0.7787146052618767,-1.0448079460845636,0.2531044694966732,-0.04480194924073803,-0.2288574456168529,0.4243755119382898,-0.23803390049375253,-0.43133127761300394,0.23089270009793167,0.12719778478856275,0.03687596519545066,-0.07679145347047515,-0.05330935629312326,-0.3010911517993357,-0.2780105668172068,0.6486537947742687,0.11715528330682497,-0.953171480270362,0.39762927546643445,0.030300147819903173,-0.3415601061691839,1.0206019743575108,-0.29474989378614314,-0.45285435719635625,0.015927724287911116,-0.557768986950321,0.31868007278776167,0.10747775805766184,0.20898499601252324,-0.976285087827061,-0.5502389584003526,-0.3360929592020856,0.11110854199552234,0.3058524660223783,0.6370565465573576,-0.05023986090220163,0.18124886088638154,-0.5684851451487832,0.2993750740376491,0.5176020854193997,0.25714283894501266,0.2993208367685313,0.8441139599279024,0.03550082541796361,0.6891910056374935,-0.4423572396110105,-0.13005806234944636,-0.6175444972366648,-0.39957440524579574,-0.34572776773012115,0.28690909738585196,-0.4399599358670015,0.10949446822632722,0.6326403024860053,0.20539266052950525,-0.39314147647614534,-0.01634429762230265,0.49239758028670766,0.7040667483085292,-0.0658116034281648,-0.6398813532683824,-0.10601921594505556,-0.10491039880606472,0.11103421223328032,0.05924692991397984,0.2914305892639022,0.3992863326492098,0.34088229422147126,0.6739516716980847,0.2264970865632364,-0.13749403223340742,-2.000298797283523,-0.11901571807091522,-0.08446681201838842,-0.07065457794309864,0.08157767154321052,0.36349197804258454,-0.3249298053104133,0.165580193631839,0.21779023515777785,0.36465532551722923,0.06482484526886692,-0.38138188657790156,-0.0518242188089341,0.31959798742887513,-0.9404734012045871,-0.3066004733138396,0.25860799266294815,0.16464804206769354,0.15342369364437997,0.1643489996691283,-0.08187897334261504,-0.011366236251445394,0.4790521645951058,-0.09561083679845075,-0.0798283551346158,-0.2875227380188034,-0.1444529511485388,0.07246072717019787,1.0161557475001577,-0.11522575239830428,-0.09037587681471064,0.45040500608666634,-0.49558811472311515,-0.4620238592307821,0.3718483710079846,0.14892203900105952,0.1614766466610128,0.4246901838214999,-0.47645613186713,0.1938722887581759,-0.16851379160045124,-0.04519735973613274,-0.37451150580169956,0.4394055310716782,0.9117444365651645,0.6280225993487196,-0.4730442223721944,0.5375644509289855,0.066458344894229,0.5476377985324559,0.2751416676334888,-0.030372141188274034,-0.6468753840222481,-1.7372786110599918
M1 Macrophage Lung Human,0.29621783857427864,0.43508570254256185,0.4233214705282483,0.020660610223339444,-0.2212283069203524,-0.015042956558673994,-0.1697004354210884,-0.10444226745190097,0.30502537563023946,-0.5163748006986575,0.0051291654553503934,-0.7865309539687166,-0.8180871044177414,-0.3557960304071508,-0.05240970498250403,0.33013712159901276,0.4347507894333913,0.22738231050367358,0.7107557455549371,-0.13706604583608195,-4.1755153768915365,0.160158408300065,0.09607220301593448,-0.6872178967596956,0.1187029307215768,0.028880109322777993,-0.23496510631311143,0.13228993760475358,0.7179862938957733,-0.3107640964196173,-0.2775590864311773,0.29285127016847917,-0.1628686603068108,1.1734123015055897,0.35677419227448876,-0.17544688086773927,-0.32917714917185836,0.022036037137981176,0.7653461325719099,0.20990822331917433,0.8319156885368181,0.20436159384328997,-0.2344751772520131,0.47501799677074813,0.23892565726231949,-0.1386739194495891,-0.4699923142436404,-0.059553136645768126,-0.28570977805725944,-0.8207959178071699,-0.28604861145692495,-0.31485394481780793,0.24867872098882907,0.5870578849921017,0.23892057281465648,0.1618645101585333,0.6260149611470845,1.0135170964018905,1.1019576557341346,-0.033232253838235,0.4223286374959964,1.1628891626914275,0.5975524300344167,-0.40445305386991537,-0.0669691791562933,-0.22052031617708903,-0.4047639903090149,0.7739127798946486,-0.13243003430400602,-0.3668410861544452,-0.3242744519056711,0.23604881489736249,0.3007289762544156,-0.44912177978920675,-0.012611795967625796,-0.411457991398629,-0.38322096140631834,0.24563300313889858,-0.18596092147521887,-0.21783853128125538,0.12078159177436006,0.8528099508273242,-0.6743290258794346,0.9750183460261695,-0.18706290332258438,-0.4042029880747503,-0.15376272603576038,-0.20094680954066332,0.0931583015707021,-0.17355897090853786,0.20100161034420247,-0.30444518551294847,-0.2098736788759023,0.371699918739618,0.2745141796148774,0.10965898380808739,0.47974207162080973,-0.24610558713344147,-0.07192575866624502,0.1055533438756481,0.1416732815839466,0.8927953939572376,0.5718208359608058,0.14345857665302733,0.9236653582339848,0.35863489027888634,0.35323464784733594,0.02068648898615545,-0.36830739481260844,-0.17599088750646938,-0.5663908714616366,-0.7514455679565345,0.2565306986088463,-0.2692234336475117,0.23894455474168472,0.8707920212850019,-0.4624486040118026,-0.18349027540362678,0.582273994017464,0.4015278997727204,0.994779241573532,-0.4713470429594268,-0.7804687225173699,-0.5328166014256892,-0.30360609802020344,0.17306148707259952,-0.40275424622747596,0.09367987554064265,0.1982816138661963,-0.04484577045102469,1.0401992276405938,-0.06607800279702593,-0.14555363436649252,-1.031223728051581,-0.3993453265934046,0.2384274764337168,0.04474566302415978,0.7410430370535717,0.028048891381920044,-0.8245022631478708,0.1975840064559426,-0.07119244494171277,-0.34326493136500125,-0.25182957547459894,-0.4118166408931802,-0.29356505388393483,0.3655522581760763,-0.556630002739836,1.1172014866978675,0.3088747072168929,0.5845180035735574,0.5109434263937175,0.6473149513812689,-0.006559518353359511,0.0119459145528695,0.6584146110334972,-0.5494558179030169,-0.22062427839828558,-0.7700981759125718,-0.19335319737574214,-0.24461183524015392,0.4680743012645024,-0.5886989216797577,-0.2628746339007504,0.9608902857171364,-0.5105667323499593,-0.4175198884216808,0.20474067393887085,-0.26533417652099756,0.03795093019183316,0.1582949493010814,-0.5336108412979096,0.36430242999042306,0.16582740215896657,-0.024854009924816248,-0.406024995179306,0.6512245323785603,0.5082275661401973,-0.03158435405402704,-0.4858155133220247,-0.5492622462415866,-0.15796903175660895,0.5561952517590335,-0.5876561999548695,-0.45348721802687925,-0.7996471060337417,-1.952580001937423
M1 Macrophage Peripheral Blood Human,0.348976264132997,0.631702840097767,1.2290114708006914,0.14583664839519528,-0.20249540208362274,0.13377051198135737,-0.20820083418477173,-0.05525584521519958,0.8914236933008659,-0.39193654291326613,-0.09088336824508939,-0.5177494346603253,-0.9702174394387474,-0.12588360625949882,-0.11758008496123501,0.44137951468763875,0.7148464929335828,0.20417627725572673,0.9186137452147558,-0.30596840403608366,-5.79451801998941,0.027031344862731264,0.29952716045882305,-0.9326856343433353,0.5081466456630813,0.12751568783178394,-0.3403100618522776,0.026608978607920664,0.8411321772218332,-0.44776824769919493,-0.08449257150165322,0.24704025679295782,-0.41336582196557575,0.8764270950773082,0.3731726778805056,-0.08773665896365716,-0.1619702461757831,-0.34977878733410334,0.8105719330190261,0.28881670567292994,0.7107972227156416,0.78674502191104,-0.25840769379047207,0.7770019312983144,0.519392484983033,-0.2393168947197123,-0.4149391009015037,-0.07838353096223928,-0.2263288617414779,-1.1099943161828298,-0.4377036035947746,-0.2713025669030579,0.12776083036979677,0.3487170144084432,0.38318313602439674,-0.19912489232305444,0.6118726384037522,1.1086354078879461,1.0307145943851206,-0.5017640109461751,-0.004736633291490544,1.1333368329057907,0.6730582129679044,-0.277329702762924,-0.020853555497381458,0.10119340794989701,-0.42580894451989354,0.6925708346339863,0.09400760420413125,-0.5589570753130491,-0.19933990944583424,0.3331511418145825,0.36195117483376454,-0.46088124409703285,0.054398426855932,-0.554792528945907,-0.03202265789912435,-0.14061866404699758,-0.055893842306083116,-0.42519679828609375,-0.118364212088359,0.9156579194101394,-0.3654181420858658,0.6384056012998518,-0.34928826759292125,-0.29943693153028117,-0.21750305202813214,-0.28718372811698917,-0.08119453327485869,-0.07843092317457002,0.14380378145369477,-0.3345572496622824,-0.3814393207243299,0.2547076335737945,0.5249154134289727,0.17684692679477185,0.8213283000493675,-0.08296352589646329,-0.07808304533887762,0.4534510362154281,0.011608992796622959,1.2639289679438483,0.8990294504918187,0.12642835215422335,1.2647057483899742,0.1995752848614929,0.6243703123000933,-0.10886638786265011,-0.533645817442416,-0.09566430211596533,-0.772911104465398,-0.80731553212721,-0.06040057248765989,-0.18244966153516937,0.1922275931730714,0.6842759601461949,-0.36283272543083905,-0.30599622552348155,0.3916993408867077,0.4605583420768595,0.8350939329642073,-0.4448266089536322,-1.0585408234381617,-0.7122768889667863,-0.05850802902023502,0.29145113633182285,-0.39328971589963974,0.151816151015657,0.348078460750714,-0.08466245341755618,1.1228778792133338,-0.17767310000327952,0.14955547577143216,-0.31177917790543985,-0.5677058501343287,0.3041115740637311,0.22571673325315086,0.6793468553102451,0.2791238470179626,-1.1009189091475997,-0.003055710730550776,0.18538393709527942,-0.425495058198808,-0.1661871004501096,-0.6060621394884437,-0.30657057277851796,0.36412621991248756,-0.611987372186033,1.0744860298351957,0.272414062603198,0.4705509897287208,0.5708102627227686,0.5323704551760584,0.19049296181812903,-0.22050100700982506,0.7180017815580441,-0.8904553776056257,-0.20184022793346343,-0.8610047245080786,-0.21696414084528515,-0.21077486886214977,0.27068540547803427,-0.3165226807823229,0.015071015563405,0.8154336263180846,-0.2981100859947379,-0.6073611000762349,0.32964781632976176,-0.0867663195922903,0.2368054343568914,0.1917704702735339,-0.9223710991649241,0.04271939401705621,0.0192450192307952,-0.20643947418328976,-0.7300818555592307,0.9030125988965594,0.9786604181019576,-0.12405423372420116,-0.7505342104309117,-0.0903724779646201,-0.1444469091221105,0.448656013099286,-0.9716644461341889,-0.7209143020233181,-1.2631554986506988,-1.738943104006126
M2 Macrophage Kidney Human,0.3654222736386338,0.6049958201487299,0.09041176173539736,-0.19044515583575813,-0.9914740467127001,-0.4944313936335171,-0.21089900225017982,-0.4052941179053248,-0.05662728459305863,0.22176453592651146,0.8071079044597953,-1.4961844295728768,-0.2994877764112157,-0.7845727457919991,0.5588817769289298,0.6403471851638743,0.9282385840403652,-0.06378626536955023,1.3937344495317512,-0.420684925062132,-3.4183469979869776,-0.004703789029312063,0.41894637948318947,-0.05996128574192586,0.6777041359455674,-0.07410371766457521,-0.6722281548086064,0.22566203039750635,0.7596219083865509,0.5611207386456942,-0.6925623281987445,1.2031675520236902,0.18279908344405232,0.6981934053940907,0.2308409400254417,0.08809491657927232,-1.2835572281617413,0.2687431653125829,1.4655437150803499,0.41903755451368485,0.5947156275778033,0.18588582556540514,-0.6916329827898251,0.23384160179695335,0.7568259890568241,-0.11474811207899016,-0.1273983830848575,-0.27684178284112015,-0.5594252959574458,-0.6791187469442898,-0.4097151648427081,-0.1707309415367075,0.09080653315576864,0.4522014869502518,-0.022586282565620612,-0.2371841366650719,0.13179397887731648,0.6526861871461506,1.2596447347506488,-0.6184665158938424,0.10916529869469302,1.081769945134513,0.07903359568751886,-0.8700143403352623,-0.36503464681702613,-0.09006120317943234,-0.5627452384917683,0.7700684130091083,-0.03231289919099116,0.48129446461824155,0.28153323811520453,-0.2505335391868523,0.9615584390392352,-0.4741572309053226,0.6790327752517819,-0.5124686618064699,0.21309482385403938,0.10897255957461448,-0.015519326524059306,-1.1050507065004496,-0.1036548989442872,0.3925572605642196,-0.549699990301837,1.1998372021177188,-0.08438306213861625,-1.0069771842105149,-0.23333758787696282,-0.5221132403141717,0.6896590341289173,0.30499415975888144,1.0718584949272045,-1.042208109890546,-0.5921815230580532,0.7079233975189487,-0.103273901723813,0.016360946704221627,0.7829880407432268,-0.8329367254580137,-0.35310627517219084,-0.5131895949821528,0.3831939697713718,1.4417121368066312,1.2119955098846695,0.4159495358937402,1.0080871162763645,0.5645554639284299,-0.06821100298603419,-0.8886606407418881,-1.0996503155935717,-1.0819914160726987,-0.6576304324210978,-1.260097332189206,0.13091979454789343,-0.8297087607247324,0.11042862300202189,0.07861952035299141,-0.3673970526781082,-0.33163614823242316,-0.08342338208201405,0.2155961936931393,1.4717062565307906,-0.6599804516884614,-0.4859002713374555,-0.1704099858404665,-0.048417460620292826,0.2842235470553518,-0.5763367376267473,0.46839680922355154,0.6006938283711327,0.3602712741406443,1.0416162867570251,0.04515201875993588,0.10433194477046556,-2.1719982949162318,-0.49080173432418844,0.036794288994245805,0.40101816693406667,1.1566061143654442,-0.20962396119830096,-1.234756423951336,-0.25963534745854333,0.33298266523355274,0.5397603816215688,-0.25142315211949173,-0.5148145108096568,-0.3280729154540081,0.43572847533097153,-1.5123521308618506,0.5768517134470691,-0.030888742491506558,-0.38242436260033685,0.2522178180416533,0.25873277382553095,-1.1663484633405203,-0.3810715606430789,0.35363708256739695,-1.2185517800690677,-0.024841261218442517,-0.80278512920629,0.10941000517922546,-0.22110526542942063,0.18129992045913615,0.07872453195061613,0.44268001678525176,-0.19950941659036964,-0.9281620095669746,-0.6549360212482019,0.660415549950121,-0.1304009350973441,0.6938883634567022,-0.03662987146075468,-0.42521586220161606,0.7877526506342685,0.7060722016605979,-0.2980485460273969,0.06602322077131353,1.2115372914423652,1.6866494092474724,0.17770835353816572,0.13709481827148853,0.5470580748321594,0.5036468844761416,1.1323314132288627,-0.054769293164347504,-0.5709794407051145,-0.9920300810053739,-0.6607691062021867
M2 Macrophage Lung Human,0.2701397499317318,0.4664296694809325,0.2409321310323508,0.30148874264161646,-0.44778386994475966,-0.22598761050408053,-0.18429565630473324,-0.12552113587309952,0.06550165036392622,-0.16516549209533013,0.31996579981547685,-0.9591339572126176,-0.6080178999813686,-0.3596881498332024,-0.019636717704385517,0.6543008480816942,0.5327910786632463,0.1452858557522344,0.8902736067507931,-0.3972339495369016,-4.0445186257699,0.02136338482935639,0.21363183050439113,-0.4340968990832,0.5853997481504821,0.09393773433973848,-0.30401802045836945,0.1643053481616244,0.6668031380752092,-0.2863049832465977,-0.329807575497668,0.4075988176595873,0.030717544470055383,0.4072886737462388,0.243008233709675,-0.1758255881327302,-0.7667217839954444,0.16254065399260098,0.9250127752719952,0.25967508945255885,0.7658135438225482,0.22503308129707197,-0.18968580039210775,0.2638312061249171,0.36509966452165965,-0.15576066190317167,-0.2554050669892831,-0.14295393194154804,-0.4792074713027253,-0.68177808664444,-0.1538722539628198,-0.21095971668467758,-0.005099477157551772,0.4021983600422685,0.11291076367783748,-0.11426746183421027,0.24007432714109056,0.524557487492351,1.0308936177115084,-0.2965861406129613,0.3103090254838344,0.8240549633949887,0.35659118238225807,-0.5228797398361579,-0.04355304125288384,-0.011657879566777626,-0.18593710208911346,0.9086715315243156,-0.014974201850538172,-0.043481962060405804,0.032145903983068325,0.05729273584327421,0.3731709537802249,-0.3139103293667327,0.36506785829746047,-0.29898358746112974,-0.09348182544868992,0.05941449114164639,0.039657426838119805,-0.7532720134957405,-0.20841248263228082,0.3785508537714372,-0.2238239669570149,0.867133599598151,-0.34565374724248404,-0.5507895987438011,-0.17606899197451426,-0.36981102447548203,0.5173904578981454,0.2224551402386864,0.3452439325689608,-0.6311505686760608,-0.33282151364107465,0.3531765941204828,0.13773609949312635,0.16949944421068286,0.690495307303458,-0.27017070771856966,-0.07518425605847573,-0.13319267496048104,0.22397706664425876,0.851299208607383,0.5281655789883162,0.16487207389739383,0.6560292288333074,0.18238093444807363,0.2888972031116287,-0.42699844034105766,-0.4445712220159121,-0.4570991062576057,-0.5924169410711355,-0.7114330839268119,0.15746630831367425,-0.33749814068777945,-0.03672917472374636,0.44587275902857587,-0.0071518351569965135,-0.15718066676926848,0.024880306357405797,0.4462935427500624,1.009838369787411,-0.26611413081823854,-0.5332358955577693,-0.11379390020968659,-0.055645023289030766,0.3276942227681746,-0.1555153765712233,0.24581179912663315,0.46922786913971315,0.29338677958604525,1.1409580089712776,0.15848027518328556,-0.037214769747405126,-1.4021133921509712,-0.23271663308843915,-0.0801559199195524,0.14492139512417204,0.6639267968711392,0.033535133347720056,-0.5367973360612958,-0.0443475964119903,0.1945051584153749,0.24837453129056972,-0.08900658194446506,-0.535313698423181,-0.14023951096440168,0.33665557999812046,-0.9253315107994572,0.5339849123975213,0.14229739893210772,-0.18955534271068883,0.4525039343845108,0.7116979649846504,-0.6095982901012498,-0.19327573537764275,0.6153415740733195,-0.5998888538182305,-0.03915128933133056,-0.7519039374766924,-0.1241888586680869,-0.05792335498517496,0.18115076525066362,-0.3103347658641009,-0.09829947054876043,0.11816109375828909,-0.5591947301796502,-0.6667654077358626,0.41739963096591387,-0.07407084972038684,0.23498414152632882,0.09289951515557913,-0.7090760428220478,0.2903937649500337,0.15310412944703602,-0.21620395731546777,-0.1955341252969028,0.7743861853826751,1.0563885080147097,0.2824963812250556,-0.2793345861617884,-0.010521432348164727,0.18480181159455206,0.7095754619336099,-0.06046733973379627,-0.5201958532365543,-1.0131158765301584,-1.4801137761689407
M2 Macrophage Peripheral Blood Human,0.2087666917284423,0.5928884380994306,0.8011815948317698,-0.14873533675096287,-0.39186844425253914,-0.39615912968742784,-0.1794718029832116,-0.09740375707044518,0.4244654379757687,-0.4299030805785271,0.143478330141032,-0.700261925319827,-0.457448153744303,-0.49892684293702383,0.07594004005746756,0.5137240734992878,0.5754223275919073,0.011691597114231072,0.8927173684993807,-0.17484004231444078,-3.403743297992067,-0.061915205463724844,0.23185339270048902,-0.38216750667288507,0.4699296371449844,-0.09175577432221567,-0.3307162682517961,0.29125123934661407,0.6066289919250317,-0.0447572783496197,-0.3007548385252952,0.44758163955616176,-0.1286286200300488,0.5432358330164799,0.2813966565064542,-0.028580966126453496,-0.7564283050081162,0.1878493688985438,0.8110912727612402,1.075632840496352,0.7180687917642827,0.42685200679212676,-0.39326821367877085,-0.02252359431981191,0.2336268646844251,-0.3770930878109521,-0.0061892981251123825,-0.2718884519698143,-0.5919160495887044,-0.6562161766909078,-0.18800126251487168,0.0679249281326913,-0.018938763767784948,0.2160949747970181,0.048293669862112594,0.0734926709148498,0.39803288473612564,0.8315839539406317,0.886282683363267,-0.7084648551996536,0.2970701011075919,0.7959804048584546,0.41669670456209373,-0.654606519801222,-0.14660888008126507,0.1410358682145497,-0.39768087204722086,0.3687058937181357,-0.12456379796464048,-0.2774052254126414,-0.22170681102729836,0.03495283880189509,0.5381635736176785,-0.17801405876678372,0.13695242222984522,-0.43561643610529366,-0.03176595632926454,0.2024477187255658,0.22429836559214422,-0.7564114102765088,-0.09177525220877408,0.23383752015153106,-0.2735518308308636,0.7633962460150485,-0.49868982675157925,-0.18117204826131716,-0.228487313985063,-0.3120105999403775,0.12156407768965781,0.43620529768810207,0.2854011724791841,-0.8812632904053697,-0.3107815729263108,0.15346258509614452,0.34057460457071603,-0.015029154457266138,0.7007645346587076,-0.12523679404419236,-0.19879743029602392,-0.02365242545004972,0.1323729265793685,0.7661755941879846,0.5816611819678467,0.037434168770419204,0.9234305635693904,0.012326108822293326,0.2372276754055754,-0.3393608647030671,-0.6722036271930828,-0.45900672154102456,-0.7098447259974968,-0.6658333027448758,0.10702289363075344,-0.46726188549575487,0.21095267226187603,0.4613426095776134,-0.2581286373131721,-0.02156094228264793,-0.14386374418990092,0.1319454800144102,0.9195881321533851,-0.10140535143354912,-0.6860079205483558,-0.11407025706319138,0.14145474313409975,0.22679308833278222,-0.11936992078287469,0.2301685132238895,0.3032823045166963,0.26477738178581056,0.8715934495874028,0.14292007176765853,0.15007545786349188,-0.8111198679628814,-0.37597319722748906,0.07473805136483322,0.20115403594316222,0.597079550668573,-0.08158512558832291,-0.7970397981126948,-0.1819978946356713,0.16142088654968212,0.08826731408329815,-0.14068413763855703,-0.18275597022159443,-0.22085402142043992,0.43698383318465195,-0.7874573265182054,0.7155018583379573,-0.08757019117280365,-0.23969027323565123,0.3105228132761563,0.30423103327633344,-0.43369768352971005,0.9212219502051259,0.3879694059160786,-0.6628716247712171,0.07506521935954806,-0.5780351762064027,-0.11394312194925436,0.06371391704592382,0.3406741491594886,-0.2911239501864635,-0.1382198998861706,0.1987528761479459,-0.288024421304983,-0.43642364741130935,0.6290527298176672,0.07763447494233351,0.17291084960782807,0.1594443895052646,-0.50830948330365,0.23220438521078046,0.2888162333410993,-0.6485965652718315,-0.22147736267377047,0.8043050808497054,1.1592481581479372,-0.07864359949453488,-0.3782678198585181,0.02283935333107915,-0.057642530789233766,0.5141012988919234,-0.3404633729297085,-0.41609524828961636,-0.7311765344164584,-1.477437411259936
M2 Macrophage Undefined Human,0.20312958845814413,0.679358668339498,0.5802664901557636,0.014329588407279702,-0.6185565119245044,-0.25927197625194287,-0.12142369779014418,-0.2008955665147206,0.25656542118608067,0.06571400649618382,0.5711834707947038,-1.3704682407618518,-0.4992720464616372,-0.5662309257681828,0.41416928617675725,0.669370627105174,0.7489998638103146,-0.034281529358775216,1.09863897971962,-0.49729321316780034,-4.33352278257932,0.07554260577099452,0.4714496362016547,-0.2891683904916844,0.8096111353174485,-0.019360160175647113,-0.4125081889778771,0.23389114635954936,0.7776711258985263,0.05553313238895285,-0.3454727700566782,0.7996328095234154,-0.06738201868940051,0.5739770226137824,0.3646505718658668,-0.0025017681792650595,-0.8786132911227043,0.14511880868962673,1.2813157242456898,0.415126843655014,0.7182056809374557,0.47690816562246363,-0.43945699281781275,0.22795833468958615,0.8022059913024437,-0.12593884025249769,-0.2830081400060568,-0.256544976156834,-0.5726530746092714,-0.9420328164620586,-0.3258078922407684,-0.18088419348354823,0.07165167672623278,0.3630991433569504,0.1307169986818042,-0.3618133949731885,0.32234500687094403,0.635885330502482,1.0812281023403016,-0.5400637493008528,0.2590735262088198,1.033170947372109,0.3028258815677205,-0.8756352234075461,-0.2723118932110314,0.07151447066879194,-0.5693652671243733,0.7105355577355418,-0.09261978269902287,0.2681932818386782,-0.04880401316605866,-0.27717787217303047,0.5340447368731811,-0.4580034540882359,0.32813386538571176,-0.45271400658007627,0.2366389311678231,-0.04513883855706266,0.11293929095026324,-1.020142273109473,-0.19507005301828537,0.3629003115697059,-0.5267016230172561,0.8829037565918711,-0.3356991994953309,-0.6509670904664884,-0.2482751727886351,-0.45346498395501134,0.4325035002337685,0.33311956214879784,0.7845515253661289,-1.091621393871701,-0.4168638589451905,0.3518639262858053,0.07250216460812063,0.05207341788970536,0.9515585856501764,-0.6263377881394877,-0.33489311147918405,0.10267398489508447,0.37824038171702656,1.3122716810087487,1.101812835098215,0.3196819060439903,1.065211503115563,0.38723728109968125,0.3309810069715547,-0.6751227782253615,-0.7738458269413003,-0.7188288118933973,-0.6112959932106762,-0.9163599711820521,0.17020238895502163,-0.5808453793119286,-0.024472366305828167,0.3855166587498487,-0.09599910006807817,-0.3583626147336493,-0.16782137374717876,0.2755243632902728,1.3387045298026692,-0.7033005740075384,-0.7749927220109737,-0.02793763586544,-0.16677975841484968,0.40364731279107013,-0.28723178099163205,0.4285025175662314,0.4624898568138331,0.279662172907753,1.214948263139155,0.16272581513737988,0.18652764418935192,-1.1158777748093491,-0.5215830894910131,-0.17479430297058032,0.24110379093751821,0.9015039514606941,0.12332186944005584,-1.075549296506226,-0.12965793990604618,0.40645271320504067,0.2980793515636964,-0.0940264084092283,-0.701263006313789,-0.32021909014320526,0.4588618582486986,-1.062715973224166,0.37104788745064604,-0.06935552976385985,-0.3619894739683214,0.2471147520441186,0.39462781206611125,-0.6907514392057412,-0.41227302757223383,0.6305454620780168,-1.1839263018005106,0.06902892784779695,-0.7946080176260901,0.021294061921202607,-0.16251255081467733,0.27017684483704096,-0.04496736105658864,0.28703072224507103,-0.1297769652770809,-0.7070991711630161,-0.7081940439360304,0.40544514661909176,-0.0047458029000014045,0.5846617490864917,0.008992110993686998,-0.6277967026075534,0.4483951523484375,0.54500530167487,-0.3754414912213293,-0.16235353565582067,1.1682959161481983,1.6391791361512964,0.17398262909025514,-0.19715545238194218,0.3005243433154476,0.2241071916998854,0.9351244827915144,-0.2511242156881442,-0.5761549483619103,-1.169981829025394,-1.4316380163036124
MKI67+ T Cell Bile Duct Human,0.6087353850267467,0.04043264533423264,0.594392009406503,0.6063274485497682,-0.18189983145518518,0.38165253946965944,0.5021960130915215,0.15669552292162042,0.8046323975876176,-0.6284713600252462,-0.18614493416275896,-0.62542507442281,-0.8850292316393372,-0.612075993159419,-0.5591812148949963,0.35834553530553437,0.635216612923113,0.30307538818917573,-0.08889000738073986,0.5582586529992476,-3.52024375092966,0.5712290355296304,-0.16381066251601661,-1.0174662722415535,0.12163455527256771,0.29126331546170553,0.018337308904665086,0.18483827341085785,0.2623986930749452,-0.48146694759838515,-0.3494340514151469,-0.6560794579484251,-0.019848232546966015,1.5132405327716127,-0.0770401988324217,-0.530391139121445,0.3987139666198866,0.15450905923892722,0.597005955867382,0.3682794250266794,0.6666777825048427,0.5645983460446172,-0.29257077946479165,0.7740791360628113,0.35271562511736615,0.38696851139879435,-0.18900378893105263,0.36363418784292983,0.1452416054340774,-1.4770256285408783,0.4336884925296511,0.04027586654615107,0.3076431533053122,0.1009619218127305,0.3886669791873936,0.22303303363173496,0.6091755845003103,0.18197264763369067,0.6018483878387259,0.6706882861687843,0.5223671264120497,1.1462433491537565,0.758986423510798,-0.454903244810162,0.8488650253889294,-0.5084553268857656,0.022483944622718955,0.7866264788808227,0.8055901304610031,-0.7803993951655248,-0.5017337222206357,0.17055115056268869,0.16107948306493494,-0.1644175984561714,-0.4942635499864609,-0.3916382274113824,-0.8044771407226048,0.26343044214432876,-0.5009463951550602,0.02560039642651354,0.37764410908960006,0.5156252699926234,-0.7887797425010677,0.8340673435021362,-0.7059757237730859,-0.19245023703732328,-0.40227482143104987,0.1604508103925015,-0.9322204397504166,-0.1175409765636227,-0.04657243089172791,0.004936601650710465,0.17090496906315236,0.1633267705195074,0.9175217531296707,0.5932218954752785,0.41519265787021115,-0.3275032521058901,-0.7127414069273195,0.07589690406223402,-0.029341699749717877,0.37383021979568587,-0.04073764551659087,-0.19280498547876224,1.2355119635672938,0.06924785033094834,1.1668267985420582,-0.2564168857919291,-0.4509498097135607,-0.4825506052287935,-0.9331155878348234,-0.4516391390753757,0.2458467276212111,0.06741892072207047,0.6579066987373711,1.3250789897545532,-0.2766100891723225,-0.24760644590678638,-0.03933483845413181,0.7917861804269684,0.755471544853637,-0.6481432932495967,-1.4215687178944705,-0.6746691240762099,-0.06658942979667315,0.16785221100255895,-0.4910789698800448,-0.301879824644504,0.020761309788844627,0.2477368778652511,0.5815148414080445,0.3179784505614291,-0.47968926687453184,-0.8799286195142714,-0.513852396115365,0.5057653805578395,-0.7201930382653111,0.19747749852203694,0.4751242469454857,-0.6091617568702474,0.5002352849122715,-0.12582232033879326,-0.0506147860490554,-0.5898224647409743,-0.6646358682904853,0.15731862792636578,0.41347631944282415,-0.9865143032958297,0.23628147192861115,-0.09274188582483793,0.8392421816727761,0.6860839960001652,0.16374603445132588,0.3806895108580546,0.4988447647687917,0.8509647595893775,-0.5110895435160179,-0.22586466014577186,-1.3097635761185373,-0.9409900840920845,-0.07294535762537459,1.6234163983668042,-0.9614851538036951,-0.490403067430038,0.9113280225478168,-0.742573485202533,-1.414859618472117,-0.2435985321148496,-0.20659473431058692,-0.9669463501645471,-0.1514042905413252,-0.6927190526856317,0.44455036988346275,0.4406640194871143,0.9495110543556519,-1.1878923476885688,0.13421557060581027,0.35144553803784134,0.3172819696249283,0.17729278134885595,0.4976910199607473,-0.400833411908917,0.350346941465649,-0.09354561959710107,-0.09215427905414876,-1.131507792037933,-0.7876792599819101
Macrophage Blood Human,0.21850811772182052,0.551954069536339,0.7160820030668107,0.06897968075677294,-0.2427025880938007,-0.07978181016308342,-0.11582409703577441,-0.16598921364691313,0.4551740930961332,-0.31701768448431744,0.4390407751560399,-0.9984415294183772,-0.6212708113013686,-0.6015100036671122,0.16414626905297924,0.67354072479208,0.9009817859369511,0.006603705837391048,1.2523761774193907,-0.15371843912123245,-4.370818829718682,0.029680137886684346,0.28909508649160215,-0.4548927168250255,0.4611783698673833,-0.04590491189592976,-0.5398273002759494,0.06092350195735694,0.6695030710797581,0.12872624385945816,-0.3967284277693212,0.6263185764428018,-0.21068555296548694,0.7592989764162691,0.24578040571476334,-0.10915481063164288,-0.7154304308474538,-0.005751871938709063,1.2349674046927146,0.45743958418694974,0.6239602682993967,0.46822488530062156,-0.34218073964979523,0.28214465104636843,0.5523490925029976,-0.15102375776711935,-0.316399033236582,-0.11735431314331778,-0.32155606296732187,-0.7154610646063652,-0.26027476179113557,-0.23484274753419054,-0.035070344085551125,0.4318899518584788,0.019238821247756457,-0.13631630240717563,0.22501878445790477,0.6789723173585477,0.873908638242544,-0.4255426671346914,0.26341296148356075,0.9591836879022465,0.46193467252112674,-0.7185954627558879,-0.20364886408596367,-0.23707379313068613,-0.4963387468777823,0.5944775548406039,-0.00682518574483176,0.0241996074594083,0.04308982560687403,-0.16859902392720372,0.8464201425007004,-0.31973602339429996,0.4127749235821535,-0.4126286064019062,0.0026429609001559495,0.09598487922061848,-0.042701230515460056,-0.6759420127701875,-0.12401863961964611,0.3308354490368295,-0.6269297527137341,1.024797212857525,-0.3841162453671483,-0.6225463915758211,-0.2503878581331293,-0.3242765568764962,0.46144437021453794,0.09498953595034751,0.5135471112652689,-0.7197749318207419,-0.15035366569826905,0.5732781056988246,0.1381503236639439,0.1556082383827217,0.6701227994582393,-0.2965097401621664,-0.3112570690967036,0.08180603877180487,0.1872449890169176,1.3860625992399478,0.966024406234322,0.04433831761606495,1.1190890876617716,0.44402667692015557,0.27669049850911287,-0.4707790136895579,-0.6717101334736146,-0.6291668309186272,-0.6612963711789538,-0.877345018696129,0.22524510376099707,-0.5308100551780047,0.07956503922372712,0.5489872589484521,-0.2741317181498583,-0.23566689214194014,-0.022817052799085493,0.27710743338327387,1.1040519000269522,-0.6264758493442832,-0.6936787664395134,-0.15409480571456038,-0.3218331860699782,0.17967838547909432,-0.4255374210203133,0.20576996679698156,0.4439574394429421,0.13788020794322972,1.1490185709884189,0.1454576854523528,-0.06647013592051369,-0.877678805155453,-0.5119048444159013,-0.06995948134629403,0.21335780261982734,0.9031944763449721,0.03716137771971402,-1.0225811559950932,-0.17538456465754348,0.009369021755718387,0.30937028748055123,-0.2120630027668508,-0.49445016463437563,-0.2825785478695215,0.5588693488748205,-0.9682071693179666,0.5457239644735944,-0.003271925320668486,-0.2207505528684156,0.3377260064938289,0.4585938622874036,-0.4218390693214515,-0.2379082515220397,0.5674769638970237,-0.897616570169074,-0.052147293730989634,-0.7306208007232879,-0.2623315220611053,-0.12520708660145952,0.339554990806051,-0.16549347537278336,0.11432160724635695,0.06630018486062614,-0.6943871389248122,-0.6228259164835929,0.2507185442282877,-0.3213869301067527,0.37956140514731074,-0.04089945728085002,-0.6047646720398228,0.5228621182701938,0.2478959810305127,0.00824360272424373,-0.27286668324305646,1.0253675622321456,1.3050098711152078,0.106652029542104,-0.4455324745671545,0.5475024454452109,0.1769986765602539,0.6218811901986768,-0.3518964979440563,-0.4515369554596065,-0.9666724730476216,-1.4283061021259273
Macrophage Bone Marrow Human,0.17916886429962514,0.6060939908122871,0.3251258537866042,-0.25364432441956086,-1.0919931598291412,-0.5916852394822167,-0.23853634465504822,-0.2927708162017004,0.44405070573249344,0.31905328969365826,0.974748257922192,-1.4259775507056278,-0.21968129243322226,-0.7033486960584152,0.6651236754336288,0.8194960550092374,0.8801351871867439,-0.0523131172961368,1.366677831668322,-0.5595460785793228,-3.9693434041497424,-0.08753723418882484,0.5102058792518988,-0.08774273462199576,0.5176672231596247,-0.1460597235930416,-0.3671186953762116,0.2043529171428749,0.6894898326504235,0.6157599465764567,-0.8411378797717532,1.1471862511664106,0.2291787613027175,0.4750077066478019,0.2323768082875696,0.20226436044337004,-1.4724785215040854,0.2660106438085803,1.199005115308143,0.2933870619216711,0.5357165542414586,0.4295487092153505,-0.6237558441615243,-0.25456447614623573,0.9014995210652282,-0.1885344588912938,-0.11244427799576233,-0.39622275902894777,-0.9578073022558085,-0.3688076232625616,-0.3541591259610951,-0.21936985335107156,-0.08381697462990947,0.677853713765645,-0.08389927310883324,-0.12421751832917889,0.06937734956368509,0.6608460111074679,1.0408900173410067,-0.6706421148511381,0.29806827663067514,1.0837843886342333,0.1865328227605922,-1.2416083132088254,-0.41458957252618267,0.028941008066675895,-0.4674705892916225,0.6482805442600176,-0.17471600255915315,0.5578046121484478,0.34398143448058927,-0.3507613972231664,0.9474763753140678,-0.26013336298067224,0.6844458381347818,-0.5286376455642385,0.3396637412687181,0.18693581524262165,0.01703261486270944,-1.3062604615202085,-0.333499774508326,-0.18257544144977417,-0.71253009215229,1.2363686649380639,-0.041513939584233675,-0.9036364056408811,-0.044717452433851404,-0.5567072433519933,0.7829686439816459,0.1845736401442981,1.0906408110607186,-1.1237395930677996,-0.7049518899592188,0.46615127883941254,0.02866213034049448,-0.0020209262354734026,0.7466959283453646,-0.4254813629310267,-0.05692820056052045,-0.2838729078048369,0.5195666352128984,1.3534561492466128,1.1588902561030663,0.46419934797067774,1.105474827229416,0.5466239551384321,-0.0522890910704449,-0.8759362439865315,-1.1523453760588975,-1.0855101230558044,-0.48918318924419346,-1.418382728134692,0.19193752038969006,-0.8314226199432688,-0.09005667303626273,0.05713822958766936,-0.338368213848505,-0.2801655027606618,-0.15945392912286951,0.13082217111460848,1.4144197808484527,-0.4730819424293188,-0.3205771842521191,-0.04440240080099348,-0.1439444456127748,0.36020175533702364,-0.45345292469307097,0.5415230453539899,0.6048249523040782,0.47641594682573374,0.9406890491492511,0.02526468316744566,0.108785618073864,-1.5808213354891283,-0.3874736446183199,-0.1283700247490322,0.5704481947787774,0.9947494819571704,-0.32799345496287385,-0.8487407714445011,-0.42455921310344963,0.1687853950479277,0.46632951753509644,-0.18516242399177646,-0.40241780155637397,-0.6159242701244543,0.6237059735380207,-1.5772293142875966,0.12067220780579854,-0.16234345375909348,-0.4156673635576024,0.1888374364357413,0.0584698514360489,-1.2138150478097491,-0.4847395708963437,0.35791841844766836,-0.8970844327851244,0.0798163305639358,-0.6104258246096675,-0.018244323120991,-0.23840815905625795,0.1244017324184915,0.17467965423432316,0.4185006066377676,-0.06671175057846783,-0.7624891682258028,-0.4475177778034731,0.4779376269299485,-0.184235506806802,0.8098646418298889,0.061207087028636344,-0.11811979423929067,0.49137993134024127,0.5315605653251853,-0.40585437728780277,0.06690167879153858,1.3805625540799384,1.6719415562186732,0.06418164000001099,-0.1690119904633156,0.4535324213617031,0.6312682152882331,1.1158148608184517,0.03222899745083122,-0.26782157531090134,-0.6840112766785623,-0.6829619405584099
Macrophage Brain Human,0.2816064135660097,0.4701470106897961,0.36648103755489403,0.12678223376468098,-0.44815901195751945,-0.2496952948744697,-0.062191345686497264,-0.19898202701281337,0.5494888940214673,-0.12809539322423216,0.5032385029463402,-0.9615602103221025,-0.4483129217752498,-0.5588003982293797,0.2522468597479686,0.7918729187098489,0.8159816465326987,0.07553870306625303,0.8573250317445732,-0.14059864859515075,-5.000555337017704,-0.06416757798979712,0.28400944116883403,-0.4374125527179536,0.3852813605345405,-0.13078817395506304,-0.3252705356622475,-0.014987251901372112,0.5468372169765411,0.0807551258684741,-0.748652015347789,0.7133821483616546,0.2507065205301098,0.6862240153831031,0.32922946605747,-0.005597377464986961,-0.9941986021742759,0.10676859759860192,1.0251675599293055,0.36235461706810357,0.6324014175436433,0.47255340959451536,-0.4023338172311735,0.2949245294083972,0.4679081483022228,-0.1206448011463086,-0.15762645051446467,-0.27208092913237614,-0.46637562961974083,-0.5735060535197284,-0.14784693441177857,-0.11800721143359005,0.004373735881817454,0.1207432609222857,0.062011806399798496,-0.08609980113339238,0.2063307106495689,0.5655192049455918,1.0292947203879659,-0.3223293888206893,0.423420166569665,0.9167335220512202,0.6187454647838383,-0.8068425713487692,-0.11730817297409965,-0.23502957557379883,-0.48571866518557855,0.6737756394219724,-0.08340920960281063,-0.11484950957020026,0.16689901760451015,-0.25531617591714184,0.5375430981465364,-0.41784221840742547,0.26006084187112893,-0.43867063458181244,-0.08083940413651255,0.18269021016339285,0.003906015804346001,-0.8270460874598424,-0.03910060333508825,0.20315749594648866,-0.5702019420365615,1.1704977077122254,-0.2910107399537368,-0.6872479725562708,-0.24511726697944705,-0.4179888404716977,0.44496636532311346,0.10506964832504834,0.6251893033372853,-0.7482176426761518,-0.35573461143694085,0.6855734924999899,0.15709523140994788,0.23284068445265366,0.6280601489723251,-0.2572951510248884,-0.21784871525687965,-0.130975480003966,0.40586076941512605,1.0876318047775586,0.8556393789731608,0.22824284749105703,1.130577827324046,0.2229731368337636,0.15746629269657217,-0.49612506490358915,-0.8020418137046268,-0.7669690456564778,-0.592498861933203,-0.9381317652913531,0.19522323369912403,-0.5661943088782978,0.14485705251829506,0.37630306659061225,-0.35453887926446537,-0.15033856387795322,-0.08069747842369106,0.17807576479587076,1.0462131994321213,-0.3929576643994767,-0.4741319190714754,-0.23561560775227744,-0.17509929992296663,0.09261793652216883,-0.3767591077459416,0.30733089590872786,0.4050382089435286,0.2877318633319987,0.8530358515236789,0.19859309625796376,-0.09267053236899488,-1.5082388375125086,-0.2837176020460524,0.10569968938989521,0.2631632603372255,0.6990954986265024,-0.09011491046517156,-0.7839507725374644,-0.20561746450534737,-0.019690023227271963,0.49551130707253765,-0.26470202379827756,-0.408779396933439,-0.35133173655520344,0.5245608468187879,-1.2924177297618444,0.5073129841460369,0.06317322164143618,-0.24563071384494542,0.39878490126971233,0.14184206416189152,-0.6074301203042344,-0.13486223050634066,0.5778023018547086,-0.6054807860442682,-0.05919964422667008,-0.5898118016838096,-0.28914023448313686,-0.15271691422802766,0.5108376018367754,-0.03211942912352264,-0.02881165914605545,0.08007959949782019,-0.7211300033661504,-0.5128054570440744,0.5930384816401393,-0.15785596594918028,0.36019481114356466,0.0380270503337348,-0.27344498740719053,0.5547689556926835,0.28283197624804973,0.07388603437757699,-0.27789844167369543,0.8906236293158073,1.301511319695332,0.23847913321214603,-0.19842581119807057,0.43181954069609296,0.3840778347117217,0.8024673018906332,-0.03410872586306737,-0.2278985438946614,-0.7923152707314925,-1.1938078582815252
Macrophage Breast Human,0.2851177603940709,0.5648754820333718,0.46294270146344213,0.11301241246356175,-0.8018637937185182,-0.3504638041963623,-0.4676912995839528,-0.22974258702480588,0.7119570523251549,-0.038188711492307334,0.697931191063863,-1.1766494194154862,-0.665627885194178,-0.7282243040515372,0.4560769307579353,0.7057603041257097,1.0720232807983194,-0.0063269046150059806,1.5308888253948494,-0.4692842153320881,-4.770725032425536,-0.10669030242917268,0.4211616915547987,-0.4328147276844709,0.40204548701918824,-0.02664874512679933,-0.4831411252777229,0.1883518697880739,0.8235186163435784,0.2565328781551379,-0.622017385812257,0.9104910421676422,-0.5149563118587097,0.624554958827934,0.22351781493612563,-0.11354138020262623,-1.1483206140052657,0.13670735458159636,1.3094574165034498,0.46720980226460335,0.7213806808754862,0.7597493819694163,-0.6201697801436834,0.45972913152779343,0.8261566539009321,-0.1255751949243139,-0.2531351338902709,-0.20123290330599555,-0.3575858398638946,-1.0224116107284027,-0.574704368383496,-0.2948713218209134,-0.12658889388816838,0.44206709244753495,-0.01742669471127805,-0.12726739815733934,0.3474295796985774,0.7023245951507476,1.2607929080826308,-0.771222400314672,0.2102241764406903,1.1472267434559136,0.4358608871271099,-0.8879798471064805,-0.3316751747715793,-0.24062819302006172,-0.5308048760403129,0.7035829950773724,-0.02784809211248243,0.15989100008006604,0.15292946271772154,-0.08450557869324916,0.9839718700248119,-0.3167316322146864,0.43493586419479013,-0.5849367405396768,0.17700596663474033,0.11411008865791124,0.04531128518958597,-0.8759756309579393,-0.3438072699708214,0.7096503852632164,-0.9372489112949797,1.0776661360368622,-0.18096203301180122,-0.856396131298478,-0.14779910713698202,-0.49515474664803594,0.3766479484876668,0.13224663855109306,0.954344599106546,-0.90966267511803,-0.4071557315479604,0.8286989916157708,0.3842458423895757,0.24097907328000362,0.8071527552379294,-0.5296586000437999,-0.1295993145958566,-0.009151193619524059,0.469861851357191,1.6037473878898592,1.3675684625613047,0.4113280357149532,1.4458199837246586,0.47687275397851664,0.18834534393742577,-0.819234773282837,-0.8923036727708104,-0.904485783792374,-0.6388003623267982,-1.091702069279571,-0.15361099756933816,-0.5757253476287464,0.07360074791773191,0.41367730768866323,-0.5806841531943274,-0.23784329108122923,-0.06716656669804082,0.3556069587479224,1.3244556458890915,-0.5544717274238541,-0.8341010385985506,-0.2918802739452979,-0.25469059884694195,0.20711024345912554,-0.48326452316505436,0.4089864364544747,0.5843403078034073,0.18411760539661579,1.2774558866432155,0.17750898006855884,0.11243324610259615,-1.5216147820512682,-0.5372346790136392,0.0013178445017022293,0.4373793992303703,1.177073738286816,-0.10281558124963087,-1.2542817747132888,-0.2582606625591485,0.21516260421865366,0.25134266264871263,-0.2574698902423857,-0.6182212344390663,-0.3706248161814165,0.691610802400992,-1.6035483827243675,0.9930483116422486,-0.0031819862010128786,-0.2572606099006661,0.45531787495680326,0.3803386306080575,-0.7185000072269025,-0.5314578775972912,0.7830925916629843,-1.061776976995232,-0.00669562432872518,-0.7531840721996383,-0.1779456441281456,-0.18040238394003746,0.31492235572563604,0.014135522513342737,0.34342991860151767,-0.02333664900495542,-0.706177212758403,-0.6587451976495535,0.6199839377227049,-0.21873741245429942,0.6049836204633073,-0.005086097220839437,-0.47884833206023036,0.5934806943275129,0.1633740918913878,-0.2233646722207942,-0.056182430644910415,1.3593083144402112,1.6547002839383727,0.04983960251182101,-0.42874782651943183,0.04356400317365742,0.3912680654320645,0.9641937579376216,-0.6237815695293849,-0.5056478173806244,-1.0195989420666076,-1.530665526229086
Macrophage Intestine Human,0.22529646144250953,0.22912705261683153,0.5072293272077295,0.196382060014098,-0.4302513894726594,-0.24364943228886643,0.03841990541971406,-0.22484119959652601,0.31648890747729935,-0.20639951748205584,0.5890321071358586,-0.8298957123467098,-0.354609920820856,-0.5280854017795272,0.15231091627226015,0.7250601067053106,0.739473324272818,0.07080705853991731,1.0414337424896927,-0.01419460482700358,-5.318168690007746,0.06154461676605266,0.239636049474439,-0.022490027623254378,0.2517261411668627,-0.13582878403696663,-0.25330259441691283,0.05006658896098287,0.4575634790537767,0.3237670724879834,-0.809941122080157,0.5449415479035826,0.27041911550285114,0.8605056066188469,0.25091542178040904,-0.14273863944962248,-0.9857699181577996,0.20717353830043903,1.1379115662212107,0.39847954836537314,0.6912246946805607,0.22929348345736178,-0.41172063992221053,0.27304502515262785,0.40131491801993663,-0.2396429176088483,-0.1850623105414764,-0.19366877477133515,-0.2287493427085323,-0.6143064850823744,-0.14752675044145308,-0.17742105487461887,0.0171553975207208,0.2512569390786896,-0.23143138907616193,-0.07444141175888856,0.24838722311825004,0.30897529763301196,1.1307685656672846,-0.12045082786775338,0.4401305806499242,0.8867254524979724,0.5631652197422247,-0.5347889392002414,-0.04556434855760693,-0.4071688428534788,-0.4118060832021345,0.8142961219140552,0.014117945385880456,-0.0298391599467291,0.06249018479437637,-0.45701164927954735,0.7424595803182199,-0.42715036438604403,0.34208155957260533,-0.4143850948473787,-0.18769766532992072,0.18282943944558697,-0.18203313896388637,-0.8513447249422414,0.05271845149563837,0.32975578231344427,-0.3679394138815373,1.4108478331946275,-0.4518820388194766,-0.6703764028942166,-0.2682660287239303,-0.3717244251491435,0.5443625519513343,-0.04314610324533689,0.779201642482276,-0.610578651438212,-0.12817101849817894,1.0466530718185691,0.1092739235308502,0.2756040368244138,0.5688555493532418,-0.4780007990800496,-0.32681483334659545,0.0010563285825963874,0.33187884592662537,0.9735741178578343,0.6672826945575643,0.24597484072179354,1.1448000686968072,0.3355286314967705,0.14402403956580873,-0.5451722036541565,-0.8198559218184697,-0.7269204623740881,-0.659012046619098,-0.815073621918226,0.05506966397091148,-0.4042901494656379,0.1302975957500073,0.3523503262352237,-0.35223972665518066,-0.30543590011712807,0.13040651526282468,0.16607863266434028,0.9081346086306429,-0.5705703231107767,-0.4967714839167048,-0.14602423286356003,-0.277335965653818,-0.08360947488773693,-0.3623457815679226,0.17560458343026702,0.45224556694896034,0.1457557300186706,1.0044302302322288,0.12445608346592196,-0.31920613081937693,-1.415936808297115,-0.4854405098031426,0.05332534032433695,0.23402742905571702,0.9619391308121419,-0.255857482009453,-0.8363718434869857,-0.18392209644178562,-0.1421135308819368,0.5683208468768438,-0.49874739742547997,-0.30406215137200315,-0.2466461629439547,0.5206148832075673,-1.5009425137171337,0.5300283537837531,0.026075889556895816,-0.12325468565063169,0.39682226397305176,0.5001001094678872,-0.7088414035054518,-0.25814413516533213,0.6125604087934008,-0.43746064349594044,-0.023972617367446002,-0.645055964462866,-0.46695867395297436,-0.35309455315940613,0.2823281989735523,-0.24920570182642143,-0.010207627350859944,0.034871040853221735,-0.8507004929256134,-0.5146575053819613,0.5154495797049679,-0.22207179810254551,0.29725177883616655,-0.197998802361097,-0.2410087312755501,0.7307637159974812,0.26692196499067766,0.32439736595713636,-0.21609981917660076,0.8597652171415728,1.21478274521615,0.26175203173877,-0.03263764075328507,0.5469561194908483,0.5246863750514938,0.8058163229570706,0.2321487199943518,-0.07050032092552071,-0.97941873207002,-1.247884314224824
Macrophage Kidney Human,0.46439393924475386,0.5819015163476433,1.1260116571421297,-0.05485765120383449,-0.644681377478013,-0.2507977899048515,-0.042226172660938185,-0.3018729190614682,0.33822907736860436,-0.11371354843130531,0.9600463312312514,-1.3405574561428604,-0.5554347636209457,-0.7937386825498901,0.12690503483842233,0.5171667967276478,1.1106080615528913,0.012144406729850106,1.4992563333199869,-0.2848794164712238,-3.319111148692293,0.1886433376348408,0.2788769738721471,-0.33841229733725176,0.5452895229551503,-0.07349615066149814,-0.684626325374826,0.32303641369996844,0.70196533162277,0.5149927881110157,-0.7174746454672961,0.9180639484504461,0.03699850227477035,0.8294504955206993,0.29744233600904435,-0.0778613089728651,-0.9172437157754141,-0.06868458506747936,1.5960167317112044,0.5030709420158926,0.5146991087883854,0.4487557634606308,-0.5843440891446867,0.26312440118637376,0.7758990118713981,-0.08020540570037639,-0.31546041512711603,-0.1024049317245731,-0.38633375193151975,-0.9731375611175702,-0.4443320827295669,-0.11279234888492758,0.05644749647705608,0.40142543160818084,0.011455338695766957,-0.23014260461117475,0.2612387684784663,0.494781724429252,1.1811991290025528,-0.42591807288815886,0.17366902675924437,1.185225348068726,0.15964336448300584,-0.6994287734960672,-0.20129921502725104,-0.31834709704091785,-0.648309924903734,0.7393136056766691,0.05853605412013375,0.1663202668593955,0.07201105320045802,-0.37987375154790665,1.2178428144973539,-0.5963703483270931,0.6114300559060869,-0.48367295572036734,0.08041052137139872,0.13870571344747182,-0.22717912281701333,-0.8010750278169043,-0.2706361913411334,0.3434156611383026,-0.7224100897565853,1.2057745966099502,-0.398458898142861,-0.7650947482537136,-0.4888938628196876,-0.4868012847947439,0.14389795816987633,0.05520701726491365,0.8756991200934732,-0.8538665796594511,-0.40595994824656884,1.0116434149321913,0.23771755891979002,0.016149241257014547,0.7262297482051209,-0.8251606281191574,-0.5197745985513765,0.7724633100111389,0.21955270018724563,1.535036215555016,1.300153281874748,0.18794360847659777,1.2575487904878617,0.4040083330801672,-0.0017972685292900667,-0.7211494723361179,-0.9321182939009238,-0.8657340222563764,-0.759094668160693,-0.9905289256010803,0.04574047178946842,-0.6066125532060181,0.16098326656345738,0.20205696628071015,-0.5442270006608156,-0.41285657470153286,-0.02262056247877287,0.3024583932254514,1.4314434984801232,-0.8859997383115515,-0.9690360922841151,-0.48613141752046235,-0.19031939638613474,0.21493536299476718,-0.5708557794581502,0.291474574657467,0.508803867055009,0.17946112426202346,1.4091270674509497,0.0638148577439256,0.02078491456919047,-0.7169655745833158,-0.4164134424410449,0.14098546646691665,0.09992447491706946,1.1789123885652286,0.02857157599771564,-1.4465499625604572,-0.14211682797662184,0.3289117282135506,0.19695259177988247,-0.32326644014220474,-0.5891275295811952,-0.2795320024020536,0.600588560858936,-1.4121470177829056,0.4624368464749945,-0.09522989096854688,-0.301809264038921,0.3188708321377255,0.3169809925782622,-0.9344892888571898,-0.3906347275983714,0.3998495628607654,-1.340796787178617,-0.11684941682331396,-1.2613032993648337,-0.23677606266354675,-0.4542278652807346,0.16580163928209443,-0.03559756470290431,0.18181704700813156,-0.32703806087510373,-0.9169224133906043,-1.020545242922037,0.32958234523407154,-0.3422269600112132,0.5775606297138245,-0.19568635905613876,-0.504704105829128,0.7689891893682583,0.7128078187865458,0.05723556343301501,-0.40941587005111346,1.0375490569361057,1.5767158254377023,0.11030784159226736,0.45684440143696925,0.8286527418166958,0.46495468515151084,1.1260697527745185,-0.23599492621081333,-0.7277183524578843,-1.2699726216998304,-0.343549048568759
Macrophage Liver Human,0.2121071643178906,0.4116969027955099,0.7205645809708361,-0.40245016154108915,-0.9279422609049304,-0.6727841015836918,0.04868696311482848,-0.12000383812206554,0.364223579726393,-0.023884964665384215,0.8617572440729795,-1.2165907541670296,-0.11451342681159289,-0.5533853215538437,0.3522786803643664,0.6674302778195534,0.7698727391057301,-0.011781888180966447,1.0443426649446472,-0.17818484970819232,-3.5117307800068676,0.17230541916130954,0.2619942262511035,-0.02816245976158606,0.28293332628780027,-0.20888263856797817,-0.3749956123306145,0.11644571771787471,0.6224026844650378,0.349240644857099,-0.954272412410447,0.8809551567994167,-0.049701465082499216,0.744660641664562,0.20196883899894477,0.26922252984775935,-1.2252607374145932,0.07959505355112965,1.064126571113001,0.28726152014959067,0.35409620979437517,0.28102776157027987,-0.6117196947235366,-0.19570468754707665,0.5426280040517534,-0.13652356741886812,-0.03632462540052436,-0.2479146979159937,-0.7366199573497547,-0.34366105119123647,-0.26750657948499684,-0.10526893111673737,0.10046590095311199,0.6028571857096572,-0.0690578239632819,-0.05826090398376147,0.11057742237108363,0.6788625797053994,0.8278769474921118,-0.31120979064471005,0.2631509776978439,0.8656266974790549,0.21762920046577616,-1.082097401384806,-0.18592793388383275,-0.07750758994772924,-0.45242171973795053,0.590468964889309,0.024702782013890943,0.1613235489395094,0.06625155234983156,-0.40075703054729145,0.9362693902613263,-0.32219745428543384,0.664908063058364,-0.34960055614694596,0.1560364000450309,0.16793127181815404,-0.07796104497163434,-0.9762654956913123,-0.11192599844753212,-0.1474900241127983,-0.6600891407966482,1.238790605670649,-0.09890273123903609,-0.6672631074105925,-0.07983373541782089,-0.36943241573043506,0.536312783944852,-0.0044514465351401375,0.9066783226226153,-0.9020279670305164,-0.45432855918660137,0.7114076080536005,0.01866187057181173,-0.012690281099856912,0.6067505263927861,-0.4034053615362579,-0.12061280779867128,0.15767941958264678,0.23131394691597607,1.0364820250539366,0.7606445890143732,0.3663748879241839,0.9918307881405187,0.44038765793492807,-0.040793938298102524,-0.6681919937580304,-1.1638810972526212,-0.8569411074107772,-0.47704315408318915,-1.2820411266691047,0.23875436816760032,-0.7143951104208088,0.14199311966630251,0.10755499816143443,-0.37350078922865365,-0.25396472912529205,-0.11096477035759154,0.02845877652635436,1.250800459092477,-0.378625617199064,-0.4159538387553915,-0.16992956158105885,-0.1851951115175544,0.1296856805184886,-0.41380345099059085,0.3380511498284216,0.4661145999558359,0.30749975632452686,0.7720854981639804,-0.06456568210364377,-0.060585904836873566,-0.8255105953038838,-0.45797754075078134,0.0886187395061315,0.44975075183688307,0.8967336694460903,-0.4413684378499825,-0.6952927944521998,-0.28021450201063786,0.14665565384453766,0.3709223919016946,-0.4027511930467512,-0.21802968579880155,-0.5310504133567705,0.4279165784906167,-1.5284041701222162,0.1692190976335197,-0.1680530623822721,-0.09670375726326604,0.21608935591638795,0.14892965824789461,-1.0657362883793946,-0.23172417441300933,0.41565000185206213,-0.6567066478723538,-0.04465388557800818,-0.48686793853913946,-0.15991004709756448,-0.28791923845474826,0.024729551179082775,0.06021084584476709,0.050472166151912606,0.1964480396357114,-0.6748001677539602,-0.3320703484897462,0.2613522123411456,-0.2689084775832894,0.6852621009300308,0.040488938412388965,0.12327777015888743,0.5639196362310707,0.4856122811752297,-0.14852566581878718,-0.1169692587365636,1.0494160020550978,1.4285963348427055,0.051783338934591576,-0.1149549439347463,0.583645538808028,0.6523905597362041,0.9164754367669066,0.1571141261432705,0.0024844217077454006,-0.5620312846546605,-0.7682413369975467
Macrophage Lung Human,0.31378852662849477,0.4969415226555493,0.45042450607092366,0.012070514669514728,-0.3128929160618672,-0.22710855843422706,0.02211369714770424,-0.0920217197376107,0.33465206886858634,-0.267686606123609,0.5126627402633372,-0.8630535967300117,-0.5188792107756657,-0.5118253885305992,0.02732516936807358,0.6748216495673078,0.7031086304870772,0.12542947703337307,1.0280755282163039,-0.17645749139935268,-4.123045357151186,0.07404672247347559,0.2564172805274328,-0.5422488452562269,0.5336145713044904,-0.07431576401150643,-0.38518605148291535,0.07732602237596675,0.566130897327019,-0.060188497976834836,-0.5890526458507148,0.636339497900974,0.1307018773823402,0.4949264201017651,0.24075805586231713,-0.05546329058045364,-0.7785195377324178,-0.030326229396289785,1.1112019512674534,0.5633104573265002,0.6374182066484896,0.3929938786680876,-0.3700974357975035,0.39242911597385294,0.3588904665923967,-0.049601736622094134,-0.25226951244001333,-0.09960577021475849,-0.2946581393940008,-0.7335252690637666,-0.1952149866105296,-0.12036813641416794,-0.03770194020958549,0.27706670726439536,0.23712764320975102,-0.15955432602704459,0.26506295273412017,0.5624357747347197,0.9372747195419772,-0.24708512663835538,0.33313410957880696,0.9230003635082752,0.374477559781689,-0.8405789598977791,-0.07807535814079121,-0.1620825318902155,-0.45994250093071887,0.6303833161170584,0.006107752007841305,-0.23605652312126668,-0.039483663129210075,-0.070145750550686,0.6347157993337139,-0.4566644856953104,0.2672358659756634,-0.46184276795464996,-0.07715149659029473,0.06605061650337518,-0.029643765400273796,-0.4881953435086664,-0.0787454787663215,0.21823895870948729,-0.5575750717078707,1.04078817800574,-0.2755497101397612,-0.5171793236679725,-0.23599377472276473,-0.15885354227592963,0.09144370454351308,0.10651151059067798,0.4949531207151959,-0.7401877611791678,-0.24796050674420986,0.6158482203156312,0.19699019542912938,0.1589988199409386,0.6978030095408031,-0.2517265848567185,-0.26095317432157955,-0.19201863277019476,0.17700125046614906,1.1310009626695692,0.7221313849590987,0.13141664419461316,0.9606370382464942,0.2357418327837519,0.2371199367232172,-0.35034357324616566,-0.851152651528752,-0.5418376243611153,-0.6839456325915338,-0.775660925555141,0.13105801944606277,-0.45016745360196986,0.2836567586392952,0.45050693766675004,-0.315987268619621,-0.24732830636315611,-0.0731328748284258,0.24080452326707869,1.1283562161897145,-0.4533066839571136,-0.6509106476717874,-0.387536329215455,-0.14841124821471596,0.0931671103739879,-0.3223112779824264,0.2291886710631393,0.3309890853714322,0.23381671449486705,0.8547952956854553,0.10553500412009562,-0.02542789063764711,-1.3293540981365803,-0.4546213312919511,0.18104520638800317,0.17874511017445896,0.8863864941740065,-0.04741185705908648,-0.8554953476502501,-0.13083604920216385,0.13543669224497382,0.23122087805518385,-0.2323165230461656,-0.4461787890500847,-0.15664509853142716,0.4177744943613202,-0.9958408328837771,0.6970942818525887,0.02578860875235265,-0.23326903405379598,0.4291308404553449,0.24653091486173817,-0.5144081011553849,0.04953881986916078,0.5051174316596375,-0.6515609364063186,-0.03660030546139452,-0.7760519600318984,-0.3210436062448463,-0.13991761799803626,0.4214248297058568,-0.18503416250581,0.018260846665811174,0.10914026325918215,-0.6257031079603871,-0.6444593110365595,0.3637121640606043,-0.27438186303460943,0.39650703718099656,0.005398476753664589,-0.49985650541946636,0.40177887036610027,0.21866634450707162,0.10679318634575186,-0.36384527232602476,0.9421580304350743,1.2512559807090284,0.19554158297696456,-0.11163812701256484,0.2285323690299671,0.3238267735690285,0.7034046690860339,-0.24495019754238515,-0.32860501285488725,-0.6661361709352793,-1.0225205328201816
Macrophage Nasopharynx Human,0.2939855171670723,0.24390366852495682,0.33768136930135173,-0.0827761296332778,-0.7274480592575725,-0.7158040745422828,0.13446437202633324,-0.25575097441300243,0.20390968027498474,-0.11025840698866674,1.1041731519841405,-1.1739664999746202,0.021834112736658955,-0.7350554229776475,0.27035956870718614,0.7256970917345896,0.819135683910223,0.1065283190551447,0.9258243382519264,0.12701347888631556,-4.8590508391394724,0.18466925291111888,0.10116090060803755,-0.043529038112253025,0.19061833208490223,-0.38264489918656686,-0.3393892751844664,0.021415068406918893,0.4457567973240324,0.5561259050787629,-1.3102776363237743,0.8851048209377989,0.7481664382604093,0.4831487513229535,0.2770141971543411,0.24268785382783464,-1.4355481016796934,0.17845821206087342,1.2061866556585055,0.3507631465174435,0.3903121442403065,0.07491519578376755,-0.5092743113307723,-0.15187811296115017,0.3094848267663755,-0.08122714030742278,0.057690794681823754,-0.2663626830472518,-0.4935843726588132,-0.17755524710996767,0.06098906687813332,0.08928572877258292,0.2346960759775688,0.21980266411380284,-0.21836439006110248,0.15865189693491294,0.10685216837178518,0.3586679359533622,0.9731680524923779,0.06323997430649508,0.6161459074168676,0.9152299024569467,0.426881340882669,-1.004611105930792,-0.07943489911184315,-0.3494207165137533,-0.5278405222925501,0.7431969492799634,0.08947176475208805,0.025041044159662816,0.24439294013447496,-0.6693084983955562,1.0107914023893074,-0.34501107900781103,0.5430603133838044,-0.30611637636430594,-0.07348218529895438,0.3514060364373397,-0.1215847411273634,-1.0162463962492605,0.07475048563305085,-0.41544872525069415,-0.6500234229848547,1.6479861062367054,-0.12597278756779787,-0.8990291507715469,-0.19766863334525078,-0.43156176538775465,0.44806189123452056,-0.09728590276783926,0.9111054349894485,-1.0392525684831453,-0.30789304963630976,1.2213576314124663,-0.08236009239267432,0.13308040067615545,0.4869489853701156,-0.3683962740850631,-0.33394652775917666,-0.37740369724869016,0.3386364165993597,0.9210209718665187,0.6205927536056768,0.2042495877771264,0.9350174105205155,0.31590373244210684,-0.21486564423899243,-0.7559742642204337,-1.250541113186206,-1.083469559765244,-0.4978599391730131,-1.2593919210613431,0.2600359088103046,-0.816129811112597,0.2578309554788299,0.12021471713987558,-0.4237489710450868,-0.17317839152671338,-0.19000436809406146,-0.0449940740830903,1.1799813846535665,-0.4281045395707872,-0.2197658738402151,-0.22693928155296708,-0.2218454408843069,-0.06303075160011293,-0.40360295635125115,0.34445671453362203,0.531513029874378,0.4499994812066424,0.6313301123781951,0.14393856182145834,-0.31482044825699357,-1.5852830274960705,-0.4336803115605367,0.1610592958197091,0.24769319344233456,0.9134673637894941,-0.5173972231970743,-0.5859181083709979,-0.4050150339496402,-0.20503863271544936,0.9279121134537941,-0.5264708651018537,-0.012367855970009625,-0.5474852861490819,0.6327309195664864,-1.884549135847487,0.07452270519348289,-0.10367505003619246,-0.1772633527738294,0.33798049917147693,0.051295854809624036,-1.1677825876379633,-0.027826478509795704,0.42951785481391025,-0.23669480061133674,-0.0021889783062726893,-0.5031190055161796,-0.4283302946564543,-0.3400964704694888,0.4492540976531385,0.07560664022661522,-0.14344944760890194,-0.16328427325384862,-0.8244459564830517,-0.45600043165215315,0.45693120661177833,-0.43424330355525675,0.5042453936083162,-0.1490848270662045,0.17800633898140922,0.9520978952552381,0.6705280210740132,0.39820136417783863,-0.13449422045339524,0.8200849610897549,1.3894533965137639,0.3696588126030336,0.2935571231794038,0.8978979480830837,0.8223207850258207,1.012051071370541,0.6685151603945185,0.17061074477921517,-0.4096551220422426,-0.45022208281273446
Macrophage Pancreas Human,0.3701757878806302,0.3700468619518841,0.8606215272537089,-0.0038095439344296256,-0.4823605937654836,-0.4040265215685866,-0.02394715832797013,-0.30079806324290514,0.25462437818521905,-0.11324328867183145,0.9277372189440881,-1.4209298237134238,-0.7313225527653054,-0.7373650616787462,0.3707248547724971,0.5787281399260316,1.0609303782846657,-0.05978695004837785,1.4449160985716587,-0.2751728207314512,-4.450510537910986,0.07599538289662071,0.30557331187355463,-0.4257096351531797,0.4476245727391937,-0.28582343434832835,-0.5649496864443362,0.17153547751536344,0.8696065760870619,0.6772217607694472,-0.6448960173127025,0.9568054762505018,0.2894554960455822,0.8149927680844989,0.09894465115543986,-0.0765059550209151,-1.0281559723269533,-0.10748945369967344,1.373459996031069,0.44083067566090994,0.6989284257962247,0.4134470103852464,-0.579503857738092,0.4611974001199387,0.8372015358984984,-0.1290650616597247,-0.4236266045077488,-0.09540913294359614,-0.40684315353923184,-0.8865298185998061,-0.36995962485340916,-0.20544535418582188,-0.030431748988266068,0.41744361847654665,0.03822715645255324,-0.1968711319093793,0.4575373701546566,0.5921600083764472,1.3535234334730972,-0.511746419835176,0.26806601990847057,1.1787383146033055,0.41243304779976153,-0.9138841701055614,-0.5029178464543753,-0.2608610140408598,-0.6836850951060275,0.8652879699468978,0.16653873004180164,0.09944422616987905,0.14529975557271482,-0.3493084442928681,1.0343102956699972,-0.39393851970804644,0.48207650489420606,-0.7251298283705934,0.13026516982145353,0.11379723831427746,-0.17805726870309496,-0.9017141818431595,-0.24688297128217662,0.7092130032978051,-0.813902934608599,1.362032988920725,-0.2833706472902497,-0.7841088421567538,-0.29524702955576754,-0.44322817592504954,0.28188751416777685,-0.04852978534709786,1.0867432799865457,-1.0338422782147445,-0.4403338354145529,0.876614689608678,0.300914346582617,-0.05948692410640111,0.7397602988936741,-0.671810717920587,-0.2163552043167007,0.5717065603135074,0.5585553321960016,1.4125218278962333,1.3240580647597568,0.4701093951621725,1.3138784934358778,0.3931554912895952,-0.04213387226431131,-0.7288227341553898,-1.1770629292185133,-1.009567402445692,-0.8911962376955754,-1.057199581295265,-0.13809232639499092,-0.4847846311993531,0.20973274571256342,0.3170113402429808,-0.5627364707692122,-0.46195161339306656,0.06369150118909975,0.2787293760396152,1.442986448820329,-0.8431345148973524,-0.9057244854775065,-0.3031270056660378,-0.1683816144911071,0.060572762239167216,-0.6250119497458089,0.27085670536208956,0.5891740629719837,0.17807292390026278,1.229210906138245,0.0974190542535573,-0.1862587563548934,-0.9615294176787716,-0.5962695761612613,0.03615290280133082,0.46898409622954096,1.1283008525552973,-0.22170629439852713,-1.5006361171461753,-0.25638733236442895,-0.03817731290651904,0.2112580385312225,-0.5699529394399111,-0.5912956673861547,-0.535547491784598,0.459757911832146,-1.5780066563249113,0.9554049624888871,0.11528155717894786,-0.003303839562534987,0.389481277869532,0.21576982378387377,-0.5793881293570499,-0.5027695268604243,0.5828518144476851,-1.0051594097764418,-0.09423934079309404,-1.176964890147759,-0.23369310682743705,-0.4880690799201092,0.27259853968329395,-0.09346605097627664,0.12635594057603183,-0.07950381443954244,-0.8962735520310284,-0.7125487415020116,0.7049661725938766,-0.18481806011155863,0.5936422221368133,-0.13820749707784125,-0.3344071674068235,0.7915383936177723,0.5796938481208087,-0.017759062206177706,-0.2667914165766976,1.3387124127176881,1.7015574077496214,0.12407743105993611,0.13910055550590072,0.6085567176852615,0.40612810219820755,1.250746563446625,-0.35004794715514065,-0.33231137770721064,-1.0142945557310148,-1.1084590895362172
Macrophage Peripheral Blood Human,0.37733683942782403,0.4691702645265977,0.5579559758199283,-0.13294504794064735,-0.7339651916215925,-0.4157378743601899,-0.22528568176946265,-0.23940060969341195,0.5922253352358059,-0.16244681106033695,0.7202804101164539,-1.0206129397109989,-0.3585100368104988,-0.735553058895283,0.3109365849082394,0.651528167513382,0.94346983965837,0.08699199406920535,1.37644226677596,-0.3936973181027381,-5.043707990976148,0.06097827084748986,0.27251916364992046,-0.39259488638568024,0.493436371603221,-0.057491928966325566,-0.4387255384336021,0.14768225017753345,0.7279435375001684,0.24460255793373356,-0.7505726178158288,0.959654577252164,-0.409666535226562,0.9596064121151632,0.2098100459844722,0.03490293753822118,-1.2260704015737973,0.06196869931885047,1.2346263088511347,0.45159978528170264,0.460799714044266,0.43548183641871074,-0.8126710096199415,0.17713007460546415,0.6117737795546339,0.1462257347403072,-0.12478524909870974,-0.23469498814966733,-0.5438839777665879,-0.664496203360518,-0.4403571272491673,-0.083407630680377,0.0845217631830593,0.5883188445085457,0.17176460565404028,-0.06617877489243565,0.38062439900388256,0.7514477514625167,1.1032070451120812,-0.4974360434580832,0.21163157066636037,0.9593349543867646,0.2888375278295778,-0.9765107675499285,-0.1664255949538217,-0.08601682136597973,-0.4439116181680483,0.5580006670805211,-0.0015705625229993569,-0.09279871024653659,0.20352300019837036,-0.20044672013804207,0.9311260953436259,-0.34131302315796463,0.5420126844906501,-0.39186144210053075,0.06766869981392672,0.16344286362993424,-0.05617828071652999,-0.5870774390112831,-0.40951362397064334,0.1630088855786098,-0.6618820898981684,0.9890771824213448,-0.04945564627105288,-0.7505244907507083,-0.11548664541902169,-0.24694786467632518,0.2677987968393974,0.0646038975867768,0.6677175295277622,-0.9148329635799207,-0.3491123906299016,0.8213825450711306,0.07952590591102432,0.22418793256507794,0.7879558325741114,-0.35572497183900353,-0.16727108499217996,-0.15905038911930044,0.26854004620807964,1.4471705923227522,0.9890089023662879,0.28626327389365164,1.2655028445901653,0.47239106987847584,-0.08555255106568828,-0.550266695960354,-1.0458732166379847,-0.8745478564926594,-0.49496966114531027,-1.1704986888772104,0.09163079250683574,-0.656523418134901,0.29547263302931687,0.302396957321287,-0.5634867301388073,-0.21155575479341174,-0.18356653067520895,0.24145597156780166,1.246856711713498,-0.4538430552871243,-0.6424767824561031,-0.3288966113222379,-0.056313028921884244,0.26930312663364986,-0.5064219263293981,0.21238034538261422,0.5764675399372176,0.15231672370564572,1.0301131681962248,0.030338332162085077,0.08606284018242179,-1.2128051171788046,-0.5037368730415122,0.29198672487051147,0.4088613664395578,1.0366616444670171,-0.1378754365495227,-1.030971923421345,-0.2758394873367053,0.21291077002090286,0.20319140393563898,-0.314935065863822,-0.27668376969032116,-0.41859860431473933,0.48354282285893063,-1.2974739402998419,0.7329495577688727,-0.16925301204921447,-0.033528554070616744,0.3967093379639578,0.2491692567217257,-0.8921799094458804,-0.26316824542678113,0.5435043873221738,-1.0034238226016885,-0.008253164621674509,-0.6544327393052323,-0.11834142497471441,-0.07496124363032035,0.25138393189061214,0.11501721643869917,0.07793662923310472,0.01580823794050691,-0.6395489522347042,-0.32495914589083674,0.27496489073864877,-0.16861734365850295,0.5916374843834876,0.14547261641961956,-0.24053895204548395,0.44333699001888566,0.44300138879062045,-0.1411298445072194,-0.13043515840805428,1.2005120373341447,1.5047360061852266,0.10221327306662945,-0.22804534390559822,-0.10680379108757977,0.3948219494799917,0.8845465920751258,-0.23215041923973062,-0.38679354529143267,-0.7378051504905053,-1.5394580003534903
Macrophage Skin Human,0.31036099222844915,0.4992940159975766,0.6669058160768713,0.16574837984938184,-0.566824208093444,-0.45983760277302543,-0.0812380137452672,-0.21788041560585622,0.4898802701121243,-0.09647174879553523,0.6288135691566205,-1.0278867258939681,-0.4845612067722896,-0.5201138894441822,0.22219348061466115,0.611182423184405,0.8195501835562262,0.0621837131397897,1.1141450074637502,-0.4006100418788352,-5.037819282205106,0.1581516076330811,0.38314931973424365,-0.5265212229814944,0.6334885290097193,0.022235646962211936,-0.37362824600777833,0.3406018945496484,0.7284860844073946,0.03662342006984536,-0.41876142508776776,0.8063834066205695,0.2678578842152094,0.5306047469756598,0.30798404304528115,-0.10552676476238976,-0.8663682726807252,-0.08784683849882517,1.240192332567679,0.557782258521768,0.4567246230209784,0.5901458122440759,-0.6355248646590488,0.5771882683002544,0.6337235276686699,0.021820614312110905,-0.13584462002407582,-0.08128717751717852,-0.31156612977800874,-0.7824534537638348,-0.17393125277360008,-0.0951190246111429,-0.06788692060251174,0.38460358155036645,0.3564371686333108,-0.3094181929328691,0.4044006432514588,0.7483054223420614,0.8015347252791596,-0.6369827447245662,0.30390627889350047,0.9940341084158809,0.32782963353936606,-0.9528797979246387,-0.2544940510814892,-0.04237527637548493,-0.6880467165618247,0.6657061621032089,-0.17661121411878825,0.009738528601510477,-0.008617883707128701,0.085274810164107,0.7671807942310305,-0.44876710625930133,0.2790660921823722,-0.5127879260591323,0.04234972684131767,0.07234347734306112,-0.1912705102717064,-0.4507376398995971,-0.24020773188962727,0.11221597382372067,-0.6418448314824338,1.1396930981160975,-0.18226821915430166,-0.6186300502769844,-0.26916611409942853,-0.30851113391397406,0.25100320750611943,0.05818463940001019,0.49673631065628654,-0.8892097721052217,-0.5674246291647411,0.39115635826402656,0.23620067519403426,0.08906425994126116,0.7948265566139907,-0.3814425114848674,-0.14151967293318135,-0.1495176444016858,0.21914508423302043,1.3307118799569553,1.0583129568215535,0.1564490493479025,1.0949548487665142,0.25931222472832705,0.15758012912363595,-0.6443442231944694,-0.7497721645587416,-0.657500298781512,-0.5924543541753183,-0.8894987156210726,0.15841075532860627,-0.6344313533999186,0.20516506414302185,0.315011700347159,-0.31293912505773336,-0.128848513783746,0.08893609222918647,0.3134268842748299,1.1886854580997896,-0.3115361515957618,-0.8754395703197809,-0.318093074230723,-0.18277539178645405,0.4065516267979754,-0.3705194704590038,0.23726876181230555,0.349983595581954,0.25485630857517994,1.105462269292576,0.0018361227351264583,0.10844743023216376,-1.493506137325204,-0.5192180240498331,0.32838522895958105,0.3321354476233474,0.9587676685581936,0.046531676734162974,-1.0151558952701503,-0.1254686576082915,0.31984391086020625,0.27086762954757204,-0.25613524796213705,-0.48937175021386214,-0.25483117937073163,0.565547677127817,-1.0502251518143553,0.7340842418965998,-0.07308381159601415,-0.20161074667799575,0.3132415426296924,0.1430053330459421,-0.5853138674021509,-0.13857385872413072,0.43486296105658706,-0.9799184459479723,-0.09392789015353684,-0.8555054562610394,-0.18953643124728084,-0.2808961181686539,0.4621042529075109,-0.13566070587197,0.03318026645639535,-0.04088724657150031,-0.5076503168185881,-0.6336510453869477,0.562778924563275,-0.3106265144955562,0.3659313145819609,0.2144468698205155,-0.5163188548995594,0.5678827362124929,0.5064471890021203,-0.04078063151377831,-0.3056485418818447,0.9248843581785253,1.3728350716934352,0.03941840817245261,-0.11607663349138292,0.375751626243132,0.3549340607002638,0.9376290989965744,-0.3746156682586794,-0.3548091030679501,-0.7849007716193895,-1.8609020117080821
Macrophage Spleen Human,0.17634797608178615,0.2715079052330635,0.3228721326364545,-0.49905859417708953,-1.2543967725306178,-0.8452565593236007,-0.07829893816396433,-0.19188281752860395,0.3972117844687002,0.30996867789398164,1.085943332470076,-1.5417559237930112,0.21277581103639992,-0.6993614025600822,0.6010197349056632,0.8164521229469566,0.8542003700417844,-0.1122190740902899,1.0839984716842452,-0.1450008761946289,-3.3219851195340353,0.04285274402631904,0.4078862324813366,0.2481368052197594,0.36060738586410546,-0.19513805920585958,-0.4227064013747494,0.06497823796189567,0.5870791314726717,0.7203999070434394,-1.165868831163954,1.119868157462169,-0.10154708472281893,0.7274710633252965,0.14408196616071187,0.31423546226894533,-1.637549240756159,0.28857940937999255,1.2662078919624995,0.3556170922258598,0.21302379971896987,0.30487444753425846,-0.6951791886633195,-0.358699142627819,0.6524905714201698,-0.10910201247898399,0.18817377260923873,-0.3720846002682353,-0.8484218023718946,-0.21836170834933263,-0.28145377047333137,0.010838092978073574,0.04700404338683591,0.35084769272010063,-0.24143353286374394,-0.14095439250844752,-0.07962831156503823,0.44501654860891515,0.97259619080244,-0.4797207919463065,0.3012836340839866,0.8032539100836431,0.1990595080263162,-1.2308209871314544,-0.1698682875846492,-0.12508677813376592,-0.4307167661556054,0.536108989210571,-0.057848008924285155,0.5829629551765358,0.3431476750276004,-0.746436655975185,1.031603922555592,-0.2653500331838258,0.7443944672341475,-0.23136294631924248,0.2907397311873451,0.19301191667153828,-0.12916263503391381,-1.2634107664108079,-0.17932019445255906,-0.31735661644667057,-0.5633348688385305,1.3907528644844804,-0.05117081832883627,-0.9170798174091572,-0.09162763100616704,-0.39792058525727775,0.8585898213243119,0.08623724303954632,1.2797110688648297,-1.1486127446227605,-0.5556832847662059,0.7556605332816128,-0.04995506824857177,0.041727830488861146,0.5544132376671256,-0.6477111308680814,-0.23271776944370312,-0.28301735474361067,0.42397628183447333,1.1281207932170971,0.980751838453552,0.5636166830343318,1.0906063487557744,0.4076429192055489,-0.2573902261896478,-0.9388091504039369,-1.4587284899802473,-1.2737941358124802,-0.30570043315734224,-1.4114636041556365,0.17283030149030562,-0.8505384697203463,0.15504760061078235,-0.08881845291312473,-0.40763901638787803,-0.3498952279343221,-0.3623220627712984,-0.11923375847659061,1.364152836984761,-0.396909454622933,-0.20465488058549985,0.04794060074798579,-0.14180181274756307,0.06262248054106863,-0.406779400726702,0.5223940779437579,0.5312678997390903,0.49249135083842144,0.579887389649789,0.10030761300401675,-0.07742409850753365,-1.4138559955473895,-0.4014997998264926,0.05050327616295101,0.4409613724845064,0.9452849085818197,-0.5121021836033361,-0.7329859835915875,-0.4028021711903497,0.2557015150563498,0.6943590922599516,-0.4076035717069075,-0.1169026080276274,-0.5772941006386131,0.5849524202638076,-1.9199374222829946,-0.1401826804742359,-0.2785783383010259,-0.5517807535538692,0.05579753756732911,-0.1379927429792684,-1.425240551468343,-0.44216805430874884,0.3304167768954057,-0.6930281444393096,0.07487987905895542,-0.4778143279160535,-0.05241390487214827,-0.19472295623154903,0.16338836338716006,0.2131113225584799,0.19942241004294423,-0.31383552800620107,-0.7866949920746558,-0.32715791318277854,0.5467080667575704,-0.1511932120310581,0.8590680044951401,-0.07560743047312321,0.29286531605139754,0.8464251248396565,0.7069655131619218,-0.21016958695843896,0.012299131967641264,1.1822377674456233,1.8080544257886777,0.26718745706162744,0.21230040697152305,0.9966639437853854,0.7792723919016881,1.139451478045872,0.44661166753077536,0.13855303397832552,-0.47823342012899817,-0.4285861471654541
Macrophage Stomach Human,0.3673201931625246,0.5012962983355691,0.09599730860533405,0.08364402638736634,-0.5461945583428405,-0.43732486056567477,0.0767703400837872,-0.21541023431658052,-0.008315923573606197,-0.1301748933511461,0.692803705244712,-0.7365936818709062,-0.27386402992050923,-0.6753432398197352,0.15250335547432475,0.6901598455366619,0.6597028530147115,0.19761256637941388,1.0273691193748893,-0.1552481603041691,-4.329890317253834,-0.007328938629828892,0.1687216160059621,-0.333805716801556,0.3722418933249317,-0.09008107353491014,-0.47309409667699465,0.0576530836600097,0.6358395184528987,0.033737590167660675,-0.7577259444380103,0.8108587510502799,0.2645033616580149,0.30883849526772233,0.4093593806074561,0.047085108880076026,-1.061428315277573,0.04270020286389136,1.1235435799474276,0.3956090531736216,0.5368298308542151,0.13813336311663135,-0.42412481768478905,0.09377714199035092,0.23105879497576,0.05076582255379854,-0.14796490939940354,-0.09149651203897874,-0.5586114415984104,-0.6393007438911903,-0.14281543342916747,0.05772781342384825,-0.046328208646783144,0.16428868552418205,0.17465343464790187,-0.05249066902307282,0.20134751146850613,0.4954089715858818,0.8748515016130212,-0.29096872818858877,0.42531092329744435,0.7127749090145638,0.22982710352105992,-0.8305248149299762,-0.0934663386439017,-0.12874828822741538,-0.39287361172075685,0.6141149760888126,0.018525761030287916,0.018307923527191194,-0.016550740784844437,-0.28212474074433724,0.9439375273715438,-0.39279567672319865,0.432751129279017,-0.2990045542080322,-0.0031603299975302155,0.18313960472183174,-0.05898274963429794,-0.668942478388657,-0.10309853004277102,0.09471462414029669,-0.6738562153116519,1.267169432804126,-0.19027394413320398,-0.6754132560999246,-0.21826331708343416,-0.35343001789020484,0.21272872537543774,0.14584317486666226,0.4832139751203507,-0.9480508469958845,-0.43692047449181237,0.9741863432216424,-0.058984242401759174,0.09227196357140655,0.5627256953296614,-0.15315873475871547,-0.20970388209912455,-0.3653606118450644,0.37292845105061323,1.059286164435169,0.5756621705201658,0.23804590044677562,0.707305688357142,0.2432806677193708,-0.006536093046313472,-0.5730270796727961,-0.9389466351828039,-0.597609654559785,-0.4650440103787332,-0.971600944474557,0.2763493895883644,-0.6057898277038548,0.24772574833193778,0.31438114208996804,-0.12737953504005098,-0.11444755081620184,-0.08689191887681802,0.19362103334940017,1.1739015149960805,-0.28493289813038863,-0.4275573405177548,-0.2649465443651617,-0.10971684065219019,0.23662098750227947,-0.2006560903687188,0.2337069707451925,0.4076508570787803,0.3689291875690802,0.9530493174310333,0.1573859279510348,-0.10273312803411384,-1.4694374814467983,-0.3254475222056094,0.21994595022433563,0.13513412008009826,0.9716906578968929,-0.27939003968741855,-0.7165884265127037,-0.2840341881368383,0.14775318188712955,0.4893063276788271,-0.3368059740827245,-0.24178370535055396,-0.26893785791228864,0.6260296094634693,-1.2181508612799339,0.45965701542371495,0.11530207945807451,-0.13005902715933854,0.31517746013398307,0.2822925818859379,-0.8014042863598781,-0.09861127573082604,0.4306378971312715,-0.5292032354325958,0.028518935349738227,-0.6715777698768028,-0.26348701319019874,-0.13612143489601106,0.2862531897895488,-0.106782988953892,-0.04416480635656655,-0.03103989186861557,-0.5564089114142732,-0.5629414685016084,0.44584601354915776,-0.3064310022676572,0.3831114103508358,-0.014627917066666923,-0.19018413251181002,0.5104318351222754,0.3653831487161472,0.1216956193312409,-0.1917066760372612,0.9154554279627176,1.2099684861107565,0.31220086956577614,-0.0472203056872546,0.3486932806617118,0.3646658817924963,0.8333606289851591,-0.012504780336701996,-0.21441569649596837,-0.5723206892063845,-1.0453813348882066
Macrophage Synovium Human,0.27784025069762686,0.5904890674535949,0.8680347925314462,0.02611342728109083,-0.23163039383521525,-0.23071534354152615,-0.31033077911683843,-0.2003819964102354,0.20633396465913967,-0.20883017968430378,0.4786280497291564,-1.095117871111557,-0.6919669943915382,-0.5732273876294884,0.1803572386979756,0.6375614473557225,0.8671404775588325,0.03722527762872998,1.2456497336710013,-0.5330422401507977,-4.584605281831385,-0.07424495706145585,0.3674590401991187,-0.3445807279553508,0.6906051264467138,-0.003293425452541136,-0.5400955201655928,0.11037760209475007,0.8317405138987681,-0.11996564629270084,-0.5463161487482872,0.8592628345568802,-0.9585839304620429,0.5892745303846816,0.3102690621510583,-0.12097821619236919,-0.6574294815113737,0.06184772110276508,1.1336121868520523,0.4902047016920354,0.8604502771617362,0.4856784904511696,-0.5562208031351573,0.5127141773779369,0.44685363642820586,-0.3723137374395456,-0.3727693734396073,-0.24106739433617763,-0.5365878039022862,-1.0588495446116635,-0.4681951394474833,-0.3855437461230355,-0.1266518141777994,0.3279433877166141,0.1482847797331072,-0.155050705796003,0.2601216121547795,0.8264023148491776,1.2493089202442427,-0.6605142212002071,0.029324031604763254,1.0451563480084538,0.4154744629926151,-0.6021002496599395,-0.3924119149438141,-0.30214218900100026,-0.6346801090264865,0.5516276783115772,-0.36068391274871714,0.08867376996621325,-0.04168831929490716,0.02112908719302693,0.7381579097207802,-0.46676853253544476,0.387911129019091,-0.5253007656567761,-0.21469057648306608,0.03240977956762563,0.033341640693279335,-0.5251042485703376,-0.2676460723629644,0.6082155353507381,-0.441562323043099,0.9609158744180889,-0.2943825732517598,-0.6127922507745195,-0.2102085585770809,-0.5574038432969038,0.5453804970051787,0.1785675591653044,0.7355339980863979,-0.6234029319425539,-0.4020431308061853,0.7479441042624696,0.0866907796767463,-0.017879026141533746,0.7372795140110905,-0.5898606646561773,-0.14175742301841987,0.5908284461479663,0.21601204123273235,1.4497840145621048,1.172541307969552,0.28796602421879886,1.0647032242982373,0.4021828115046606,0.1540297950613292,-0.4476359691217616,-0.636356746682448,-0.6405801905545642,-0.5526952187119978,-0.8907725850576615,0.12266655577041699,-0.5008049397939026,0.06545873721799896,0.4139155938017653,-0.4207037387609309,-0.17010741523849407,0.11451438636224136,0.34717179010607035,1.2526799078528683,-0.46531085700737024,-0.6557490153756108,-0.3196030502814006,-0.27912796051489636,0.267947347583539,-0.4157453520965867,0.29357803158112655,0.4424271389142883,0.0759345335037303,1.2748577403401102,-0.007724914097193011,0.14097687269518577,-0.7678006295615988,-0.5037252136095639,0.14540981663527283,0.4594097079994262,0.9456428343274884,-0.11806356458465948,-1.0967165157237517,-0.12144924877792707,0.2875076235957616,0.1917904502181712,-0.2600795870526463,-0.6862796136298758,-0.2950130040930359,0.4413530286843926,-0.9494347826272278,0.9683291762390401,0.05032119628657387,-0.15479787925446328,0.5202945208005191,0.5841899418831404,-0.4938631416783183,-0.3223655009682906,0.6614574124357268,-0.9320379648711791,-0.09142319778112196,-0.7807695909969258,0.01414628031685653,-0.006237023169200229,0.22061153483724052,-0.1407130101379716,-0.07832649551253316,0.2751275404834008,-0.6702865343403646,-0.47204430914488515,0.6002325031662443,-0.24171584212872946,0.5266825353808668,0.13397036451569475,-0.3227864542749631,0.5592102325718619,0.38128369422790775,-0.2985489821779889,-0.3295780728774647,1.23441676444875,1.4253354229210047,0.08614070650606954,-0.43315413762169436,-0.3349083195464113,0.3418062847977904,0.876283184681849,-0.26597000820366967,-0.6125866135510456,-0.9489697308846695,-1.686474057477094
Macrophage Testis Human,0.4921678069769062,0.28273581043480833,0.8524375179211225,-0.0358190894955931,-0.9269890701242864,-0.5682416007877382,0.22215173612637742,-0.5522079632644054,-0.07445077286169988,0.2138652707334436,1.3372188240967098,-1.7999940916756336,-0.43000269887138437,-0.9655672625730052,0.6890324579531982,0.5745503639170131,1.111360903005756,0.009953644650059719,1.3584895744360512,-0.15329739207876084,-3.773134922059312,0.16026546140216388,0.35989214212902126,0.019309629025060608,0.3818259173129949,-0.2631241416090544,-0.5517436723314787,0.2809131745607626,0.8035198529092149,1.0129078908710645,-1.1410734801095745,1.2337675331760583,0.37457032667502577,0.8753929826160461,0.06931604429691356,-0.08456614824815087,-1.500573918494144,0.0598641850108197,1.8263394220122102,0.43089862380652877,0.6638382959352941,0.16463453206163378,-0.8143717336738546,0.31788617800446384,1.0585597825509216,-0.07377353926606779,-0.39149592293884844,-0.023530126444983937,-0.16117642541689686,-0.7886820061193017,-0.31905922023133615,-0.12596155192824046,0.1138348118150234,0.5589433683263612,-0.1975626228021958,-0.12884861371805234,0.400697961005239,0.41882258172700754,1.337192717290314,-0.4656866102097723,0.22443568374389375,1.336004252105281,0.09535782946455451,-0.9293862387848386,-0.4422767039524053,-0.5314899608069795,-0.7847917969599792,1.1317826021235307,0.2007468867771994,0.38545569933534174,0.32818007164583823,-0.6598779116245087,1.2295264033467581,-0.5326005852556364,0.6203412399984134,-0.7335739989004181,0.08886068668775987,0.12219096211028245,-0.2994249397453483,-1.081340442993238,-0.2616809218065951,0.45929623414630993,-0.9117305728652991,1.6919494791987437,-0.06506810374998473,-1.0220233995491208,-0.25439748224726433,-0.6594063381439438,0.5355618103195874,0.042158121891880236,1.5077385880186644,-1.1144807164021517,-0.40724122946051905,1.424361386982578,0.08170859148961554,-0.20453023571448342,0.7093556405629143,-1.2430434422255772,-0.46421195527465714,0.5976943236842535,0.624199170722728,1.4247140428342584,1.534713436185495,0.678715862351249,1.2828399608787118,0.5399864313592966,-0.36124424994148907,-1.0482368912671698,-1.3641692144296882,-1.4007397638656462,-0.8013854723318713,-1.1807674137825805,-0.007824511808785095,-0.7416211173702613,0.20485903630828436,-0.00878429554366342,-0.8200345722224601,-0.6777665200503035,0.02262450660066678,0.10839871003405976,1.7232518725223385,-1.0510550679176363,-0.7296927563680634,-0.25136169088631155,-0.1953442167492527,-0.09483362761318714,-0.8305211044168552,0.3103017261640286,0.6397888786694098,0.2903949966315069,1.437909032889839,0.11990577951614928,-0.34372170389764006,-1.3659966531747483,-0.4623387176467793,0.03879917075388614,0.3488135633444883,1.50904951562131,-0.4869647234322114,-1.4924143876682214,-0.23176572571736348,0.05059804760486904,0.7098536641942454,-0.6380928776945669,-0.5526887752672298,-0.4679567313409491,0.5441285575447724,-2.329600878626281,0.7922366767026834,-0.1369467851350649,-0.2666207562381073,0.4515725102304682,0.08562031236910647,-1.400685907433006,-0.5865736078917088,0.4805874769504827,-1.1354095063770184,-0.209364596479798,-1.1742063954650725,-0.17952681593149683,-0.8545305394836046,0.14323114275734639,0.08834083360083035,0.1330056230310512,-0.5193112621326552,-1.3744432070746964,-0.9115937764825962,0.7287328314086877,-0.45697629953409447,0.7984815555580211,-0.4098180822960256,-0.09300366971312411,1.3574772089686893,0.9663560142791371,0.25181792733517994,0.016852952795314298,1.1869155632138308,1.95410221675667,0.17394128139122653,0.3308459431514528,1.1062207632118772,0.799780444539179,1.4193290053740226,0.18194443362397097,-0.37192880750338325,-1.2058985439679164,-0.3338287044185074
Macrophage Undefined Human,0.304384298092896,0.5232836730586927,0.7359349482390433,-0.07924882320442865,-0.44460023842110336,-0.22957256648808072,-0.07003998769581644,-0.132678146886227,0.17798478267337517,-0.16413910195645398,0.44669941013357034,-1.007540844664601,-0.6817114505104821,-0.5208752191596624,0.14576148796479133,0.5264208492811,0.6767276187827554,0.09394400980694932,0.9923119476261981,-0.3142615529401527,-4.626203155663647,0.05348196774399694,0.26246216588811694,-0.3341912461138219,0.4640804968992369,0.04176035530245511,-0.4339252784560361,0.14966515813018777,0.6611667452491883,0.04744828359107815,-0.5894410379524468,0.675391965367229,-0.22808016949985088,0.8519256426073416,0.2532854963681562,0.011707408194273374,-0.752249773196867,0.06058288746688472,1.0987764920082155,0.45279334400980753,0.6349041375970228,0.2777456863064374,-0.4558526078644403,0.31729574140820954,0.47648525357679433,-0.07134663528528268,-0.27430170261629083,-0.040647601383828356,-0.29949954734636824,-0.9178728749582524,-0.35057540475837506,-0.16332757175588067,0.06774304981780552,0.43156684692323655,0.12561815088947423,-0.19967560364928155,0.39459438514657036,0.7718311310478413,1.0627301804594547,-0.3998848730191811,0.2385169289911293,0.9943531206069789,0.3226377046159535,-0.8119401165843153,-0.08224127238634998,-0.060153664516685655,-0.3823467250197968,0.7917102653727882,-0.010719349197574175,0.018177701352561373,-0.05807475693266762,-0.13781806902990512,0.7300395694419374,-0.4224915122589831,0.2765938730219496,-0.48497223380716237,0.05720677205780812,-0.023195650657221407,-0.07451452314313035,-0.559615710515944,-0.13381173712877636,0.4557030812006113,-0.6140012191621885,1.1045041056478817,-0.25623633711364974,-0.6062974010449754,-0.23308044668815156,-0.2295488250341442,0.2220232615172064,0.10890143698505747,0.696656039346962,-0.7290107156544906,-0.279497755442944,0.5608280632754444,0.18450402829023432,0.0879952828717857,0.7448070792719256,-0.5534342860782987,-0.32520800349119766,0.40740608326022254,0.20579787853169343,1.097888560436558,0.8169652661110688,0.32216268913446955,1.0540207561353911,0.35752596123693103,0.2608339928287694,-0.4659715581137435,-0.8022260340159946,-0.5816166236529714,-0.7396421173536725,-0.9658594645849377,0.08012478455931317,-0.5134331503604069,0.24224435213093076,0.5589955946929648,-0.3832716879177692,-0.2875537108396097,0.06319907075840893,0.39984227382613013,1.1475571368293918,-0.5221672080120194,-0.6766734799624086,-0.43130031051211887,-0.19651285649233768,0.18626426248946892,-0.37511181736909094,0.26762915522913877,0.3548622095988333,0.3022919815761718,1.1916736663147984,0.04102336013379357,-0.026988592039474242,-0.7409564760905835,-0.5608896282518734,0.19323385528014256,0.24714689643993457,0.9211194816553799,-0.1308664598556789,-1.0086349094818299,-0.08216705041227554,0.115992068849573,0.24447076005727741,-0.32215576247166006,-0.5609847378187197,-0.19127851326319426,0.3799210354449905,-1.1596382897506614,0.6848471570914726,0.0076506691877898025,-0.06762791024265342,0.46055749469779755,0.3659587067534797,-0.4946764098912543,-0.2156424132555267,0.6248831388484726,-0.8595752335057791,-0.12953814014151616,-0.7947240502027336,-0.1505112799623498,-0.13915075431327892,0.29904466938162344,-0.289011796842176,0.12633509894860875,0.2514806921103329,-0.6791408242545405,-0.6112073402612848,0.25673239494370564,-0.22900570024931816,0.3448591224296693,-0.038392398481537346,-0.5003940838860182,0.43336320529424555,0.31061148160025354,-0.0467312720394221,-0.23850457430967073,1.014087068346628,1.332166788416869,0.1160803577110352,-0.15729609423012827,0.2661589695746956,0.2978398297813185,0.7859805974834325,-0.30376348197476105,-0.37078317764995783,-1.0571948496432468,-1.3537593373742076
Mast Cell Kidney Human,0.13205349026879962,0.4408576913359247,-0.1619361436593802,0.04577935265051458,-0.009228470380259023,-0.11502332441659552,-0.0027762816009339916,0.02244424644515597,-0.04159385423564313,-0.45155284344321117,0.25787050301585046,-0.6720979284320626,-0.3670899466272967,-0.28161364783956605,-0.09448503985087614,0.7681433651884548,0.41703964233739843,0.021778891159855807,0.14545432969228697,-0.028802122086561497,-4.407207929470306,0.024914652396242243,0.21860065705365542,-0.3124634684339913,0.4085694981750155,0.02186459575522492,-0.1413244535752336,0.07785971108331077,0.37169606656674015,-0.05933701933405401,-0.41750629521787286,0.23675209187712465,0.3246700739298865,0.25582324289116487,0.6622473495913722,-0.12883218765586496,-0.8006595354801197,0.21974772560008246,0.6158700739682629,0.3885912386406684,0.6426518504625308,0.06470607861063059,-0.17105681507196577,0.129576591695629,-0.01239800030279886,-0.02553986337702229,-0.12600797672549002,-0.23300067572885227,-0.5348253845489728,-0.4771341091854333,0.293581145796878,-0.1656338202854306,-0.008990965540229668,-0.20683040824864454,0.053754534525528724,-0.01968579119442207,0.27786291735749996,0.37093662256176335,0.906344115555359,-0.056387769605873744,0.5308690138689632,0.6213801747931817,0.7930538568162125,-0.43507143289139033,-0.007235602088567932,-0.2095509766516724,-0.3120556768750325,0.4932803618181602,-0.22124070622714573,-0.29900231073660527,-0.15606075366002864,-0.06580581958733858,0.01810767589884681,-0.3134807877124324,0.06907593548309386,-0.1513407950142555,-0.3921287309836218,0.24326443408300927,0.1431847554785692,-0.6717384283471319,0.17359083375468295,-0.05643411752121556,-0.06458390582751662,1.2008685302654636,-0.5070471638141746,-0.47875806984970987,-0.12081224195310096,-0.18956038622165153,0.49774589302280625,0.11603838203350544,0.012601062416620535,-0.5338832529942609,-0.09394779032435714,0.4780326905155463,0.06993402372559407,0.2400933065937777,0.40201159542712755,0.12044726526259918,-0.26547662451263593,-0.7291415872961735,0.291202895032361,0.40332073252886436,0.16164749288335806,0.008998120719409471,0.5470621182088807,0.04884509014946445,0.31423439666113534,-0.32527223195576993,-0.40251754500720827,-0.372661831208631,-0.5483176198226013,-0.5583495410059178,0.36026963325522376,-0.30930587269653315,0.1532918286465288,0.4485429885582952,-0.05861973264579175,0.08405197460255572,0.17609232371058284,0.09343546511598007,0.5904570972601658,-0.3251775007693152,-0.2440142882013335,-0.023213288407586782,-0.16674598943414726,-0.10836269687777807,0.08074972142314941,0.08730811161239674,0.39210568136607243,0.2892823562622488,0.4592076610755876,0.33528318850907113,-0.21784299466951318,-1.810328344655292,-0.2118357293226657,0.0671426970543955,0.021137678234221028,0.25238499110704504,0.07485589020037083,-0.4211193868467952,-0.0832327478089698,-0.1011435574094663,0.5168396646682987,-0.2330448343651644,-0.3149533232059297,-0.19876510346055962,0.40247472918461447,-0.8047821887623977,0.1691131769528208,0.34780415944096094,-0.11645799771071419,0.36584354810872993,0.2094221082056935,-0.23219723262139508,0.279352249510433,0.6831751927327085,0.09427965100558826,0.1645357251548226,-0.48371389015650007,-0.32058595982714405,0.05012511501672404,0.6086902369260356,-0.33191217186677596,-0.20572773341249995,0.14444555733757666,-0.5888629931312913,-0.5666931872587944,0.5916872468106182,-0.14295183625854238,0.015146335806739585,0.12343959721067133,-0.4720739560647007,0.582637095275791,0.399548950389172,0.3045064477622443,-0.3729558175258865,0.4778043376606214,0.6889150126092078,0.37801271746844356,0.07767864151929683,0.5692011294350845,0.16289516201258306,0.6450451093150588,0.2121199107115274,-0.27454892370916517,-0.31858451359128165,-0.975019285536934
Mast Cell Lung Human,0.2378957664493944,0.3853127873262523,-0.042238496370819056,0.31895396228238404,-0.36265759116229396,-0.14199559310953866,-0.04268112913332165,-0.047087630940825895,-0.0531898774047491,-0.23542353615196432,0.14107620164815604,-0.7956125122598258,-0.5241344322081415,-0.4345716773949193,0.1586815312800052,0.7133043710442302,0.4908865536601935,-0.02411901671302722,0.28287596041902274,-0.014666367438644278,-4.369636011689493,0.06706895504156521,0.32655738085417385,-0.26706706369796385,0.45737247077205967,-0.0032873369493764647,-0.029384996650260377,0.13331410202881583,0.37088588243707504,-0.15207311086916267,-0.3077945230551738,0.15548477346972067,0.1475211644780408,0.3803749048825936,0.44996860021405594,-0.14812803902807142,-0.7813969536684121,0.3509780494383244,0.7410389860414505,0.5048872816189145,0.8072995193004846,0.1797546709702453,-0.35364218241559586,0.3218999844524493,0.32343144546660973,-0.18223417845729722,-0.23355395425670117,-0.14853541745899207,-0.5318975622308242,-0.695847618772095,0.20123015461622606,-0.18442830183547682,-0.05052301770043494,0.013146677027810935,0.019128986474543506,0.03602992692289414,0.39164258087119497,0.3403040155624926,0.9878654948884877,-0.05494314844985873,0.5443948637530542,0.772556885961739,0.8106603335325716,-0.47806185879205065,-0.19911220345421826,-0.17286734401267212,-0.28422637641233267,0.6628869411236968,-0.0827663256373906,-0.2839233514047425,-0.11093858827346877,-0.08153957372655156,0.09039898580363946,-0.20183903437635894,0.11470557949476345,-0.30566322901066456,-0.21673874614207345,0.038556049772079534,0.19167552305963445,-0.8234148593454765,-0.004116896003544908,0.06945706714145396,-0.33184496395727303,1.094815464609541,-0.3669522349239782,-0.6569127736495507,-0.0385149196147733,-0.3156602716525557,0.34838136160614697,0.3097288255362606,0.12323704499890156,-0.6603270268707138,-0.1582450121146598,0.49522141937044306,0.16410636667756642,0.25696951538157403,0.549477586715154,-0.07146556624594344,-0.2970271089180602,-0.2672203611944635,0.5089426964219282,0.6563965361288808,0.4363450626152176,0.3449044747422637,0.6537973508276527,0.26914206844831434,0.26267667068444317,-0.17102635113589718,-0.589320265035802,-0.42378649961215875,-0.6859071811373451,-0.8244376082680624,0.3172807687649226,-0.2725816751027742,0.15826378839289357,0.5081015340088145,-0.14327060406949946,-0.15326120037360008,0.280445479926613,0.11534699928703739,0.7611944793697205,-0.45189292066610504,-0.4986973102435453,-0.14849812505665114,-0.12616594876702691,0.02352957734209612,-0.06310895257766977,0.14968999164690805,0.43709656778579514,0.17976422181533216,0.7004092249905165,0.36778686742829264,-0.14252262109892483,-1.6313404108226588,-0.3352456513233355,0.008202043665824946,0.08107476659791928,0.6205972355586096,0.03385301866669386,-0.44717439682207555,-0.012639737465619574,-0.07042886212110114,0.32307209001795123,-0.1512684123739149,-0.3985019129443222,-0.31768253269010654,0.3662675757461334,-1.0715722805213068,0.31683126087069086,0.19905455447979636,-0.06967391291179477,0.4147357553166722,0.24709860585975416,-0.36768930189006965,0.06635872084154397,0.4534521508650523,-0.24476979304787608,0.09131534482397471,-0.8084336679242072,-0.16345126920936826,-0.1529102241012004,0.496062981950724,-0.23299966336143568,-0.11024478145274677,-0.029582248666055373,-0.6659824790297698,-0.7020430163900951,0.7390871770386742,0.008894919866359095,0.1735071830756192,0.07598708030922428,-0.5703981770202176,0.6178598072305099,0.2110764328470367,0.20186335311314108,-0.16692471400544415,0.41236819951059056,1.0041480854290785,0.29354917688563975,-0.03929668771678871,0.4168969387704724,0.034481868842888265,0.6513508571310008,0.11067932322895337,-0.5095022242530646,-0.6018766391418456,-0.6860036620879572
Mast Cell Stomach Human,-0.14838842872211372,0.5401327868531675,-0.2759931318019291,-0.22910901710942716,-0.40299858143151357,-0.20572067077281395,-0.30686013910244286,0.023377672591812036,-0.13215480192757642,-0.182397737396111,0.3315575177160034,-0.8307789472292908,-0.21018725840434743,-0.25928452263633656,0.07924291376885173,0.62614276612465,0.5538433792123011,-0.254998485602901,0.4284592686238536,-0.1887450545558108,-3.7724948355384034,-0.03353199749130864,0.4834373061693561,0.044159760708889724,0.44334664399586327,0.06280927186937084,0.049493073936705066,0.3245013664735182,0.5040927696324633,0.5001426519891392,-0.15186370009446704,0.25129998066404197,-0.10942448259981873,0.29634568912074477,0.6897473728361267,-0.09088068253914902,-0.9959255410560355,0.465309823753232,0.5171788096046805,0.31973301651785957,0.39731351491028494,0.0772266757640211,-0.4493778754689429,0.22452545980740943,0.32110038134137114,-0.07790452309666561,-0.03301435159807535,-0.3056074701299682,-0.8671224776091787,-0.3196338431193994,0.14063306444886514,-0.3658770949338309,-0.19018728123507253,0.09415521463573771,-0.0927198516594212,-0.08068664013500658,0.3095739430463305,0.5770392466903549,1.0190217926699825,-0.34379524545251944,0.3646609673448373,0.5503930523520654,0.5710508662146714,-0.5427195350510801,-0.2607114231157964,-0.09805934482681627,-0.2372325627389634,0.3753310950460955,-0.41392394616136097,0.21459168926779615,-0.0992052525179694,0.03615869126237537,0.21096886725755695,-0.16697282708229147,0.2902363610289873,-0.15229036551338207,-0.2285445993115869,0.10555432110457867,0.27556183394294165,-1.1223718217227314,-0.09966864740384423,-0.17566200144231234,-0.1713215752696546,1.1775861462164567,-0.5994839367890212,-0.5491007651751233,0.0847201528236864,-0.23794571703935002,0.7246519408956181,0.28629941708915985,-0.13631864964144189,-0.8533040912819081,-0.2493784298924156,0.24557626314557687,0.16176868809683284,0.34437011927905153,0.34141681388719164,0.3229942159924456,-0.11766296970820017,-0.8522118914371986,0.36350684025448926,0.5952911833272823,0.17853750764102166,0.14638723914652887,0.3542749701551021,0.2838098005045803,0.2370716462885784,-0.6060132846210099,-0.3235610748459885,-0.3138353964690744,-0.5408276347876673,-0.879828901022511,0.30658746918849666,-0.48851380637149383,-0.20547027173946256,0.24431264396970764,-0.02336972276996878,-0.10171496025647414,0.10415157382051655,0.09672335402953434,0.7754975258671927,-0.3739164192885107,-0.0709649741593547,0.12366984613951441,-0.38116816906201606,-0.2162356640181151,0.15761565048791543,-0.00937019982244599,0.4940124598274298,0.17978910982639243,0.5536589799751679,0.2540670036436347,-0.2459396610694854,-2.015411420486841,-0.10109944021990876,-0.18713885698429814,0.35406724143310186,0.29613130029972734,0.21765755816466123,-0.3614771710890519,-0.05852631767590726,-0.2524047325535396,0.5630025898189998,-0.2693751687628726,-0.2831075893327409,-0.3976715226672318,0.3627257635946385,-1.039918138084574,0.013644738680094843,0.36919211461817725,-0.17661951534772852,0.03540833381838176,-0.045468011127541536,-0.28974146917298943,0.3366403747258069,0.565613339547941,0.30695733279690773,0.41554757317998053,-0.5393302871081912,-0.09652233129981527,-0.023653365524481995,0.6401396230216047,-0.3586157309185827,0.13202767303084803,-0.11903338773360532,-0.6733080693922472,-0.43135187037580214,0.7938947834266514,-0.03874797864373566,0.2872625423931325,0.10691202072082394,-0.5579952133041444,0.5693286408882209,0.38931968735237016,0.24465312204619302,-0.17933275931247622,0.7055249030221997,0.7049785500831157,0.3547453503639225,0.21840167236495742,0.534896159256125,0.20146272037782256,0.7465827536303515,0.31331205201412854,-0.3497979073300053,0.02260979296457396,-0.7323063311291491
Mast Cell Undefined Human,0.10430367390426612,0.822118851198845,0.10931791841644067,0.10886786330836914,-0.12485322589313634,-0.04671009432727368,-0.22255176322277515,0.007050058054402726,0.19892439435221737,-0.21860322695277637,0.1443229664774476,-0.4541437218507184,-0.5730730649314001,-0.20763731580683914,0.03410401920633379,0.5121590114274736,0.6630252677816248,-0.019866606187620855,0.7253670293749892,-0.27070217141345837,-4.81255740189205,-0.030522803308558305,0.41756068272334906,-0.21109883084531345,0.6656066926876922,0.09432181785640727,-0.23440658513406015,0.1506260167317331,0.5869858302626015,0.11152338983024017,0.17083816326962034,0.2901189064001447,-0.07781339375983262,0.4962370974165812,0.3816900910459255,-0.12171938996697695,-0.43486084700273003,0.11404812046309012,0.7645509046609177,0.3530473534821318,0.6830187501376062,0.40501405605927204,-0.382195215398134,0.3243127168977351,0.348550057650615,-0.19524414796181944,-0.12885478667804756,-0.21307338342943516,-0.3962895818771358,-0.6686167494332771,-0.0934919621785246,-0.30905101418591163,-0.18951936294914298,0.058827835829388594,0.08417811690673031,-0.2672776227734315,0.41446528034307895,0.668554896055511,0.9767764813490384,-0.5379736594000615,0.27780713384070943,0.8195155331644737,0.5819472981649141,-0.4703427519158696,-0.1384230868724415,0.06992829012430342,-0.2557300371036882,0.5308693324557628,-0.3894156776435008,-0.01103838905804141,-0.10179693293509214,-0.03403510422216129,0.31865985509166,-0.12421446781823246,0.10055010618072786,-0.35871409510974417,-0.24169706745668562,-0.06101560401730481,0.18570082342532554,-0.6787323234474797,-0.08355043352822641,0.22972844800427872,-0.0833276790641794,0.7377734330308661,-0.6553135132615615,-0.4265958345447677,-0.1819370560201209,-0.15085893291708524,0.44380872647415864,0.4823632945967171,0.04987620920341876,-0.6475602493293692,-0.43223558848692434,0.2614786691010574,0.35095557220244017,0.1540257258903599,0.6130643819359733,0.24520772839302482,-0.31796569391004986,-0.666643332186424,0.089949484146543,0.8366768662056515,0.6854931415918584,0.16702137879004053,0.7379066872603769,0.1528351634864605,0.39454342514681784,-0.43133520498064826,-0.27465123743392295,-0.28794702259707206,-0.6824962151865221,-0.6565993492773359,0.024275562094750052,-0.5086580849460455,0.12830552427990038,0.5499105866974956,-0.0567858227029948,-0.23794581344239701,0.2876877363114825,0.29363289934551734,0.8198314378865105,-0.486220376221723,-0.3209623818290749,-0.11337020458689909,-0.3324905833756856,-0.10923860424548379,0.0291274999580488,0.2184546687831234,0.33757448366358733,0.40323970529611464,0.7681519679742664,0.13872060176605122,0.09623697285284002,-1.5295090390533501,-0.4248845453235675,-0.018951394120428774,0.26662066848845956,0.4504722577134482,0.4271688964940378,-0.8863161323383586,0.08099465815375413,-0.018030514125902047,0.20706778044078494,-0.05909521931916386,-0.3855243442564586,-0.1956511398137219,0.319171095948457,-0.7261056549352249,0.20083946621954762,0.17258950428690162,0.20430140078620568,0.18384932466770393,0.2992170060001687,-0.056243479619496536,-0.17538151225214954,0.6248364715031949,-0.35790610968421654,0.21897520411526736,-0.7044373025270559,-0.07832598714902048,0.11108766877146055,0.4516404161060337,-0.3356486398405252,0.07701636283543169,0.19023692705472162,-0.5036066857850396,-0.5234521431417065,0.5933641289809276,0.07134792395872977,0.27660310785960884,0.15513514436087608,-0.7099617248655371,0.2733207575819573,0.14502873437783995,-0.25947955197696115,-0.3854966890568104,0.6441256901284562,1.0490506379505358,0.2440401996729773,-0.2866378386251306,0.13610521403534778,-0.173548038666109,0.7645118236053039,-0.4415484831194257,-0.4544930863732127,-0.6187345990940862,-1.6804466029797216
Memory CD4+ T Cell Peripheral Blood Human,0.4134286750649304,0.08083573130067215,0.7179802371513517,0.37918711759266704,-0.13117556693123203,0.16821951820941788,0.315692031263707,0.04345682497813581,1.2011926929481032,-0.6276907795243287,0.3661826675258904,-0.8259361672681801,-0.849398919915807,-0.5381932476583939,-0.4232400399893728,0.12597773538720683,0.7774198625223647,-0.030676780510615988,0.34209666933534355,0.14522501559848575,-4.084507284949524,0.41526077879424483,0.258433257439348,-1.0077174971794118,0.4598169061299393,0.0001430427287737713,-0.09544607691301131,-0.10449138690164149,0.294858840518491,-0.5319541822409823,-0.06517332050971023,-0.29332049791878567,1.3032768680784428,0.49951929581730603,0.3868772762979255,-0.3983976871242349,0.033849466751931685,-0.2128684060287171,0.6230036116439442,0.22467840687883806,1.001417743852332,0.7435133352877011,0.4247433350166363,0.6933080245753369,0.2673012245444011,0.10821611728207252,-0.3760558702394941,0.2591461767907909,-0.1102471889472506,-1.3108490183556545,0.5055521603536424,0.035743743368617326,0.296287423155093,0.08838473140039213,0.32273686041157157,-0.09998821326379054,0.5483483991777783,0.567149667332766,0.6045181076712489,0.21172413053335226,0.51424586412749,1.2461524257909526,0.7618049600732678,-0.4158223830790124,0.3814165190771893,-0.10464238760378312,-0.2608315217330032,0.6091135013581666,0.29524590200826006,-0.9011946137446368,-0.6910316693326936,0.31121345878386,0.23878963810422268,-0.4326470307794955,-0.508450725368927,-0.2995298689698027,-0.6424118664903855,0.037458760394909155,-0.11788603083250532,-0.45059193083315824,0.2946373857731777,0.9528030316573731,-0.4735643173614511,0.7902410014085735,-0.9516582103103352,-0.2914655120145176,-0.3424811306195353,0.07718290882727284,-0.7621310705259137,-0.10539481528545729,-0.2655488129761616,-0.2036130459578185,0.06626111383129311,0.4257665641624921,0.7210997674141173,0.6590329864582747,0.7560824406163049,-0.2737414947649946,-0.6818823596867942,-0.03585452873689507,0.13910728886974566,0.7970635395286021,0.7903307186302888,-0.0884819518093992,1.4674615410936789,-0.10151057986284176,1.2277590572988712,-0.3982622154199932,-0.2576417153857617,-0.4207500725042833,-1.0927146012094748,-0.6855390072648089,0.16757816268092923,-0.24914283205045412,0.31111392213773187,1.2047933419413115,-0.19590230292785873,-0.5204954635001736,-0.19996117425507037,0.4575239882591996,0.9150939772132657,-0.7464990244055555,-1.284130269694175,-0.8068282750176863,-0.12310184624097431,-0.020162179762737178,-0.48450221689841927,0.11523064885244322,0.04892532944626079,0.375399538495968,0.90547803166839,0.21758352932143626,-0.265960812092177,-0.8585583303835258,-0.5052004529515478,0.0872165090057127,-0.4223920263015933,0.36038708384966545,0.6168061910006555,-0.7508958123534293,0.2106199699485687,-0.1571114997176496,-0.18255537651493758,-0.21214662061558445,-0.7699924328036359,-0.2660444655685371,0.5595438775171915,-1.0657559764647493,0.50134791097801,0.088818347329103,0.6194388535977992,0.4006638483359038,0.2735191247657475,0.3864101528893356,0.11193536851466639,0.9749508023939575,-0.5132869513394946,-0.012576462375355518,-1.1037536140353248,-0.5450564812083887,-0.11032873981090105,1.744985364468691,-0.45401951138743407,-0.21714196455217502,0.49753017977050124,-0.609328095921369,-1.317671201053091,0.04553879614635352,-0.2414907107148576,0.012533211415838647,-0.27013430262260324,-1.2902462041806761,-0.015422105388129603,0.5039562386244051,0.49838105627832024,-0.7895430131026898,0.4952371827201312,0.5907824690847142,0.5331223969549093,-0.34138463162476945,0.45112917260774166,-0.3180087227321552,0.6866718194547943,-0.404718355991509,-0.3035732843217454,-0.8934685058194355,-1.5721246321326277
Mesenchymal Cell Breast Human,0.14224091531362537,0.1418262955249219,-0.3589965256849918,-0.34239799130037163,-1.0263224592613072,-0.9035184145390168,-0.09916083973252193,-0.039529374055926735,0.3624952995355027,0.4200084593685593,0.6215516376026952,-1.4508513697151881,0.20409686136664026,-0.4026933738417313,0.5206932374098697,1.2171536953562052,0.357640039742657,-0.0049418950138938765,0.4169464438928142,-0.05005607280674952,-5.20020227995156,-0.3897330728084143,0.6343042054647909,-0.07452942317890214,0.2766661660939238,-0.237105280149189,0.08237704442504873,-0.17294695519775352,0.47186084037041537,-0.07632459617647577,-1.2239240374093758,0.9903398795477294,0.17166749206630633,0.1774355585848417,0.029512028050400235,0.38522279579246754,-1.5538229440267461,0.3594857891021356,0.39063992043396284,0.07215168779435051,0.33477487310601867,0.3176661037194198,-0.419540091138109,-0.14251106439481767,0.11117527019682194,0.03497133080095237,0.1815920299340559,-0.4150216954960361,-1.1116930628997446,0.2823459300630117,0.2289471529303969,0.1395681457260633,-0.13300130661472487,0.2564843549126881,0.08217322134907049,0.12323778053224309,-0.13659852562520414,0.4164926096013751,0.7122337343249053,-0.20596396399685787,0.879343912858789,0.554029616460326,0.7993455887100763,-1.8037645379409486,-0.16424074437911762,0.05240364235105866,-0.15272826751943339,0.7351248577690123,0.1608674018659967,-0.056462789511178994,0.5686054334172564,-0.3945008299472749,0.4189525796433671,-0.014272805128664098,0.21102304548512354,-0.1263893707249966,0.10035423178646943,0.5644285659444599,0.2984763151971207,-1.1471400922308412,0.28439917301143736,-0.8015197434343897,-0.3816456344255843,1.2997178663359623,0.1417591397078978,-0.824138742939787,0.3077484207562343,-0.29910316137913384,0.7819398854134704,0.14996415297601615,0.6005529455763271,-1.4413461019483653,-0.7626558507656505,0.00566398246241283,-0.09422074251405112,0.5420563030349075,0.7069884031828196,0.09556428141310248,0.16485186834467988,-0.876735474437483,0.5451128021178611,0.625327986335727,0.4155604805135333,0.5821171237563219,0.7668471475827059,0.36099098639477584,0.02395705813180646,-0.6664934255905545,-1.4506033476093754,-0.970916235820926,-0.22384687461928138,-1.3846898352754449,0.4628595936955955,-0.8573312894550901,0.2793465595472519,0.0020610455819639367,-0.2071997515443243,-0.057485044813292654,-0.5110952081740368,-0.0353830009654416,0.8605985062737319,0.11872192722290358,0.30443984704351335,0.16287201854316485,-0.04421766700892931,-0.15792737307976493,0.060304952114762805,0.598424528678497,0.38880579986397706,0.6982688442610633,0.5429620300156812,0.2508462805809658,0.03472648322250833,-2.451438646696942,-0.30264912273554717,0.16739771182995525,0.44902568467889986,0.49588151881072046,-0.5570159117362444,-0.04216736007691253,-0.640589944792287,-0.16310309026293113,1.0665856786606749,-0.21132843502405763,0.16980741731875235,-0.5143864437639388,0.47521373204535117,-1.7185589401771653,-0.06058264116996623,0.028257166927064415,-0.8069590124481572,0.08164848302912162,-0.5106599091760662,-1.1346285291604894,-0.08382172270357965,0.3537931459625078,0.24579344763212094,0.3615058884481047,0.1675813933417732,-0.18074373520269932,0.3190761110144112,0.6656341405444776,0.2412430320787257,0.01454969437541903,0.04918481143299692,-0.4160435421270897,0.15450298341589508,0.7999562298434891,-0.07505059410848042,0.4876455593336636,0.28889057261258533,0.3943619805179162,0.4249399441975181,0.21402859746225045,0.0009736962196565247,-0.04991803238772303,0.9059224631770876,1.388094765330411,0.5641004084222677,-0.4336610466589559,0.16913129477696615,0.7525658330031357,0.6557347990983801,0.5278823899859022,0.6183697911929341,0.1192272070656996,-1.563052800398178
Monocyte Breast Human,0.3600450063526856,0.663920908779101,1.4299809830531545,0.28032904368682543,-0.6613555842619163,-0.04464396110524008,-0.3137468276114612,-0.16051930643502788,1.7270440517049461,-0.021960635435047678,0.4056516871828322,-0.8688947584228995,-0.6790167812740996,-0.31732225387796,0.3604993224277735,0.7208682428710743,1.5138282909644845,-0.07178217798550052,1.6372993266593758,-0.5505771562790744,-5.005008903552225,0.008272845973704908,0.720815061890953,-0.42329308080810285,0.3830109659335917,-0.12076748772936584,-0.2774967797632468,0.1463759857095272,0.4567126566549231,0.21274073757249726,-0.5906315081250673,0.7944235667103903,-0.249652476532927,0.5648317334620159,0.026742658351741628,0.05626944493954419,-0.9352319746543725,-0.19538818574183991,1.1925387204559037,0.4219382004936288,0.5733956272143692,1.5205333892191426,-0.5697437240709475,0.5901318633224633,0.9146722475220664,-0.275144464255883,-0.07340261087961428,-0.13973979119905527,-0.06325323594213975,-0.9241353876676861,-0.13187079963485554,-0.4772317115248438,-0.26951842553773336,0.10314606091994481,0.272940297567182,-0.3189561515121034,0.07492343491579972,0.6270309948069166,0.7248044221040633,-0.6547039860151719,0.15577671108204075,1.3025932090863532,0.3266166249317506,-1.0490363359132422,-0.09251975758187815,-0.15772954954693602,-0.5662344866084095,0.3765423687246487,-0.02212759545402288,-0.011024258403483004,0.07849828391416823,0.09084008546115323,0.7996571767267319,-0.5164888019419368,0.18649799776596418,-0.5798655217064443,0.004505148427300918,-0.05632784022045015,-0.11524777834690522,-0.7727365859723727,-0.47271985934126504,0.28964109417095857,-0.8900277062150495,0.6012487388071883,-0.5720337369368543,-0.8769054368964064,-0.30412869077515603,-0.24838751655027252,0.015951686101662182,-0.07407797085894165,0.44635563951544277,-0.9366668195821327,-0.5524026164463105,0.5769280695551623,1.0133731971189646,0.6546741117246264,0.6043138632147209,0.007731553096742219,-0.2302099134589057,0.24484365740848849,0.273072710636618,1.9977977387107422,1.713565488948643,-0.013614895960700509,2.0244446079151293,0.41537366956402855,0.6735894116081589,-0.7997248676978921,-0.6928697599537785,-0.7793953050858599,-0.4935763835731631,-1.0111272827480051,-0.14595580405849146,-0.6307812572276871,0.2651045874832442,0.22625519628657362,-0.6801921865544288,-0.4193682684689252,-0.14162112104303107,0.12957724346719843,1.055916652234532,-0.6539457829606773,-0.7586341759467721,-0.41252127952389755,-0.2500862096168863,0.02261611529004764,-0.6351883129045685,0.7153566432759291,0.2873084329028727,-0.05520070868365516,1.1973702225400358,-0.0927118484062467,0.3585007403707526,-0.839068676935274,-0.5324471642537161,-0.00252052965434988,0.2051959763462105,0.7883910959251872,0.5843010320749212,-1.1326181930049484,-0.05654907813663738,0.08160872621944004,0.05823789627678793,0.1896355616258703,-0.6941885507716842,-0.3146260734920702,0.9479271847203928,-1.2065160897910856,0.5768426387464622,-0.39231332328224355,-0.3716395567110188,0.07852846987649552,0.10174242832647835,-0.6670284363991514,-0.4922108441653721,0.3238636897406219,-1.075693474723593,0.14259899114374625,-0.6201737092596743,-0.36210320261498946,0.050081801214426694,0.8922768568372048,0.2740555458457587,0.6620673823772167,-0.12804198305727366,-0.7091493574774206,-0.6728621937036999,0.33288537980678545,-0.5505524519739893,0.6333736047399293,-0.08297200537541377,-0.7027074942493228,0.15355682345671112,0.08883437978051766,-0.14188022556762275,-0.5219189330397909,1.0898437776394518,1.2545337185668204,-0.11583590656455571,-0.4270646850674443,0.12526116551342953,-0.03317534923262843,0.41407348661779514,-0.5472715668016459,-0.31852882556010237,-0.7305891353179254,-1.0772226977177939
Mucosal-associated Invariant T Cell Liver Human,0.07753623037412377,0.31332057595678925,0.3716920098999766,0.18067368665970407,0.16452050673514473,0.10121154295792711,-0.09432322170564048,-0.0775010816878106,0.7199242826072911,-0.46840524857893445,0.154111920520857,-0.307443293652097,-0.6084646583594606,-0.33585966929746564,-0.14754484973266688,0.6369762882530199,0.4653907538899382,0.02755355147746525,0.19874477815297148,-0.09936915413561709,-5.606231762891357,-0.06418894041050065,0.17512196061007632,-0.7550650793307196,0.40289957777935703,0.06953300504608989,-0.132512325890319,-0.17385341979947697,0.33728772356860093,-0.5474359448629476,-0.25110147759207574,0.03746569599159232,0.16323157014081274,0.48041495791090216,0.33333212632842923,-0.16671894609810156,-0.4089799807188838,0.2374901519369439,0.37843016035981264,0.36811168921149107,0.8580038550365353,0.3825814615954504,0.06405168664837013,0.37454970528396986,0.08555788347091206,-0.1446418254837556,-0.14639369994119503,-0.2161694399882012,-0.33532379230641796,-0.6550304021889846,0.12681314977850652,-0.11895178746194078,0.029996710718592202,-0.05002960719768227,0.17287868184632127,-0.14337096393973245,0.4284349223956633,0.5836838258177485,0.909688936360967,-0.05031182862816328,0.5326095296291924,0.8019600867538939,1.0097221831145102,-0.3078907221685192,0.18404993709971237,-0.09878257415421508,-0.18317422847393616,0.5424351488769538,-0.18557254037767132,-0.4446823376298161,-0.030880024683454764,0.16153829508216133,-0.16483548179224092,-0.3410519670838873,-0.1537131422490318,-0.20606320424289004,-0.3460972052723711,0.10389027839090366,-0.009369536752465666,-0.6096094502636119,0.03066370327967832,0.6573134876948533,0.0035767053832418305,0.8598082109509412,-0.593592370723181,-0.26105656925218873,-0.12213533059034715,-0.22575358190795425,0.3597288669872239,0.1707088956887088,0.09379206737495602,-0.31056353000132764,-0.06826032294190854,0.1757455798457036,0.44399116616444195,0.41996030262310713,0.6033797354336773,0.16120367127789256,-0.26599740255358495,-0.14586129136672085,0.20040488067996579,0.4836980520601859,0.1184440008024364,-0.006144935140036657,1.0225206622575298,-0.036046980375716214,0.6821089998928874,-0.11464440775747213,-0.15800923035976713,-0.23721442406554463,-0.680236375461414,-0.43461357614224944,0.22037323730217956,-0.2496690742907715,0.20564413855193148,0.8760494120002782,-0.04332168672585278,-0.016908114790582768,-0.059835635592683296,0.21771300753113387,0.552053616556659,-0.11782245224892363,-0.24323125804429827,-0.3396838745571868,-0.1421035877282589,-0.01238447148043836,-0.052824795461232484,0.12807072104687575,0.19500159523978053,0.3000783583934781,0.7193704455200981,0.19583717555482477,-0.15589573565853002,-1.0216402381925438,-0.10672247147402054,0.05000851831350833,0.11429124827091534,0.20516319872887237,0.18073069600394767,-0.5166997164509501,-0.056449738679625126,-0.15315241668299198,0.2505420026441597,-0.21700441816542448,-0.3429171713551932,-0.32342532784358724,0.395828415322107,-0.6080078000531002,0.29235369414320816,0.21547462809655266,0.052560940672855716,0.33763528937185333,0.41650571069316766,0.06432539091577104,0.09407245033860763,0.6555566921640209,-0.08320113068468594,-0.10118243850991213,-0.3901424924621918,-0.34435294481183265,0.10232222153501172,0.8503913962768864,-0.41651115634494695,-0.2880852880723394,0.37363596756955636,-0.48274523856647844,-0.47073788431444374,0.43763642425624155,-0.06769192121361844,-0.0948790122115389,0.05916397036713694,-0.6794353584290183,0.12599777707032966,0.017026948197526637,0.07677631656594305,-0.5175897232714475,0.5075744553452245,0.7436493391975717,0.23972150094991782,-0.3334797706000769,-0.1361120808550407,-0.06222197104976351,0.45483621565389637,-0.2125104781140388,-0.17271397658263626,-0.7447381080889218,-1.9333370237063772
Myofibroblast Epithelium Human,0.5722856791544909,0.556509575357678,-0.09670713338034027,0.5046240086220225,0.3468685916894514,0.26038075584942305,0.48134203625327504,-0.07626024759403814,-0.6256270488701312,-0.7070443599935217,-0.17627637748284652,0.2605317407884144,-0.8648292054082546,-0.3315580869937097,-0.5631786444578765,0.5177745968331434,0.04386046614886615,0.3941746074995556,-0.2324429935167443,0.27639923041247294,-3.1078731206298253,0.3421409580327095,-0.2750171371311486,-0.9189260588431767,0.8871381740351014,0.3173561384346382,-0.3223683940836973,0.22896909893331818,0.5542847399083604,-0.7657376024006887,0.10841535973910704,-0.5117004917684767,-0.10221841456953236,0.3581772025694593,0.31606700269792387,-0.6096651564612415,-0.02935131789455953,-0.18664984326266718,0.5989152035372304,0.723779350334718,0.9510076205800698,-0.3176586989027954,-0.07641298008179362,0.9039797963307432,-0.3556741912187786,0.5318486001516795,-0.2376202650152118,0.4436163123137286,-0.005691524558665744,-1.2036344310880378,0.11044140956763494,-0.15565878646969236,-0.15471325128277236,-0.2417428134970571,0.5020358834642414,0.11434528906958945,0.1560893151858095,0.339367768247542,0.8233086140640911,0.07556911494863817,0.5386423306456953,0.6698165925717893,0.6931081934522483,0.1558425888016447,0.2556577203192905,-0.192966392622232,0.023160291050361576,0.749084524392806,0.06936221655839857,-1.0558210432014037,-0.46953297891099977,0.49065304639543705,-0.252083075863702,-0.46463904257508243,-0.41161665698782984,-0.3090396217895085,-1.0407880158164462,0.10099144592146386,-0.036559986683301134,0.2549934127452142,0.45508890799181156,0.5730578341654216,-0.46107708133592074,0.7598886795316276,-0.8004301433342712,0.2013768942385751,-0.5698130904289913,0.17346489712403348,-0.5343215950296176,0.1782794732545113,-0.5451843210010264,-0.0945605129816666,0.24771146680162762,0.5053440900797688,-0.044274710006799334,0.3410800431494054,0.2989915167864595,0.5235152090792796,-0.6059294601638806,-0.0812004813277409,-0.13330436079573318,-0.06618539363341433,-0.2855994148487569,-0.2914041997229242,-0.3967818562893126,-0.1512639700687684,0.12093720299390696,0.3907522726935047,-0.21579514585668794,0.002145062064279867,-0.7449764055320903,-0.35435012403073957,0.4365222096719792,-0.07892516941684248,0.8170737557436017,0.8271249499815263,0.0406924606813826,0.4079103355300293,0.5374660246490452,0.8627019908427628,0.3530093334914164,-0.10040289682011722,-0.9777651628354832,-0.8914993956241144,-0.27210754090657363,0.23090800508418943,0.3362026826091187,-0.3370103751330815,0.020741012580562948,-0.02146888768635156,1.0047299205749893,0.3997033457007733,-0.1360761258535539,-1.4396985950369856,0.048366914305774646,0.4927839486142498,-0.5555936145285342,0.07095927819732882,0.18383594323650018,-0.6197991605258094,0.2995135500236724,0.3392779706282429,0.282844191662347,-0.48992465830181875,-0.3381649513139519,0.6640423773105025,0.22780080869641384,-0.3682146971608183,0.9796072515119029,0.4170655458768147,0.5376745249511952,0.7215286069231832,0.4335385051759933,0.2497925390456644,0.11142975494848274,0.7605280801421045,-0.035946517281671045,-0.1086699312379351,-1.0973588466574848,-0.16389243035210224,0.2790387151605648,0.6071489328100832,-0.9217828947179136,-0.5124674317503007,0.5263937641288399,-0.5204464889964123,-1.0325274936373292,0.5126661130206974,-0.0894710143884397,-0.553582110610909,0.23951743201156742,-1.0580715326797678,0.21170469308580286,-0.0991200332618011,0.8308048751463741,-0.7413241924387839,0.03594314303137418,0.4347737278744576,0.7131661159520571,0.07702846778686115,0.10858727144750945,-0.30000597314225974,0.5623116249312665,-0.5163863496519039,-0.5408370042924259,-0.7160275573193441,-1.1127041570858844
Myofibroblast Lung Human,0.25728725826672044,0.4589272936348369,-0.5761910760183563,-0.12378397895572381,-0.863375887788532,-0.9466037613148244,0.13912671467460716,-0.013099832524593033,-0.2019334339249758,0.1688310151319332,0.30426945063119476,-0.8274108526879618,-0.21781667095190385,-0.5791035804110222,0.1464401140204235,1.0433266258810818,0.11717697984177067,0.2728802599473493,0.06288665704243539,0.13615052979723316,-3.5870135368801583,-0.4785421053890346,0.30853859825866137,-0.6931898262108571,0.5810668847834067,-0.08479583550015576,-0.09002535739365032,-0.4631096232234653,0.5939686274719381,-1.0346414034630116,-0.9054948967809103,0.34924578537474915,0.4255861554152833,-0.003688462396024094,0.1868064740512064,0.2092588409422131,-1.2761005722054732,0.032169372193527966,0.3778211895203881,0.24547604654070015,0.4527846476176834,0.03438050943163116,-0.11500289528576516,0.3320593680565564,-0.3937098708467751,0.21528305024951347,0.05036346761957529,0.1590945560958173,-0.6714264344461364,-0.17216816003379518,0.23008384525406295,0.22822323832017516,-0.2665086792460241,-0.14672445174248436,0.3789031806745034,0.08473943291695873,-0.016231682988289114,0.4178976278228473,0.4971675945223047,0.0593359536394501,1.049948511275916,0.45437455747832695,0.717344403283086,-1.5900564708402176,0.07951124084605077,0.14311738473767596,-0.24960119035695624,0.7690760548712378,0.012720938906860315,-0.3675123861066492,0.05138699530517377,-0.051476291033294784,0.046954880560892996,-0.20656321372426165,-0.3965038545846286,-0.13659556196968048,-0.2964418290578275,0.5129152258784463,0.17356757397083758,-0.7354364529873539,0.47295711575133914,-0.6940024040497568,-0.6427397482021869,1.2530489733636985,-0.11364944093884237,-0.4296573764902906,0.08302177561695655,0.11067131309877586,0.18473017557591137,0.25351554626567013,0.3909106679901373,-1.485478978570142,-0.7926865399026289,0.35293912374682945,-0.14406748049528684,0.5571127946658058,0.7746476334269753,0.30551150602162574,0.354310986098636,-1.0851738164609288,0.48130051475211627,0.46990050813555817,0.17475615100091052,0.3900172757007639,0.12274884185454152,0.07469547787408644,0.26862484955521115,-0.2569276606283551,-1.1974029477595172,-0.4195036169113079,-0.23816182940682587,-0.9705233694129127,0.612038385861845,-0.4906501037596568,0.6088616286898542,0.4447628917592555,0.11809188144016836,-0.28997874406073343,-0.1972951763242475,0.4819736784364002,0.7359383980824517,0.024719161898152296,0.04564466889057918,-0.10454184276788801,-0.19247327258072813,-0.07741099849724982,0.5733614602548048,0.36481177095756484,0.06283365454970956,0.6211422979514637,0.6721146288621905,0.5609899208606748,0.045921399361561845,-2.286147764408586,-0.04573754418367898,0.4480396439099804,-0.10324413005053268,0.15792158435930137,-0.48802300865520826,-0.32628952272219064,-0.4135608696001313,0.31906573676450034,1.0556775375987624,-0.3045042986743732,-0.13943486963916113,0.18471943156141496,0.4404800090480546,-1.2066368284318223,-0.2776054580399406,0.19076296697825995,-0.5094722754786568,0.2671488958981734,-0.30793709369368205,-0.46192686458788146,0.23502675622632602,0.6049795254521747,0.014800593966815311,0.4261377650163145,-0.23156457060001617,-0.2259893722330875,0.47053332552467825,0.838676955302965,-0.1348710999786122,-0.1838353330524217,0.3953813071429981,-0.4345875130855074,-0.14352262215169825,0.7895154681880224,-0.14767491809853714,0.059104794702802076,0.3144309073280361,0.0979983220807625,0.23705729885209964,-0.16299765824735704,0.5034106437523991,-0.23810331939242227,0.5952867196502414,1.2733242147277495,1.019993343730506,-0.5210945141713424,0.01864964772538295,0.3170849567065094,0.8386963786913845,-0.09326938049308356,0.36126033668994645,0.12034844709822852,-1.2243793896241275
Myofibroblast Skin Human,0.526956286592415,0.2612401541284806,-0.21279059707232098,0.1319306625396316,-0.4190096623921711,-0.17056843981741496,0.1549552185872107,-0.07743516370022768,-0.10317974990873907,-0.16401839632131077,0.22847735480357498,-1.0292794273319357,-0.32979226997293054,-0.3965887565632066,-0.04496176603469326,0.8919006986315892,0.6625925817181109,-0.004613689933757901,-0.1393223792212373,-0.01542516078202741,-4.164015656562395,-0.2887042780944371,0.4323290462201257,-0.2188736132989274,0.620436528537136,-0.5504878927472926,0.06748393661640519,-0.04254020363258027,0.1278984935646705,-0.23689080228792328,-1.0671196196596247,0.095187275910239,1.1873521001356158,-0.07630861736962759,0.17565353303731912,0.36082992399337244,-0.8767072339153646,-0.18452321474384267,0.3446444742997968,0.3117569741765554,0.7392844816120495,0.294118566627891,0.0041553526899496184,0.3002245267812104,0.011025739602553576,0.05831372841721417,-0.1538615491239639,0.15986166250434583,-0.5828281023336562,-0.4371182781584182,0.36121187489153034,0.20687205474599074,0.02713228675979912,-0.0303772675572596,0.10804767832463905,0.251798208456464,-0.022018398626205162,0.306711922828958,0.7059091035482363,0.15176422649600851,0.9642185598996342,0.6154528263198036,0.7951652009520166,-1.0151261226614816,0.393270729363458,-0.1878871489427139,-0.2843502526112592,0.425777964619701,0.14538597086563856,-0.9360285799269463,-0.07911571366262306,-0.253719200122423,0.2346113523903387,-0.19409311950375455,0.11543319655196349,-0.04230455672036409,-0.6750060863184837,0.6944889525457071,0.2123750651145122,-0.7891895932070759,0.5314509548966296,-0.09775736713659616,-0.31749135800012124,1.2942017539600414,-0.4539413059441553,-0.5408486140227283,-0.022724693931250185,-0.17340156253870592,0.19158341715497115,0.08859441781153508,-0.02474137791644808,-0.9522609345106047,-0.04284752090545259,0.5241015789066199,0.05790471922037368,0.37271850755907326,0.553582251873851,-0.005888140802083926,-0.6058668560404511,-0.5782913141931055,0.5108005694537093,0.4771005822994244,-0.12025110341565877,0.27926503654253404,0.37257630876008513,0.03716909678330776,0.39346569048243296,-0.08958828809101473,-0.6228423827682953,-0.5379646713724184,-0.5231736741409494,-0.6826337787187367,0.5098774265102474,-0.589991807629588,0.3715543860139142,0.19980749669683162,0.14426431538783738,-0.21762430991040374,0.1467039836084594,0.3168926173975034,0.8060401694343979,-0.149616146308805,-0.2664941632512295,0.10558004660359578,-0.5282457079251096,-0.015210028035248936,0.016348835156123686,0.33844195946487154,0.15737743024567807,0.4704127863696525,0.35154104870613817,0.3968272993877132,0.00598653074486144,-1.8031573434634363,-0.048162966993364316,0.0964938374048775,-0.2233660675797853,0.20818313792283608,-0.22117871376068313,-0.47514097502953145,-0.15931352258203954,-0.11947064457509587,0.9977546953707267,-0.21594253960491325,-0.2527331570498958,-0.16925431112181713,0.3275977411694512,-1.227728894511878,0.28608734027826815,-0.0463007429128855,-0.4899427113099732,0.2325855438490749,-0.25569370370152394,-0.6835394805916001,0.1636996828051849,0.4306834206615919,0.1831989326513952,0.3858526328123551,-0.5179205594215239,-0.4170419565985077,0.07336422055509108,1.1534775845078746,-0.40073464401400344,-0.4308217286640079,0.30799576025024705,-0.714733358535399,-0.5260002610885443,0.607622685797081,-0.4079363502001501,0.022303221931885855,0.1613290635670005,-0.28305303224009387,0.3739364494481755,0.16090704691141042,0.18736454041934225,-0.42443030595854175,0.27274584625796744,1.0703810594356917,0.9457023384022766,-0.14632146653246123,0.5504692064239002,0.22926500048450393,0.9879800559363662,0.702985158653203,0.3035009830060785,0.06650330114402311,-1.0605810755007068
Naive CD4+ T Cell Peripheral Blood Human,0.2884994986646374,0.2847158997178986,0.34329553282986225,0.2628060157640203,0.3184355243683085,0.1357971411183065,0.4156563917867289,0.02936198088565035,0.7650044217501161,-0.6316444998252833,-0.037646169046655915,-0.5937650631586752,-0.6523443648780815,-0.37335894414479875,-0.2857668394416993,0.754890401826174,0.4919757019738091,0.07214740426383583,-0.026674177391339465,0.2975212845847424,-4.375001149347643,0.14677984302669117,0.08441922458768729,-0.9349124043285388,0.6192547393890422,0.027289365502124102,-0.13480224888064307,-0.3213586564111489,0.16073857741376002,-0.8119906645929265,-0.34214257480649907,-0.016620877416513323,0.5863108538580057,0.3612908190181111,0.5625481606498645,-0.10550951686039231,-0.2332389443138962,0.18228371354289186,0.530679066034578,0.5222001143502836,1.0537480963650663,0.21999399930205518,0.17939077128768072,0.5031792203477509,-0.12611494229648282,0.029902428341691486,-0.16438811627093985,0.0048881358393987415,-0.07701002628301218,-0.6271303203619223,0.32220123952104024,0.05075145452376098,0.04789528144026553,-0.25007865348966146,0.17326253055604007,-0.08137210659356489,0.3903080172766584,0.5538280758300477,0.8628228342740993,0.18906104030679358,0.8343249786579084,0.9461159590453424,1.007565173616148,-0.6206331598236042,0.41110193268163986,-0.25314393901885685,-0.33131386798672563,0.8005286930454883,0.06575419285866316,-0.7823160557653077,-0.3518960564676463,0.028497193388199022,-0.29025698601170175,-0.6060168363756329,-0.4611425598082164,-0.1027528740824128,-0.6053642803154909,0.084855952671858,0.04976443982685812,-0.5396480372247278,0.22137028669105308,0.5288743375267057,0.046876767825560314,0.8465865868626377,-0.7758649287098577,-0.1505269103474757,-0.3949382740837928,0.043006763487896414,0.19408952177475386,0.002824151038457647,-0.040312386786085376,-0.39836108255376224,0.007212394168070147,0.30504997769036357,0.3464959671642699,0.6013844508776945,0.8227510762747368,0.039971603451478134,-0.6132315129528506,-0.34160743441626507,0.05034941211586841,0.3473508901176842,0.18222594332212663,0.020341949057922103,0.9984780267250273,-0.21945214916736175,0.7620574526099428,0.029158963725736425,-0.40896024788896507,-0.3228632235052826,-0.7721431841561273,-0.323648345605759,0.3189455413117367,-0.19702156507928006,0.5641304020368261,0.9747805179150435,-0.057271251126630854,-0.02677949407201642,-0.01756043903448305,0.27849820543430037,0.4456208995870367,-0.33545416919437493,-0.4318070610230553,-0.4258307609402245,-0.17896806999868967,-0.10275148456415265,-0.029660563091584154,0.13305828485315568,0.03971429240547144,0.2992329245351348,0.8149692157808054,0.4624552771937804,-0.17896517808322698,-1.5168616476297556,-0.2829404430143244,0.056972233393936346,-0.2574224874093459,0.10772566601431736,0.13921112168218736,-0.5716873350812167,0.03782873636292285,-0.15363434015310354,0.4863156028345092,-0.3121337112551018,-0.4715535422361137,-0.12663459860170448,0.4948087281044089,-0.8577452695932447,0.2092959196266981,0.14609058231151725,-0.17045704324440952,0.4347695245947181,0.3529470507981484,0.004655049123601565,0.17295877201882184,0.8286668395087606,-0.10117972556493676,0.05811880279407073,-0.4904342938107345,-0.5594461775672069,0.016569250706041226,1.003190115756021,-0.3300106500764647,-0.41854174362439117,0.5331630557627993,-0.5431947573741465,-0.7148983543068805,0.41283503384887277,-0.20718983675493646,-0.08234719365714911,0.01573033799155321,-0.7228435974673384,0.1964716202584132,0.10381708209188792,0.35872003117553125,-0.6534715239990821,0.24223681148269324,0.7934588991905145,0.4153653513059702,-0.5368121990508616,0.23984078256220173,-0.24493240810207656,0.4798701589540153,-0.3083647984834333,-0.30702234452843963,-0.8442502625583685,-1.445792647181365
Naive CD8+ T Cell Blood Human,0.46070154366859856,0.4171410045951472,0.16723486170302526,0.6727741402543895,0.015494875966126415,0.33746839260501293,0.3141091229933317,0.09187036268088708,0.6624945339823243,-0.663672984486929,-0.19398205168622834,-0.4550397727406416,-0.7606268631230144,-0.09571942450466604,-0.45525919124672004,0.48637509590390876,0.6250336119517397,0.30136854482480874,0.09607157582549734,0.3199046048786349,-4.1583576265816795,0.03775682626830655,0.1751589041885012,-1.1269248764421378,0.5567310787708911,0.16655967961249837,-0.1016397551417851,-0.28532812603980523,0.3291828939944396,-1.0743270096392885,-0.20241884216352046,-0.34046187172984926,0.672300509589892,0.3146194113121737,0.67003223440145,-0.27476424729200066,-0.11185039356043451,-0.05221109405823345,0.6907708003990832,0.2697970379041761,1.2145792411429677,0.42665867248657885,0.2652175445985356,0.7507768748588631,-0.00043566155378150844,-0.004228169772301306,-0.292667867319059,0.11279669307344065,0.08219815341284535,-1.2531283688771617,0.26671027162541433,0.06184036016625258,0.13788326718698993,-0.3729117846689678,0.34761712780133475,-0.03727517056547007,0.45663923218922803,0.5749183998940773,0.834218765025336,0.2551211065193401,0.7268253591750392,1.0813332771556112,1.0558095391574418,-0.41753745653434704,0.44392094988183645,-0.20248021057776572,-0.34057838153904035,0.7665001734195096,0.14407523070451445,-0.8962083874512248,-0.5174772101763997,0.17414686947701252,-0.4949313252837237,-0.677388106277013,-0.57227707428319,-0.17287208672753365,-0.8155598472039941,0.11066328482949717,0.1405836113073421,-0.5973756212711476,0.2303765350923272,0.6074941610377362,-0.3196774001743971,0.8412778837080459,-0.8198203391876479,-0.07167639520229606,-0.4666433629940127,-0.08233681823119778,-0.04582040572699573,0.11771266056162621,-0.34507983804586323,-0.16701131364185573,-0.13950714149667123,0.4041395105025109,0.6707519937867424,0.5523075767197023,0.8769377643096049,0.0876878456860969,-0.8537160189998657,-0.48980917014136666,-0.10203028923683288,0.47427871205729955,0.4877297136796008,-0.10726600599742975,1.0543270094450137,-0.19260898078359398,0.9033718919970504,-0.08970953042173305,-0.08158100002477352,-0.1412906597813915,-0.777894182902832,-0.17624943874170304,0.23356238404976107,-0.018013447105128227,0.3609016154475628,0.8854894717222598,0.057408640571294266,0.11091061740160604,0.05426916185807897,0.4167535728241359,0.5825742459410542,-0.5802397274456897,-0.9152601172149005,-0.4797546320170938,-0.09919896934328072,0.05933506110834421,0.02938061628118509,0.05998889436119235,0.20750159522685335,0.38930347068184706,0.9516829161067977,0.5491536929489501,-0.08874396608268013,-1.7188750316310224,-0.1616795265917145,0.13762201827234588,-0.4299266432576406,0.2600928975214743,0.4310088923607195,-0.7528311985640328,0.03872348897157347,0.018554031661671827,0.26294853837829457,-0.16898635511592894,-0.6808598919493026,-0.02992875556279433,0.4785894105957649,-0.8517644617829514,0.4663046945649202,0.19322417529124813,0.12572244453184717,0.5691309906522227,0.49717729064247784,0.1917916952766999,0.18608002952900993,0.8496120282170626,-0.13957281001706356,0.05246961593185267,-0.7579728541036711,-0.5388797812492182,-0.04869884572060543,1.073861054535543,-0.42867550903011364,-0.42200804649356793,0.6662896254576566,-0.5397412434144617,-1.0453750566551647,0.37738788307711874,-0.20674260352674842,-0.29126267443683956,0.021645939899715,-0.8850667625296958,0.4043336793761199,0.123233852235044,0.49350447406571535,-0.7022087221402514,0.047472793267764414,0.5147170127733433,0.41206896714542524,-0.26872435387636057,0.3665515697548387,-0.41690372874798026,0.5324898279945819,-0.4472260407419064,-0.5632140374925062,-1.3163423294381458,-1.8488805149302239
Naive CD8+ T Cell Peripheral Blood Human,0.22311543671904452,0.2892372181987886,-0.0040058294546057895,0.22706551160392327,0.7254978970624522,0.25058876303097505,0.3612275563308414,0.000536579423929337,0.3696895409182908,-0.693829637911558,-0.1801240881607984,-0.4143153089334351,-0.6494234774102214,-0.2862003809956574,-0.434125035318921,0.698086126452195,0.28866750102463007,0.2014372091449386,-0.3352302712370619,0.2827872801897244,-5.507251961819015,0.14089440965154593,-0.013123758308311825,-0.6571699360769999,0.6107678974135695,0.023928307925181323,-0.1623750898918801,-0.20469988252960522,0.10653969298954653,-0.8392616966183007,-0.3329446231846722,-0.19342215961171177,0.7459817442052203,0.4280613112056235,0.5527708922446332,-0.2636357269883044,-0.16971919526985288,0.21219972632525003,0.5588230530317213,0.6843782515296266,0.9183916603468235,-0.06272831450806901,0.1879981511177383,0.35934124190556993,-0.26352844350555377,0.02061315738841346,-0.23022790348905314,-0.08362800969089215,-0.029920239336566477,-0.7145064066349935,0.28553045801449717,0.06888033173050673,0.14212630001111373,-0.5216158199561445,0.056831394691405086,-0.03408732943839465,0.45074530097894044,0.3893659188795534,0.933344379414886,0.3956039712151873,0.8413682111809705,0.7412946176680598,1.0299518348532564,-0.1840216583287069,0.44377509620433225,-0.30022603937997633,-0.20086254140742188,0.7542619837177622,-0.031528915433276516,-0.8247161358980983,-0.3677282199350765,-0.1336249514024924,-0.48742029945654664,-0.6038639655853114,-0.33034844646842126,0.001842240693093353,-0.6540819029139471,0.09001128744555557,0.113080527240872,-0.23007543753166218,0.28782615806035733,0.36984956350732223,0.1786745673864042,1.0525819577676556,-0.883679606093106,-0.10162612758647079,-0.42928069854387957,-0.04295204671246343,0.3522865579714394,0.14870892734525432,-0.11097997497536094,-0.22916995316389427,0.34893081691532685,0.4512215002745888,0.19910411642518086,0.4241398584719737,0.7138108497866953,-0.009193464229080663,-0.6713794066800237,-0.44379659470358734,0.028440902002536444,0.07683181055868475,-0.16391603422422457,-0.03241736685771693,0.7481706002009819,-0.2610931857449398,0.7063379882820198,0.26658331473010516,-0.09606501194566351,-0.08904513934040506,-0.7782253505980607,-0.0759570240355154,0.42839721678780146,-0.060770135372727185,0.41082735168836476,1.0824440994847901,0.2190862006919683,0.07394051664629195,0.07352732579040984,0.3000786361848178,0.35451428865635226,-0.3580478747429842,-0.40771030443466083,-0.25165457941013447,-0.26398141865652763,-0.04177785119971555,0.0865185927086776,-0.031046544384799077,0.1577655896038745,0.23816831925919213,0.710331799185952,0.3999605169290181,-0.22084815512101805,-1.5188485695609915,-0.10193688012299763,0.07891993518421944,-0.3786388334956221,0.10122106542259562,0.25167459079764354,-0.4003844294463362,0.10720265619822926,-0.15650872534582577,0.5424047156871968,-0.30661822434601793,-0.5067195068481177,0.06915947231130429,0.2932869285958058,-0.37086599830767025,0.2000155657468328,0.34222475004975267,-0.204239903854267,0.5711473088217903,0.5424463171886996,0.01666952566786513,0.3773792739110763,0.9061351301337719,0.10055037481623724,-0.14256208582537036,-0.6213410099267932,-0.5838635857436957,0.0357604764602214,0.6785939690959569,-0.5702188508937814,-0.5765440086768778,0.3284000454092411,-0.4876582302017158,-0.7115702565129305,0.42919700390739063,-0.18526782819196083,-0.3354272597863825,0.05277208406088143,-0.7557413794921425,0.27429303894668267,0.27162054060517454,0.5383304761198698,-0.6199538289109952,0.025088893181935808,0.5974919929058246,0.5026379097429364,-0.2226793588948096,0.2970541051128321,-0.1762578012251865,0.34871434328993794,-0.0775154085328745,-0.37746080438564444,-0.8887057676633024,-1.0143509790253602
Natural Killer Cell Breast Human,0.07988486809537253,-0.06503407453879867,-0.27813172517109924,0.5176488753658922,-0.5194545765020482,-0.048175353515589374,-0.13324230528096292,0.32623401185290113,1.7005447125434074,-0.3064014606501771,0.29167761061413733,-0.9328626179986084,-0.4517115433373066,-0.2504788701199353,0.10019268872083281,0.6556822189031722,1.1392431005771657,0.024840247124586275,0.5179937241109006,0.19486531821334885,-2.8924382804175295,0.06042917835172455,0.16559512793454323,-0.41568226907640415,-0.3209771677734961,-0.038120618258863,0.31180215972325215,0.12269921309656844,0.04654590216113255,-0.40004048797495667,-0.46653823630081614,-0.3197590722384214,-0.40486114605294315,0.9980294148645668,-0.11796647686952852,0.18860672040203066,-0.25531154107248216,0.7208135057207596,0.4093781342134959,-0.06673785944318077,0.7193431725417428,1.0883328806367365,-0.2944456993435741,0.11181895994153919,0.6950852524591841,0.0031143632648080546,-0.46299916866296964,-0.4304153658067918,-0.3219323539042195,-0.7316912286578838,0.4693195446888024,-0.010251348449042713,0.205550301951156,0.22748539204104523,-0.2677995972371226,0.30984581643933834,0.03839807036712886,0.4873450783212102,0.8266346557589475,-0.183556253322111,0.5717419319887753,1.1121370008461318,0.8074268276621756,-0.21609090440865758,0.6157757284407421,-0.027758777436335452,0.1930342439734233,0.3482261466971038,0.7141395330228711,-0.09520977707512704,-0.08906054816485762,-0.15414354363345012,0.8318460820428527,0.3727419530910669,0.43704969666194604,-0.16043640704244982,0.3880172693701576,0.5492222616223796,0.10008625353731056,-0.6487595580059013,-0.07390769343052866,0.034291969780709815,-0.5977287666753273,0.45946547292026274,-0.5611119381894712,-0.5011857432860635,-0.51229038554186,-0.5183689667552167,-0.2792894301864288,0.28328768015241956,0.4556560212627325,-0.6165381333327248,-0.478758445754371,-0.47565959723105294,0.9242973844176267,0.5836143137999081,0.2533525674722121,0.14191094780225474,0.5314517629562249,-0.03889668534258252,0.4746479831965797,0.8572416027253371,0.6597596373079976,0.20579711940402784,1.8923764671045618,0.36165252783616453,1.1603622429157978,-0.4904180228760273,-0.6242038585671233,-0.3052204065407189,-0.9198893801900019,-0.6102958906859247,-0.16842286037181284,-0.21947852900210213,-0.1442280536442247,0.6017316306254396,-0.14004696599755245,-0.5288329142676409,-0.40758312197449126,0.15829240007207188,0.2934635004992084,0.07882449538045906,-0.9581057528438461,-0.2842509411336733,0.3016033126334079,-0.22739708432340125,-0.8687805200622178,0.08208333813308438,0.3930138836429485,-0.1301586017066937,0.4494509084298495,0.24604075266596434,-0.17330548798267353,-0.9845289219319818,-0.6263489026739458,-0.4562156865812551,0.2866505828957582,0.19984303874729564,0.4003976274023773,-0.7354792913378432,0.03863099677537821,-0.1630966879894123,0.263698029564885,-0.0016596814394042314,-0.24129391552215237,-0.5656920713792694,0.42941518922552013,-1.0914641752670144,0.2376748384253158,-0.3282885440488283,0.2071194184358006,0.03341188776326349,0.06941172750936601,-0.13173828954817024,-0.2410272061676188,0.6615175432942423,-0.1706074433466665,-0.007356622666221858,-0.04175087726829768,-0.36487195002424166,-0.2384202911975757,1.2574031843389453,-0.15028957462432682,-0.3950336470212228,0.5968512767829393,-0.35344996721513194,-0.48476798496478746,-0.08733883653927033,-0.08460372958025511,-0.27213177681985035,0.09538604671483335,-0.5977847747341339,0.357610843019427,-0.14103766777235618,0.012520647504386325,-0.6519100162169543,0.0292607466675228,0.993128630939487,-0.2776978808466119,-0.36172837861133833,-0.10250935564021803,-0.8935551621660864,0.020305384855400406,-0.2367451162235333,0.04647877022293036,-1.1552558950468876,-1.6483007701283965
Nephron Epithelial Cell Kidney Human,0.29090828446570544,0.5241560125965964,-0.2560240429958602,0.4479825009121572,0.37300174832269517,0.2209893078308131,0.2225310947106823,0.05171273036973255,-0.2858477894886591,-0.44057467740438755,-0.12482722337194671,0.020097956405044304,-0.9626607859272774,-0.26087141556117577,-0.5984849503888314,0.29352379615381474,0.8622287690379057,0.0931901077909934,0.06671336570677042,0.09221450612250834,-2.207796805664489,-0.023209266277018258,-0.19626365086153336,-0.6685248848455556,0.49045297325647313,-0.02109060750935809,-0.19169156985915128,0.02199690351586516,0.3431671215191381,-0.8599598128529393,0.31317954777287216,-0.37924210354038584,-0.23347607554631108,0.14972710447979656,0.25653167140581323,-0.2720768678246178,-0.1363393134457856,-0.0697394942235195,0.5459746776978933,0.5522054498872757,0.8399222443221399,-0.012374019688365477,0.31891156864278575,0.4558188224787853,0.12887866160064132,0.01542061944265619,-0.19835194109944854,0.08962890039246313,-0.14267052578617884,-0.7346143687455853,-0.310564866618829,-0.2160013339389062,-0.12372161436419242,-0.19265659103107224,0.11664567980157119,0.05531954345264587,0.5112341441202698,0.33873742324526807,0.6944208331716485,-0.2010388854829722,0.7057948780535824,0.5700357044516258,0.7381147818640955,-0.022684770413795092,-0.08898756825115273,-0.10593580287706099,-0.35191601843186027,0.4920805862807005,-0.10114962866282022,-0.49143541407111,-0.10777845357868646,0.07238002700627381,0.000600973792317885,-0.2869718729936778,-0.10998537642855796,-0.12267125309040254,-0.33192582293579287,0.40003248345321474,0.2733308864667301,0.006555610801254137,0.04100478056404702,0.620710112319,-0.2533222533127517,0.745933648619725,-0.575656256648197,0.1219515309743239,-0.36919837488673046,-0.16973911648138032,-0.3666006347103351,0.19726575729243045,-0.18823611602566812,-0.1449370760083404,0.15151252473059812,0.2437081596291447,0.2774186757360905,-0.09275691740407943,0.3914691808736733,0.3266087755970579,-0.4734119811088744,-0.6258340331926525,0.1302567953156374,0.2753243397420275,-0.1637772586345426,-0.01393945295523582,0.3364334820576925,-0.13848324701473314,0.028288501537439746,0.2701240736581414,0.2656187792713956,0.06421143740194044,-0.6237765044770863,0.20288761134178737,0.29094316395898345,0.03176956070567111,0.29496485877371864,0.6613756782892,0.30013380474861817,0.0888642748592523,0.30392977352682243,0.30861196858856205,0.3541968518362367,-0.4266008283082411,-0.7046146208939547,-0.24954542941874083,-0.12707840663751296,0.2504938437496527,0.336047227145874,-0.18827351035036077,0.2471284500467515,-0.1176730255214967,0.8048153614137731,0.05997667339314332,-0.03458764821890896,-1.2377173154250074,0.044788326199974804,0.1970511317012032,-0.23077271610099945,0.009988524912567343,0.07640566385268657,-0.32649863964806297,0.0928998399628551,0.33822627734773236,0.11857803003485257,-0.16945915133117917,-0.41366785939512873,0.03794225448323495,0.4108336705061504,-0.12864869646731436,0.6736420159995932,0.6521140138434254,-0.0967769166266564,0.3829249431463472,0.6017252446393472,0.14955550855546237,-0.15212835347280715,0.34847925695634013,-0.0902384762272278,-0.14385158997869302,-0.6627972290365952,-0.2160881403899412,0.11636652948055871,0.16817414291517374,-0.36994529297548456,-0.37511692489016574,0.338495351266745,-0.2759575565378401,-0.7347499850419194,0.5238631471313949,-0.0020347089660393415,-0.4080556057071941,0.2466078912051963,-0.7659475588533079,0.3382573471150435,0.15667481101998398,0.1120552961279179,-0.26045450164370376,0.13889879640519046,0.5354286157312097,0.22372730859434445,-0.3950762383260703,-0.05014357048798384,-0.2163953237178994,0.2661402175927986,-0.5181031962627279,-0.5057019017840492,-0.674665521836214,-1.469000687807641
Neutrophil Blood Human,0.24370708341129535,0.45870824944864785,0.795322271610832,0.37239919611596967,0.01987820609182879,0.1769195928576041,-0.09947993786290481,-0.04386165870617273,1.0401088160929066,-0.3748938920448457,0.1723762175098726,-0.7121639263700399,-0.6193016237224777,-0.1468496649894715,-0.07068012803965389,0.5857555846719837,1.0055942659405774,0.16592193818953035,0.6948321776481056,-0.0467097209276452,-4.158817273698541,0.042472567930522676,0.35399333538516536,-0.5267052616225077,0.3365443415629833,-0.2102961168910131,-0.07538222478184031,0.15653206005538525,0.3199499663001099,-0.34744564748007906,-0.11211453672122804,-0.005292039625127458,-0.19272754677087675,0.5934053817207611,0.1752375884590405,-0.08629409337064717,-0.30610717687584194,-0.07457589532694715,0.6635334447558597,0.349243948926196,0.6903850444292046,0.8515991152615043,-0.11024160058531957,0.4253566335877947,0.3767000200051236,-0.36308589230535027,-0.3233965634460917,-0.18014895784097376,-0.029492055240854,-0.7189940241118146,-0.01657871437648741,-0.2493396781725944,-0.06708101468163975,0.07750784999255875,0.15232870226479311,-0.07412974009563593,0.3847545362937984,0.3982495359802319,0.7972751629217691,-0.22578753077210492,0.3202420926994106,1.068380879864026,0.6272880640114296,-0.443987876498663,0.045028484455064764,-0.2159759650967097,-0.4276566781706876,0.5739743398759531,-0.06560050771144225,-0.36095940812016253,-0.2561308978101576,-0.09407220259421167,0.065644181756368,-0.4459429592953424,-0.12779666437424764,-0.3362632832265748,-0.31812772129364764,0.039144304753441196,-0.05226014871324908,-0.4880748170874461,-0.08907205008154588,0.28472322881253365,-0.2382229116876304,0.9288395594739337,-0.5875325798688058,-0.41130652270125784,-0.30833648376027745,-0.26720714598439527,0.018179615068843205,0.06535755809898369,0.09252025814566024,-0.4912496543866382,-0.08621484914558865,0.3081891475900857,0.6896632799973994,0.5077672320490226,0.5571943758016702,0.04080987955863029,-0.3261194821944654,-0.32576320920091073,0.1642171466316395,1.1222503651569953,1.0367796945041359,-0.12307278775856947,1.4045728110736453,0.0531267673564226,0.6667989261986306,-0.17904842519410796,-0.37893827709888556,-0.3389961118686012,-0.64840060323281,-0.5130891971651356,0.21676561420539522,-0.39620322265199637,0.22214130842329927,0.5731597237957841,-0.248304590085858,-0.24877675495255086,0.10200429778636291,0.18176285852258578,0.6370724624365457,-0.46923246661045875,-0.7091405742127318,-0.30692860614869394,-0.20255909142332906,-0.038511000828579174,-0.3764976887677404,0.2620608871778973,0.23308455931108135,-0.051249798826505745,0.7970501052611553,0.06063989198134899,-0.07644694763212274,-1.192411870410524,-0.5236873739065128,-0.06121341436842542,-0.04199002792985937,0.3604874729999333,0.5927923225066127,-0.8215223957061141,0.13930318235207323,-0.17603850901246096,0.09276602346579377,0.0513198365520416,-0.5930516139704977,-0.051225670493340335,0.6447266425319379,-0.7981270696843338,0.5269470565431166,0.09940796758524253,0.12774397690581046,0.24932932903065794,0.27196794333690183,-0.21434222565835945,-0.06763965444432042,0.405917694939645,-0.48810455759661614,0.08487848198066114,-0.6654551738219904,-0.2743590707127175,-0.13359912358022533,0.7756697784534267,0.007052657779003093,0.05381540632934584,0.13756651237370748,-0.5268137950196102,-0.8174934990345288,0.36888486420749617,-0.17853109747996818,0.13659075505777873,0.0006437958749963817,-0.6505713004324932,0.25431769800251525,0.19355720355500847,0.08302922131368688,-0.38236809044784487,0.47750084566243056,0.7603748782976231,0.22407223392193013,-0.2315151324852337,0.3389381859335241,-0.15525359480863773,0.3683218037661137,-0.3276142881432619,-0.27603946533306967,-0.8009975962374049,-1.5837405968785474
Neutrophil Bone Marrow Human,0.4797040330140505,0.2676242714894272,0.7460669167800676,0.1708043170892298,-0.15698979490781906,-0.09596623387480284,0.13183262373195795,-0.07264542105648271,1.080844573316315,-0.40112893116370096,0.24672890915957313,-0.8842072099048607,-0.5000328361882317,-0.25948805334428426,0.05824251834521213,0.6705722655852462,0.9486082498096517,-0.013336184032622017,0.7752010524042171,-0.12419411589279412,-5.07267056120087,0.18090832176401472,0.3431599364158901,-0.6232195515744526,0.198210154515248,-0.2575795493059453,-0.08523092082006674,0.10018707493781381,0.2727411124890833,0.016874330726130732,-0.5437304287414617,0.3276952057141844,-0.06478413842157521,1.3672322138319422,0.05766410256615978,0.17466793337778375,-0.6123862991123272,0.061521235568424114,0.7711203774351341,0.30555857226047917,0.6683947242709865,0.7866104094015927,-0.3171336640622463,0.18463952773116563,0.48533900875399355,-0.20260417482464468,-0.13627528493765034,-0.2798103471263385,-0.5519819471808285,-0.3796428444843323,0.053957827673676184,-0.13902542397768458,0.029478345047772404,0.41572830493644514,0.1425864379840738,-0.054509804068521774,0.47506507341542475,0.8159148864445912,0.8778289519953083,-0.14512732150657442,0.4976064681171712,0.9363154674967533,0.6619000175215549,-0.8631823896743858,0.060656693001608676,-0.37517418362317656,-0.4887646541192776,0.5412498691906594,0.22193413093895412,-0.2529988398826914,-0.14655295906757712,-0.11870511524977855,0.43786115375226564,-0.30552210895652987,-0.02065751610701177,-0.43386868081617974,-0.23117625691372579,0.3994958386919241,-0.10197717553160059,-0.6044637022083411,0.15015736446352904,0.19419419077280642,-0.5431364622785205,1.2450888993055989,-0.3831045635092662,-0.7013400539646796,-0.23127686686296747,-0.3126026139460463,0.26745180461589574,0.0008361884702609521,0.10831592887066749,-0.6904892787346029,-0.3466501912391818,0.30022753115037615,0.5800452738533509,0.4021944154009354,0.38654377734972983,0.004239595529162708,-0.09086441483207902,-0.13497924778034306,0.2946828474696585,1.083347595966597,0.9096560610509036,-0.0982733703692213,1.5399503336656333,0.3634870235446761,0.3738337820803855,-0.17337178940045792,-0.7955526903840601,-0.6373928511401455,-0.6264643725646627,-0.8539942275548679,0.20999992186399952,-0.4957268689890324,0.31590643748103936,0.47974207439873945,-0.4971265492703772,-0.04808380366327309,0.0839855115975494,-0.06132473401262723,0.7732105825379886,-0.36793515674289773,-0.576146062374563,-0.2966917815135787,-0.10064465473760227,-0.19815902276934658,-0.6347192010531818,0.24259733841406897,0.09684354683015317,0.0685313762106753,0.8735318934401407,-0.012099567730920026,-0.18622391296465632,-1.2745079866634796,-0.3562415848793758,0.011627070752203475,0.14989587987073427,0.4440756206393692,0.2588003376731919,-0.7040290034387606,-0.2006282581355373,-0.270588109330815,0.29871998441261943,-0.1284429771535312,-0.2433794825954763,-0.37498623217309474,0.45146111441692566,-1.0390391229963611,0.6369183382533314,0.025796253161357214,0.017696947905835175,0.1854741078578642,0.08799375998093684,-0.4271697503489067,-0.03901416907288661,0.38810983201359633,-0.19378942760988513,0.04423304953741173,-0.493186758845171,-0.40633439483943096,-0.18273659249188381,0.6394756325587946,0.044930927646607804,0.06144505270310686,0.2082605361286892,-0.5182834977894297,-0.6150579431953578,0.3927233641738159,-0.18655020360874738,0.14286740271772422,-0.05392880434777589,-0.3971505770259971,0.27867998176028014,0.06776431119615979,0.0580364426876658,-0.33053999002301326,0.4897713718240638,0.8222579986968204,0.139827127955251,0.020809103023909366,0.33793673892498405,0.12886804415870973,0.46492945351323867,-0.3316674425388391,-0.08259973055121969,-0.5440255320694504,-1.6893240152038802
Neutrophil Kidney Human,0.5787845661006867,0.5217175143549894,1.183255862247798,0.27625041965016917,-0.20926940547847658,0.07138588085842215,-0.10963178930026048,-0.029332922904337404,1.7202274462083,-0.4440418983764609,0.24110188415122163,-0.5238822658677726,-0.4723794995576245,-0.042534594835937294,-0.003775935298155533,0.7720382645245234,1.623007374245889,0.12929634735314796,1.1932019783488284,-0.28023520688645964,-3.2988855909470827,-0.029889551185329273,0.3731942261578069,-0.477650582940177,0.36213504148584713,-0.17588459690150796,-0.19486822687099833,-0.07998763992986882,0.13284835619761098,-0.09221400815251857,-0.6690774452118284,0.3730136086155598,-0.4427198264386515,0.27394223802250256,0.06104835180518957,0.20141489282687997,-0.8394691306531614,-0.1107854580495221,1.0302172279344093,0.3718618244845046,0.39537367725032174,1.5160296215769238,-0.4273793167938906,0.1432725524992727,0.627671656392851,-0.2685252537727343,-0.05781012957424846,-0.37484020683679375,0.04911798261522943,-0.5783633410041528,0.09702463038677756,-0.36145477888860816,-0.19837830892851757,-0.3232738634923414,0.3503929526561145,-0.1939244927007666,-0.03606614271963698,0.20986539232829038,0.6044588388668379,-0.31256670329767616,0.24007994644981306,1.1184299989586783,0.6383982286259829,-0.6010668800288675,0.06652698153323146,-0.3426210223875296,-0.5672564398364195,0.34824927706086184,-0.14726400266708875,-0.3333859650160665,-0.2904475205776981,-0.20019305004725022,0.3011346413213508,-0.43948592571448847,0.11223883359610178,-0.284976841769341,-0.36745822283519514,0.013322587826602596,-0.03342719670485394,-0.5465775157598853,-0.24509073248858826,-0.06364750239332757,-0.310550563883019,0.8272698599654242,-0.4582925083856239,-0.6792050174540885,-0.2739958744406254,-0.1360165057670922,0.1590439529857065,-0.05478885724494485,0.18386193263535902,-0.5822530647588453,-0.1986466675071204,0.5450340953955646,0.9947703493296872,0.5346336774337311,0.2820670583784473,0.26456846511820975,-0.45960532558404327,-0.4857501745614927,0.16678461995508623,1.6355223995687707,1.5281215439635487,-0.24100049488011296,2.0040481657307905,0.24060423009724052,0.41807299516804297,-0.4191471229453548,-0.6961189569976809,-0.5439824639470638,-0.3458235305656813,-0.7872074162773001,0.07751661740135268,-0.519096888456698,0.21645609947096814,0.1156952962913868,-0.4612866438636531,-0.12466212346328083,-0.16424383352814953,-0.07745370879537321,0.5832602761785328,-0.5638235483711629,-0.39638741011974993,-0.27600283887126636,-0.23581864268117575,-0.21788455737654658,-0.5145684523166724,0.6601454039693581,0.14957503834475394,-0.04184605555035811,0.48243650101426516,-0.02381115127355423,0.1756889782901721,-1.2740923015758794,-0.3193500004574149,-0.0037044762490327,-0.046554222224488,0.43793596599590695,0.7249645729427183,-0.6442510291788144,0.08882322570200006,-0.2173905727035005,0.08313638344513771,0.37948601933757015,-0.41085678890782623,-0.2689524419273768,0.755685329143157,-0.83310129964901,0.34924516078539525,0.006075129165545813,-0.37314466721040945,0.24273691031484507,0.08164246283154936,-0.728849296663978,-0.044229232461345386,0.17825676626278825,-0.4436826506498563,0.0709771044293223,-0.49299276080691273,-0.34758948828546177,-0.024630299447837754,0.9080521955534335,0.29045548438853314,0.2607064388900758,-0.16065515037315453,-0.6605278376886624,-0.6093655088551346,0.2510203446863018,-0.5155101731458754,0.4097390815655925,-0.06627734005083558,-0.4738550485435397,0.2766536980859142,0.1619926421634605,-0.1415885582706047,-0.511225269576646,0.7030175446339945,0.5284551578929778,-0.12669510652416527,-0.22744563347052274,0.2986444479465434,-0.05680264928785783,0.18499737265744726,-0.1811998283906346,-0.2859539038739491,-0.2965057137422377,-1.04116151894334
Neutrophil Lung Human,0.5036809567112416,0.5171144090535487,1.1129377136925314,0.3010169375958001,-0.27300506574317196,0.21785243242218058,0.011124447987119146,-0.11705920757528032,1.528249291444831,-0.5720990270460202,0.11778083269842403,-0.535526393209154,-0.8485783613921798,-0.089703485566011,-0.2992198018453694,0.6679057142827737,1.4349709435086577,0.1706484028572476,1.204707413902427,-0.29913713393497815,-4.082184826739946,0.20639193921582422,0.27917822530057945,-0.728735886108839,0.4815426056405799,-0.2047149167297495,-0.2094695239302743,0.10122479666854368,0.34432341349437756,-0.04396845860383292,-0.3628038118296088,0.11683837326069967,-0.9714155865271572,0.6009289535858923,0.14272600736148586,0.06486639225485012,-0.5338294333349519,-0.3505745282241937,1.016335446432467,0.3523406707528789,0.6352367414797735,1.292588083180645,-0.403964653125343,0.4534119601616061,0.5354584425853091,-0.15107378086316664,-0.24249074824462885,-0.26363039194185045,0.04202675439770506,-0.6800959246272876,-0.04635029103159251,-0.2242477584337822,-0.03742667837063435,-0.23638150152829535,0.4363550999016301,-0.13922584661797258,0.14273421931670174,0.47642707358331243,0.9825800966959338,-0.1904315567639467,0.1341536937360023,1.0552350724705066,0.3783983501366749,-0.3436901254239632,-0.09269306104998701,-0.39380674217111683,-0.4907303905240434,0.31914482318219567,0.06174523380691227,-0.4294063337920513,-0.370981082295619,-0.053159014774617125,0.4716849978603558,-0.5675348000963671,-0.007261292631419097,-0.5070139831756199,-0.3690108163523706,0.39247530170818345,-0.1729895626374015,-0.2091317623868845,-0.21447886439243727,0.467702027697127,-0.3464125474981301,0.8565734104639458,-0.5273156575095774,-0.4584931217369351,-0.45088196884718046,-0.000641045898562051,-0.18890304764849997,-0.0648099631056421,-0.02596001814117279,-0.5473037817851456,-0.2501601658384436,0.7934272008713865,0.8157133298270414,0.3293313122306948,0.3952700092267106,0.1465142544499788,-0.4458355902746126,-0.14505072767651667,0.12004164452419734,1.5053035156953958,1.3449567383332963,-0.4060530437154864,1.8508111381468624,0.18362928612490995,0.3619778811349846,-0.16424687860685125,-0.5651131910159191,-0.38039389585247463,-0.7050823903112249,-0.44239717587876803,0.1292633760485448,-0.30488798517599747,0.3364981222121864,0.22309053715240929,-0.3948919320532181,0.06161000180764802,0.24543696418763228,-0.09217839265143332,0.8308597689122168,-0.5434248349321446,-0.6788451832432152,-0.3248667798522161,-0.21578064853354006,0.05482809478250068,-0.6989587382167706,0.23513632345136984,0.21556597257472107,-0.21228677172281296,0.8357815158499662,-0.226827584329714,0.10375841981225895,-0.9049940540150427,-0.34151267791680956,0.2728927432147088,-0.07475855195341395,0.6183382747050608,0.7530622736446082,-1.069167886902501,0.04712860554998865,-0.19191831737907034,-0.28941459899734606,0.1801001847709895,-0.5750880602746985,-0.07354105384753491,0.6027788894649991,-0.5314129787744901,0.9975012953783424,0.00993471257794875,-0.19108387687591094,0.23689730319010766,0.324461853092447,-0.5481112020184042,-0.04700511388695637,0.23380118267005923,-0.5656745269533966,-0.020056530126600206,-0.7283472338302645,-0.38369680936342887,-0.10825956046022317,0.5023586912964921,0.3220691605297976,0.31980113809699706,-0.2525873289713738,-0.6740581758345544,-0.9256134179143687,0.2959452405828455,-0.3604824953098242,0.18025911197782213,-0.02029255533336445,-0.77136000828694,0.27235203306480577,0.2601874102002606,0.17858505086992818,-0.5254948834416368,0.5168006616158942,0.6408433969067575,0.05006215401991559,0.2392062001915596,0.3358685015673615,0.09921617874258343,0.32763491856114746,-0.6445785780564645,-0.6210674547800825,-0.6549979596410304,-1.3036989115387771
Neutrophil Nasal Polyp Human,0.7230551851602243,0.8473395588786956,1.3348673501439434,0.4525709750883141,0.06901345659412925,0.32327157999965167,-0.1975059798990625,-0.07129273808098675,1.0655339949742761,-0.6552562501957115,-0.19236811568898166,-0.3175460757092336,-0.9914881211789784,0.03507353457135822,-0.19921021312712128,0.5018975930269121,1.0420121528544064,0.27854273521177025,1.1657274644671296,-0.4161965690953381,-3.095753025419334,0.11027283709579863,0.13425877707782924,-0.7463662602326269,0.562525207827804,0.08850745452728358,-0.43718479221144313,-0.08605464817210885,0.031003846024263718,-0.2867858942698312,-0.22483584814099983,0.030190574259385053,-1.1540082278165782,0.5480898759916873,-0.16932350182973,0.03382336746849408,-0.4379322550574258,-0.48730676357265684,0.9836641137734025,0.5882092203939635,0.6684750433668695,1.3310903381434187,-0.32262350746756596,0.6197424691571641,0.3324208870064818,-0.1957074227231599,-0.41711136825074535,-0.01025942854871224,0.6140782699186461,-0.9627076737179993,-0.037796594330123605,-0.5637607356294724,-0.14404616718113888,-0.2564478484176361,0.8113178050397111,-0.24195797138843061,0.02565927223856946,0.298754251694707,0.6053223497367273,-0.5891940527796582,-0.09811766739558342,1.2693476241872308,0.2891639620353556,-0.13319649610693357,0.36700361829768424,0.014805616303883277,-0.6299904736497118,0.3534878714859221,-0.04850106600009828,-0.4214270719208574,-0.6356434097958547,0.09892760590344309,-0.017067129280457078,-0.53825636214016,-0.24240559177216464,-0.5102568981255307,-0.5164679693593309,-0.13004521451477002,-0.079386630763118,0.02560169877190189,-0.33829699316917233,0.5304736825810799,-0.32521206848615447,0.2805681060401056,-0.6400133539281718,-0.3655228547242962,-0.44414364796459627,0.3050612669651779,0.016560690723234198,0.05754750510564603,-0.125212057151692,-0.5277998236206297,0.18198114677122107,0.6304694931042394,0.8424310759037864,0.5853137456821667,0.5131523249962696,0.24945382832705112,-0.631619619954007,0.16990388790701477,0.07267609859425608,1.7882371313984677,1.3263374540019515,-0.2791260446270775,1.7095065065351098,0.32950908913212484,0.6729014742606366,-0.35614160214848023,-0.3421658392459389,-0.5212581314638901,-0.4660182958319029,-0.45701994072008334,-0.07815121807191577,-0.0901292066984294,0.47759855564814396,0.5315456167561925,-0.38229043454548994,-0.40575147869646394,0.01833001401522074,0.25733516984783295,0.672708229713277,-0.8501747279114945,-1.048123973619254,-0.6868322522136145,-0.21604514534172828,-0.003150150454769297,-0.4336106435871968,0.3929993964585722,0.0995920230853491,-0.18763176416113225,0.5685278606866978,-0.05127903874155479,0.6003058735252899,-0.5449169734497707,-0.20779964483226213,0.40788503658847525,-0.18614274313173504,0.7030425827495814,0.8475751012393715,-0.8912525624420441,0.4927939759497495,0.07843227658568633,-0.028121376441302845,0.5138033309725069,-0.6808307128299625,0.2677599557952545,0.6069197436337419,-0.3535489305948747,0.956392043156115,-0.18356881617661974,-0.2548696459171008,0.40103573163278283,0.20069857545420355,-0.3316970956610505,-0.17101608312046118,0.34806652337307525,-0.7585152489585288,-0.028323206041611006,-0.7621437182964,-0.12289403481151046,0.23835649255882038,0.7535682938899745,0.045846533681233585,0.2423331691431281,-0.08422009473062783,-0.4251534507860895,-0.9478800949163435,0.19476399425429894,-0.17705644921985694,0.16575589278582642,0.026827599655581704,-1.1509913653082966,0.2973352581673954,0.1254117428779453,-0.06961825291195574,-0.5472152343310314,0.49747802794233115,0.34958176684578063,-0.3337530139248584,-0.3883386458061943,-0.18758072818001492,-0.21251629645517628,-0.03776544791251793,-0.5377501433899207,-0.6212431897397145,-0.7112486556531038,-1.2178582413900103
Neutrophil Peripheral Blood Human,0.1617978301482624,0.40185888565899375,0.9484331650297515,0.17655784880278197,-0.18236784122951727,0.09048093289402821,-0.19935101425301127,-0.07517978924452087,1.3208781982116375,-0.06255578608812548,0.10137917883875128,-0.9152298744724796,-0.5388339851428416,-0.1424233935534457,0.2435573297588959,0.7535734980214427,1.2075144960230941,-0.17709365629255125,0.9336087529653636,-0.2562908189832948,-4.088432174796302,0.1946586385936011,0.6153907038175519,-0.25464732402568563,0.38536525983670233,-0.15227021384457706,-0.10907499298992221,0.08044808663908623,0.20502576653796448,0.06454159730843709,-0.3695828418567828,0.3983409383903608,-0.787968836933447,0.6700487290004367,0.4207357521353878,0.09024878167408391,-0.5139360520058704,0.038038404462632826,0.8632678703241835,0.3598210642227414,0.6343271107901585,1.0888776431864144,-0.5045957028644381,0.19020712493761638,0.6521173512831636,-0.23692759268569644,-0.17735237668334658,-0.2751775777641851,0.017743750475570415,-0.5955169726113677,-0.23838057268814947,-0.31083996891093146,-0.1449779039825711,0.22496635929293746,0.10116935189742104,-0.22052681485411513,0.22813025945322823,0.3496766298173263,0.7154742911864967,-0.3122276392242499,0.35331078025345836,1.1937028789752506,0.5384324457607583,-0.6224528746609665,0.06701573817735755,-0.23740219038960444,-0.3681607011629958,0.40685682212831914,-0.03846229582236554,-0.01386489335800237,-0.13372816966863207,-0.22709627070336452,0.3347958300265435,-0.3182001217819292,0.033190606552554486,-0.4332114409621306,-0.16080046967500913,-0.14952604645725034,-0.015278986867925452,-0.626881973128865,-0.294100449835169,0.3080270959530779,-0.37913040184303287,0.8396479453515563,-0.5426040924786764,-0.640693360496247,-0.2449451768043123,-0.2893272324674327,0.4181179451695049,0.031980893527870785,0.34003144543873254,-0.652732503278341,-0.2821619536741711,0.28693175772838836,0.7660860956989531,0.4149695488423734,0.5770571975832041,0.02137063742157127,-0.2936879243646938,-0.09982566574805316,0.1038724139171583,1.3352024248293153,1.3346467940082294,-0.0013244303841041271,1.613114327986543,0.27726132513522156,0.6027027527955832,-0.4492988001210584,-0.5672412364374597,-0.46229754632872627,-0.6643514212343808,-0.5730498342607452,0.03480904486532252,-0.5031883729018087,0.27435157848922287,0.38504013532289455,-0.3693774213731276,-0.43248980152524674,-0.0062213219727105425,0.16534081735141626,0.7178567118646273,-0.5019143309886405,-0.6874478334940078,-0.18092844626008742,-0.395998264986714,-0.0874041925930552,-0.43536766172914365,0.4916339885676552,0.19706356104101136,0.07929217879829535,0.7663117991324498,-0.13982900123159153,0.11855580077065539,-0.8655727861307493,-0.4952775895110812,-0.09052676548983109,0.30793718543682147,0.4532984529528367,0.7187214642302069,-0.8343046461524053,0.08591580454615572,-0.007526320922559768,0.21769020918286322,0.07384033479243023,-0.6178964845941101,-0.2689399913404353,0.6915201464992247,-0.9248115705227027,0.3756341542543191,-0.1313374736771918,-0.4664103647367704,0.1814433411413145,0.1850659649236696,-0.5192838416842699,-0.2399772230105227,0.40972977974685676,-0.5493879775832753,0.008539029869013195,-0.5464393310616362,-0.3847193404891961,0.0058783229542637965,0.4894001052867685,0.24489109020203173,0.3968502343584298,-0.1282819126025606,-0.5526429366744648,-0.6718480822557827,0.4223328503659621,-0.2691958935399584,0.4394482426983127,-0.15077286034144263,-0.6725859040716374,0.22173392121760183,0.1132055898246558,0.005396307562995447,-0.5200603176694354,0.7301378917514718,1.0462068420487247,-0.25333117485957624,-0.16426907714028968,0.10909379347991023,0.09882494541630157,0.2439703594672542,-0.3132746162500173,-0.3970251507913773,-0.7980183367220194,-1.4360644640334965
Neutrophil Soft Tissue Human,0.28367553467676454,0.7119673822974494,1.5692170620681327,0.5859437548050036,0.16404177560436722,0.36456783969740825,-0.08987461135184405,0.06415338574727324,1.9846031827145016,-0.16006112960845484,-0.3428460603087783,-0.16988152505923318,-0.5633896224677017,0.18396799774096462,0.34660402799151274,0.788241500783974,1.7224176810551175,-0.05644412155566167,1.0841321841717997,-0.42197604651389986,-3.461320932269203,-0.4625123308283954,0.588896773257107,-0.41036721889585004,0.4617243155297862,-0.3058037120734177,0.015979433543655934,-0.22621407819968553,0.010925967431366134,-0.2448222727562805,-0.43171584142939684,0.33383230327553315,-1.28338270625391,0.35522754777331694,0.023016693576954555,0.12364722381898864,-0.6145135031356586,0.27560815759659135,0.6561240375816448,0.3116167327285,0.3797381897860249,1.9025450292361172,-0.5532103434177625,0.05786281056878148,0.7953424366897536,-0.5790011843772981,0.07858507030785802,-0.5824939277165917,0.3908192774884402,-0.6175936103711316,0.07693784503291314,-0.34187858618101225,-0.41551442152472645,-0.35147857119984904,0.5018307393251109,-0.5005072457810865,0.21885634190149544,-0.020202070499310033,0.47025015817806,-0.7476086898838269,0.27296814486565374,1.2601229030325443,0.8785401017148082,-0.4855270108363084,0.1417612686143466,-0.008318958700604461,-0.39566952150749046,0.355657995555144,-0.12166999533940709,-0.42848011492592575,-0.05190132236676985,-0.38629456916152066,-0.08712415305456897,-0.39321176881095976,-0.12160093113867326,-0.13555670868047545,-0.06534019835369735,-0.2893577410048313,0.1509026077876653,-0.7543315569344506,-0.7324346140292269,-0.10508606810236437,-0.04377813389377469,0.19910243363684918,-0.6529472563908605,-0.5295103859430845,-0.01727705835933041,-0.15130404649995743,0.34776125814573977,0.008626020701521731,-0.09109232856417655,-0.752036439959056,-0.4521485142758094,-0.21325220493850594,1.2326853286362613,0.6832297641558343,0.5712987288731994,0.6152885002070909,-0.5218550946668189,-0.3103297643875726,0.44535414268828377,1.7362059001087358,1.5956577138196069,-0.21963262633737385,2.2464435896727144,0.43599552199863445,0.7767073885720767,-0.15795522862663897,-0.6634997851718331,-0.2704464239956311,-0.2660741359173322,-0.6687424318348703,-0.19945201387287964,-0.4023204695884216,0.2116841096848178,0.21606701932806455,-0.21227000229683116,-0.20467000711573838,-0.26288611652810706,-0.3405785346447211,0.09722844057525695,-0.2617830082420341,-0.1030351849307042,-0.19499916205537593,-0.2409207321247117,-0.07634057042105477,-0.36771189057581144,1.054901282665679,0.05723227259395826,-0.20541367748926256,0.4195789947602516,-0.31740564165897184,0.5745514848041015,-0.7556897757981298,-0.31906167801891444,-0.2482701863517815,-0.05877432025951436,0.056241608240474555,1.0108737382290194,-0.511050169122376,0.2647894025601166,-0.17263424722654544,0.13000268113781524,0.7029832271541259,-0.6835526192307064,-0.43834045372547137,0.9699287291995744,-0.40248262436996707,0.17139525656214233,-0.09295602169302716,-0.5975318292546767,0.07695666654913008,0.02100988497547883,-0.4628010478406617,-0.4258206093272212,0.1546918333697772,-0.40594866853059103,0.2609491765888614,-0.11353082769769009,-0.45543789111118627,0.3300355089708396,0.7672845714668999,0.7598657283058456,0.718714899040912,0.013760840534265222,-0.33206777226429024,-0.463747320116414,0.5504309370870126,-0.27313656594280294,0.4254725733023212,0.06428681466042664,-0.8027209204559854,-0.21473068956149768,-0.25709111036402194,-0.5741469117742916,-0.4068476506206081,0.7091865270786909,0.578816972225626,-0.40639747214578104,-1.402959613402306,-0.10414704297483234,-0.2132744589187972,-0.15572977450833464,-0.5952595917919281,-0.287731179400852,-0.5553482774152495,-2.128723099289462
Neutrophil Stomach Human,0.19284408700430034,0.5518754514816787,1.0270167322644177,0.4087482052248833,-0.3034849022169575,0.08499001209220271,-0.22150781099115371,0.014549100232757064,1.7200825652642329,-0.14802906081623923,-0.077203230651827,-0.6433386593853704,-0.4717547081847053,0.07985855220003657,0.2032803780613695,0.9398698127116053,1.4894872755428976,-0.08197996253339863,1.172026108730613,-0.2667483031965972,-3.612373580369636,-0.2817891146555527,0.6107265047890166,-0.3251926964622925,0.3992264811558336,-0.29876549560195675,0.013753504392112096,-0.1822678948097409,0.14566705432311833,-0.2227797185707144,-0.5360749749770917,0.4093658604464551,-1.1679974716869184,0.4201154202854874,-0.11647250371891979,0.30575336036448425,-0.6853916720040015,0.16215277833386596,0.7286595689173151,0.16973121518184475,0.42667301762058996,1.5426061948288061,-0.4202184367761485,0.08859182515972289,0.6246831373691156,-0.4511393316566247,0.0790107575462593,-0.46044598432406103,0.005773372721147837,-0.35089927576656355,0.023933290962801786,-0.3292175273178411,-0.29972315909743125,-0.12792967074270378,0.30998057822267094,-0.26439136292582793,0.1218676304715351,0.35050053552258775,0.601098586316393,-0.7731812822246688,0.22150839830519795,1.1183051073361825,0.7072100536792116,-0.910352195639575,0.14989767682435315,-0.051117471281412266,-0.3844942030201517,0.3402810987888565,-0.2721517087628809,-0.12017056900660862,0.08164099997056738,-0.34306926968151497,0.006281593528803497,-0.33996114514013953,-0.012995960224197238,-0.2280947459307174,-0.1475631307965863,-0.03791160218562467,0.23542672496204936,-0.8297618749455525,-0.43330419335567943,-0.060229624255290194,-0.23004379035808956,0.447957739556289,-0.4153744121315154,-0.6840969078922211,0.08942981527648336,-0.21066414822361576,0.5135066994591635,0.14875487210264524,0.21173453015868762,-0.8624296911287881,-0.5557337926823596,-0.1358889347004006,1.0525339759490544,0.6767506104363213,0.43123803535324284,0.4519314213667242,-0.3529099477368196,-0.4832582557761252,0.3262469472636093,1.6504209259983549,1.4380497742467402,-0.1492445151889147,1.9581128310432208,0.3328925462408596,0.6617660832813678,-0.42019704539576,-0.8910134891107033,-0.5293434839209885,-0.2556697451192572,-0.7747472481868702,0.11748646851905795,-0.5117229363063186,0.34307883027538444,0.16717454836976983,-0.3181098056824096,-0.1912933533781315,-0.22579352467628847,-0.09782920218379489,0.4598074137601878,-0.2196876795173098,-0.09077535714581306,-0.055921629951688076,-0.2027151875552718,-0.018419323588084454,-0.31151206615285365,0.8284194741802646,0.0975557027032305,-0.095383476326691,0.433375967526779,-0.18484121544767596,0.433718170719317,-1.1881428349077112,-0.275451527338277,-0.08770953031783303,0.19115921805284056,0.2790915871082659,0.7751094132376434,-0.4649901864255353,0.08510008750778984,-0.13328776653986144,0.26247092607647676,0.463390157289455,-0.4579996126280689,-0.43264646224826603,0.8441779678767767,-0.7506555867629274,0.29945644524308535,-0.005636954022686377,-0.5573436326982035,-0.0385770272553064,-0.0062551072600961115,-0.6707221406649927,-0.4219035910601047,0.25294993527343335,-0.40118587583113147,0.29671854568230627,-0.10498708805258376,-0.23620492344608005,0.32371604804040816,0.6716096975253872,0.5753725816437973,0.5695913956788071,0.062499455301490245,-0.4972013536792065,-0.2587712748214642,0.38986180256262243,-0.269025459853767,0.37519577513251035,-0.022183756007853904,-0.5821993486272671,-0.1736490778283788,-0.2576983746256898,-0.5045213618631217,-0.33213885389339753,0.8924753495265686,0.8205443372965703,-0.29086430485487985,-0.8413103197465926,-0.17111910350580187,-0.0919740423429127,0.00872751366497436,-0.4545847788824548,-0.0974027672290912,-0.39845348337932884,-1.753319072688817
Neutrophil Undefined Human,0.37501213459805943,0.5532213612280873,1.051445922870277,0.2942305575267851,0.13414723289588212,0.21806983753263198,0.1549565051138946,-0.06862848195931791,0.7910379520837224,-0.353589844054413,0.03803512746838656,-0.42141657018683254,-0.7136887121469052,-0.18172720911695678,-0.03997725199145121,0.7437732476129522,1.022186035713456,0.15648626196343215,0.7852103734973152,-0.06601495580158942,-4.741669986470818,-0.01755590153644548,0.33878413424787446,-0.4399782963983903,0.5205219323799356,-0.05997296857727823,-0.2926192962680432,0.03334038875869837,0.3064789631284885,-0.26998922284266363,-0.3276430397617893,0.07835690914281013,-0.3824220791941658,0.4273522489567511,0.30910603910121404,0.16769798669623273,-0.46194090212819355,-0.07257007064022455,0.8017684218414106,0.4099292269215126,0.7570530064900349,0.8638652601452336,-0.24831390135573617,0.4573213385163098,0.43246098884842354,-0.26125231741243665,-0.21026333303331465,-0.16867857175409526,0.06601655333125132,-0.6635271253345265,-0.18651160281209314,-0.23661576332594886,-0.2082792608914062,-0.14228719483159855,0.2657333680502538,-0.19022981648307657,0.24530667358509395,0.44643520159028444,0.8545522883861514,-0.3004183069386849,0.2843046325241949,0.8875377856725133,0.5613575199362436,-0.5602401991049271,-0.00800625543463513,-0.12132410787516648,-0.3685503833553904,0.5927763250144313,-0.040822505278025153,-0.3420257320005049,-0.24834973981173186,-0.1255186539975067,0.0910400390611858,-0.47156888657549156,-0.03872533546975035,-0.263468897081347,-0.24680448272380612,-0.03483477564718957,0.12917748182481495,-0.4008126978630355,-0.18173781989378882,0.5143470394504418,-0.22474794977142648,0.7696687650105106,-0.6273115891723785,-0.5184099426430033,-0.38062735495325306,-0.1454676995173417,0.19507330801672568,0.09000590733187575,0.13158980238219473,-0.5349275196477721,-0.16974503672588115,0.3091211344828794,0.6904334098775992,0.2708252768563943,0.5287399758355886,0.06134298282689616,-0.5084872734671003,0.1568001725990196,0.19391687429326207,1.1182413574865404,0.9188151943837041,-0.07200044504256103,1.316427587435212,0.06158412485203238,0.5066801994600469,-0.08943394140447733,-0.6219804826582438,-0.33638426887927536,-0.7165557177272353,-0.4212715239224719,0.044281931918526356,-0.2898364752927066,0.34694206349717865,0.37191978671616455,-0.24426439179783604,-0.05907516709697318,0.1329869267706126,0.0823935862346753,0.6323843581015308,-0.34031544941101,-0.6058184801216443,-0.20343016907507971,-0.1891732411746056,0.10898169017939716,-0.28202014653605517,0.4065581745182917,0.15965750575276175,-0.03825396754865373,0.8742606445004809,0.018989216994638368,0.11976353461973972,-0.7370041657602714,-0.28899127983384354,0.06019909562823762,0.09860874786843019,0.3642858709252265,0.37898890235259086,-0.7376484076880027,0.10804612011130418,0.00032553917072900007,0.28451523132822065,0.026632359492612175,-0.5507083638881232,-0.11768592606565367,0.5712067980315586,-0.7765443884625821,0.6171810867678623,0.21306228876762956,-0.34783051960817063,0.2876911706011353,0.3234182073656829,-0.41728000340367893,-0.20152728776835344,0.3941624175806558,-0.4276466234174111,-0.0002066175248230614,-0.6309127916692817,-0.23137481208578334,0.09173124757266161,0.3944860467458375,0.07801540419626003,0.034349868203903185,0.04316885865007937,-0.6542703986223961,-0.6871102596796673,0.39340116998628777,-0.15048626507436702,0.10135813644001053,0.05715047845904042,-0.7400008264536874,0.0439681603381028,-0.16080509683553612,0.013972855796827888,-0.4771709789182348,0.5530831564300545,1.0043815127021627,0.07058231177263638,-0.24799158194518417,0.1041741196312616,-0.10867929735643572,0.27563137754804573,-0.48906660288067416,-0.2647676175770122,-0.875653729714866,-1.6451238059245177
Pit Cell Stomach Human,0.14503392108542681,0.6384376944876479,-0.2850594033437653,-0.0961470285075921,0.8816793318804668,-0.03386655299821446,0.15321572384999047,-0.15065621576849683,-0.3266807688553596,-0.5213902462607458,0.1945044631517868,-0.25874267074231583,-0.5527377052730005,-0.3122603229262423,-0.32914220254094895,0.8492339601857202,0.675614583284412,0.20875347938148628,-0.23072036618164407,0.08106241997082679,-3.7367719147539353,0.13242688258547658,-0.13058187407358685,-0.1668678100639763,0.4939796009347316,0.0037554379424177796,-0.35907521904615375,-0.041141001416942435,0.7828353170096776,-0.7841328052497412,-0.32242494375746755,-0.13100328113671791,-0.272516522595721,0.11304688231241644,0.42243177254052755,-0.23064821743654568,-0.4142419085168357,0.21882003145093576,0.18758034859327544,0.3713662636478273,0.6436203420358878,-0.21943298588315296,-0.1917069188369507,0.1625453602100197,0.014995776674349315,-0.13920274341833905,-0.17498564356272084,-0.4091480795931115,-0.058743540886928534,-0.6268987826865301,0.3317039228552846,-0.11192663000148936,0.0575719053240841,-0.34521348266739876,0.02884578031293165,0.03509381938976561,0.24660587050440325,0.07812830352658644,0.9156907009024031,0.1018172781153729,0.4449849441530057,0.7684218124126405,0.8624817728181361,0.18679914501125033,0.0998943982012751,0.05965949074895663,-0.28359950397825445,0.5216372168021017,-0.110459300704105,-0.7695959741271776,0.020793417285418787,-0.2733342469190749,-0.17483274941805182,-0.47528198344034883,-0.09445189825454428,0.028906090555658584,-0.5631307169214814,0.3209031421289582,0.08935075390302538,-0.127617375302015,0.16403650498476946,-0.0073340668413780724,-0.07664775252879809,1.1107363991817958,-0.36147726465661756,-0.15403823408658984,-0.36934711294368383,-0.12044239910046452,0.35644559159907196,-0.07286279982831068,-0.11279313239906612,-0.17794558742224958,0.0774643793492645,0.3115558408146773,0.03325511540755204,0.05894256968309876,0.5442910090606661,0.15542630835089388,-0.40120549760088375,-0.20237678261972641,0.14462064626982102,0.07483394793357445,-0.24957087582748091,0.019738531147644067,0.4492038769571599,-0.16511940919422188,0.16749603350333034,0.2831346933623368,0.11830824162013988,0.24393129764418958,-0.5348208330734473,-0.2593537743848607,0.3518115129179425,-0.3187092938936479,0.20212780802026867,0.6465731526341236,0.2838013184506399,0.2701517419726341,-0.02767612158369433,0.19636404503287547,0.10999838602875651,-0.3164298554992604,0.07058161448394802,-0.3297533259363161,-0.2880696238846008,0.3196584321111396,0.22440569464493462,-0.11370359826984872,0.4455674906073227,0.2346730534454575,0.6973190536100565,0.29805959871871185,-0.1226874138472974,-1.3706914179482004,0.00792831422912061,0.10444700261189617,-0.22439680468174128,-0.16942297023527197,0.07849123583483489,-0.12427730500923082,-0.05526546710809266,0.2420235550276537,0.4509939401367504,-0.03572844727211424,-0.489361257321157,-0.028691626342969723,-0.013863301854505305,-0.10572585807867287,0.15824550544035842,0.1369391228982852,-0.26978454458733253,0.6565754795526381,0.4974106671984948,0.012664443461231849,0.09987107957464497,0.38882367683123886,0.08334371232932551,-0.17294122520243332,-0.5541613917148451,-0.3316138395849296,0.04952270335203596,0.15293033166309983,-0.23090498713013705,-0.5125377671517615,0.2358616489953926,-0.4279194390104273,-0.42667457871981385,0.2811159588216986,-0.2277192148190294,-0.17019420421015513,0.18818364007669683,-0.3602135899815355,0.5101370481707757,0.09245779467815306,0.040220900840476054,-0.18542806051179023,0.41898653511948375,0.6898886807922273,0.22010259572723895,0.12664502530144855,-0.1154355564059333,-0.03665256835497491,0.6382264702509142,-0.020992649743917402,-0.2468727108697378,0.021860211932265644,-1.29643345124295
Regulatory T(Treg) Cell Breast Human,0.25291387956162187,0.15227494310488343,0.311044869394607,0.4235006794233889,0.04477266920327649,0.07284255688330409,0.3046731491376329,-0.15949364011160574,0.7702880668522691,-0.5193946998932008,0.1779644648494091,-0.6862176135044877,-0.6588977864619643,-0.2764640504361264,-0.17218952584450717,0.6190522744035847,0.8083371935953569,0.1507434007733786,0.12606305654092936,0.21231033119315637,-5.9790811717167855,0.23165453582863274,0.31942478002953756,-0.5856784143810733,0.252701795556082,-0.1985184072819629,-0.048055846417436036,-0.37170049814823847,0.29067761154681093,-0.2454427628994057,-0.320053583019984,0.005909095374491711,0.36294151840789485,0.45700788312173624,0.4189184076506482,-0.17196960542417836,-0.09607451118955747,0.015321880435917952,0.7817414448021033,0.20170938153274964,0.8464406424517492,0.5486622285094505,0.14605490158264176,0.8505023568789702,0.07180226936649187,-0.05503256000544214,-0.3311347279258263,0.19561852165305404,-0.17882475302069023,-0.906008604988105,0.6054354357879628,0.08533249806765981,0.127227450833972,-0.22277302760666987,0.09344047788275937,-0.18422570120927817,0.45086564351524766,0.4715792869443142,0.7613232023630327,0.06389135167432612,0.6495555844555528,1.0315836046896425,0.7319130011064314,-0.40411585052150656,0.270514333322479,-0.03785863252750113,-0.4254334434610143,0.7551074471599055,-0.08648284170431281,-0.5586333557409694,-0.4028159580142335,0.48023403924824853,0.11782577075839985,-0.5853114756363336,-0.18212187820646425,-0.16467882228804354,-0.434093204636099,0.23401402223542841,-0.13047028151769166,-0.4307389538427446,0.317143845246393,0.6801021660205036,-0.3105338572745252,0.7836328577797254,-0.6156646568194869,-0.41768468515042234,-0.20919953625139967,-0.32504176358083253,-0.022571799066944974,-0.11667058191204745,-0.044373078576552615,-0.3223369467218982,-0.21282683977921477,0.345315137678174,0.662261081210244,0.6038397231374621,0.5376154078981871,-0.248331894614314,-0.5099942531255515,-0.20982942175134164,-0.0036577674457096395,0.5830641904493107,0.5126345093804207,0.0675020307011935,1.3877511794974957,-0.06138419362478318,0.9068033830083853,-0.47145976827553665,0.022361023671088984,-0.33460030202000146,-0.6387387310709185,-0.3510635884281865,0.01512538772411645,-0.3260209611903594,0.13154650377046576,0.7133632335256994,-0.13240243341998906,-0.2695851678937214,-0.1841951730011048,0.2550498102367109,0.7707896507591165,-0.6878417285175412,-0.6680522909755117,-0.25003857625533904,-0.024738629059906866,-0.09261235264750081,-0.2583638879574277,-0.015770457152341086,0.2755175901169279,0.32485366036347874,0.976014711874223,0.2957050773488606,-0.41541847915336433,-1.384336227214323,-0.475828254103607,0.16385289520343407,-0.22087796521560363,0.2508843756780461,0.4014535933450219,-0.6061943341010367,0.011765039346872347,-0.21620634245323192,0.13128380424151107,-0.022117899717717365,-0.5918305109559555,-0.2970149936637955,0.550810890214242,-0.7596236034417196,0.3020583080368077,0.015324249412540923,0.04150385038934335,0.3380587942819965,0.5275377688919378,-0.01593989209101141,0.15456521293546943,0.8339390988494076,-0.015814643968147066,0.1420115208874181,-0.6829227134158106,-0.4826119398368167,-0.1113509665380661,1.2919416766921303,-0.25079486303982934,-0.40671776711292795,0.3056049788205942,-0.5137328448067184,-0.9841091461521213,0.39498925754799113,-0.030194006346344195,0.27359489580090063,-0.21186512030293334,-0.8013705051944534,0.20274359174564663,0.4802509095975125,0.4262137211974139,-0.5040770565326164,0.42400352633306293,0.6006087577442677,0.47828994937328967,-0.5744463267086806,0.4786488694925714,-0.5849828290158225,0.5313038134964763,0.09628780036099024,-0.504169205820656,-0.8005028930429233,-1.3606144079161404
Retinal Pigment Epithelial Cell Eye Human,0.09046153478981295,0.269607107934208,-0.3498677272154878,-0.24152587602936304,-0.0550800516482862,-0.2585235048739242,-0.1695460982724593,0.11338102681574327,-0.010062214503848059,-0.2117673562722098,0.39667961992572154,-0.9643957826937986,-0.4048938480637739,-0.12383805588698728,0.10095648382490348,0.7564593995886967,0.4793842759078898,-0.18864397980307523,0.012073460197654833,-0.40441778761284874,-3.5706053987338784,-0.19148488466505723,0.11413949125675787,0.13769935757832183,0.3189134665414502,-0.29034124773429265,0.11776823471437418,0.09859348658572055,0.43401610217001857,0.059674691188096034,-0.5943764198519359,0.1598059354845221,0.15682135951917694,0.3455448056162903,0.08257828559300869,0.2533915492229878,-0.7004687906913251,0.3733622974684411,0.35823683560272046,0.36521352468342005,0.45629702248974724,0.2181877142659883,-0.313953968083564,-0.21129698842543132,0.12078514574151657,-0.05438948147497151,-0.011426402716746697,-0.2728027951333933,-0.3925129721133379,-0.023015237189577417,0.10104197731736403,-0.04822845999769325,0.1463530656656431,0.033619791551184885,-0.32115372503174333,0.32577893178201867,0.25664905383788417,0.29753950359658443,0.8656531331555269,-0.5337898580854196,0.468130149348244,0.4523129824764202,1.0034899844912275,-0.7291228906837537,0.24627189282917314,-0.18221022907515552,-0.08134117591301895,0.7114709439399918,-0.06050379653457345,-0.0676597411797962,0.39642709719890185,-0.42497861151547073,-0.0035868524551776926,0.022330561473214407,0.48172879895448517,-0.004200417560026352,0.053318623099809684,0.4611703098815073,-0.015430161534681738,-0.6134224861200377,-0.16247881369236972,-0.38636795614225383,0.05866096496887644,1.0715720965172209,-0.08691976215024166,-0.4407214735336129,-0.07461093533144565,-0.20489107140465293,0.7507482917803155,0.28159911191603443,0.47168010958289047,-0.6755737369405078,0.0024938086463101943,0.0210522757115585,0.0803684474317715,0.16448300307032399,0.6506272172035215,-0.15490145669474817,-0.08264509580870998,-0.5482653236086449,0.31800758970639365,0.4296306387634729,-0.061129839056957326,0.1621727459183613,0.48435133345570464,0.15941233917105035,-0.01790546760297749,-0.14870044690369214,-0.5945964558039338,-0.42935147912034966,-0.24852430239930748,-0.7161766083336166,0.38510504010070457,-0.4261946349850533,0.08615606775851828,0.33306817825613194,0.18116754740453567,0.22283124657372333,-0.12144009202227467,-0.014498652513876139,0.45630593437874856,-0.03216604880113415,0.1119724286845799,0.013167523301094568,-0.17056122940303442,-0.1325456273797936,0.047912229891414075,0.37021944465268014,0.540830775962008,0.4437193207352961,0.5239636410219723,0.1652802262395723,-0.17373761530875298,-1.3545495755326848,-0.2831242972573829,0.014955046722505028,0.3120108099412699,0.21706801078208754,-0.3094825896426953,-0.2056749446320407,-0.2742636629267511,-0.09495788744543875,0.6538554119914091,-0.2152476413533013,-0.0804677003489547,-0.4661016438016856,0.03605021146705562,-0.8111365331815951,-0.023781634802034442,0.004004308470404084,-0.6547563590690365,0.16959899216848925,-0.08050616775007088,-0.6829440674251028,-0.106761739759076,0.45619654102096246,-0.09077159240710891,0.007449759580096216,-0.18322865453843726,-0.12349959174629532,0.0856922607505106,0.08953431631800214,-0.2065379057312399,-0.34499322233921836,0.2506354093924607,-0.3752394222851508,-0.14031954862168217,0.5341955683298132,0.03591006315946054,0.12948457378464664,-0.002352801067971929,-0.12518467781283565,0.09225402182378357,0.3947771090334019,-0.1984450308228741,0.1892513370188487,0.5700194862820719,0.8271908705765791,0.11404562547451669,-0.34798610494788007,0.16446992244339315,0.20160155609693214,0.4568186322677284,0.1246763954488757,-0.10131567216798827,0.19842062147978515,-0.9486453862016179
Stem Cell Breast Human,0.09683390427938963,0.20067910246344842,-0.265070312578946,-0.0028650583371790184,0.10701226041782785,-0.1716073125744946,0.2310617266158635,0.0032179994777510146,0.04811198430079325,-0.24313887139260387,0.011330774372575734,-0.604697522844477,-0.37341861974552065,-0.20761566462586345,-0.053439953600663836,0.7993201771070332,0.17531553462690752,-0.12163115173152667,-0.039260688856456526,0.1991170113815131,-4.892998042159297,-0.19308053076070414,0.20664105227768256,-0.6020935485182561,0.5027645979907558,-0.15675434322650633,0.046680967871739434,-0.07485443152625842,0.4105192605353083,-0.576703060446981,-0.5916652219080314,0.19674523241610278,0.1357429660848909,0.16179460054520903,0.01254672614561491,0.13625200672346505,-0.6100185526699139,0.125779987693304,0.43120616998946915,0.28880651948277664,0.6559830078789901,0.12906535417262682,-0.13663063064719766,0.12968487533298467,-0.2379703152496007,0.18835180832904938,0.03840125332006056,-0.04990000617592796,-0.45966464750421365,-0.5105689873713278,0.12417410501120578,0.08286922675869275,-0.09711953619648106,-0.18270525922427994,0.12193133190813064,0.09584510787991085,0.16296245415829735,0.5000944625343346,0.7798879020393358,-0.19370392944959877,0.795246829684863,0.5149021806586422,0.8651357343881664,-0.6987534162995367,0.15445394787137715,0.106778013089108,-0.08366286533006788,0.5701210675563754,0.24152107143540874,-0.7074443224225976,-0.21123836530190104,-0.04365066479981607,0.02588250540976483,-0.1772620577241813,-0.08933035184065491,-0.03668741120640788,-0.18932480432866705,0.45365789806363166,0.42108618696470884,-0.3682666118730872,0.23052299398853932,-0.12887354360863043,-0.036366305962839574,1.065124866264787,-0.16771298663653206,-0.20837942066335713,0.13010038729266954,0.029208747610625883,0.12590259720865654,0.28979041419710305,-0.15999939583334774,-0.7452267382509651,-0.17475370134907015,-0.12374281549955973,0.08431409215075739,0.36402211843123916,0.6677507937919194,0.2234418035773852,-0.014737979915572257,-0.7562237554273935,0.3374962142376712,0.11537781595701503,0.05076849491120591,0.29316654477494203,0.35676044813019514,0.1866388893296276,0.2828810007029881,0.0736159668228481,-0.7727026582194274,-0.5495498194168744,-0.38128462301590366,-0.5431362940609908,0.42751291905710836,-0.3162709771261675,0.4548987369243102,0.5831069954437542,0.07915980229679156,0.09203268139353614,-0.014820950828102508,0.18043383918843642,0.7511894020275902,0.12376598473362505,-0.271163291541135,0.0037917215713967824,-0.1317272419106386,-0.00788555669555355,0.016726734497617104,0.23440235010385646,0.2775844801108444,0.3862353676730214,0.5348041071311079,0.3039621496868842,0.016556868630780673,-1.7886499246034757,-0.2545618305274053,0.19512655874712362,-0.04511415008212117,0.2833210667954575,-0.26791460639856807,-0.1826486890446212,-0.009414296650778349,-0.11344900681315849,0.5910255373976017,-0.07889793804373192,-0.14235832761994005,-0.17680845307743148,0.3548235174971481,-0.7453158725556858,0.301899738504286,0.31021648101096266,-0.1830192213350806,0.24484836698167206,0.08529006851030677,-0.16402589318655586,0.12220927559837781,0.36242576894322126,-0.11594504276339401,0.18007195689099909,-0.35801765868368507,-0.09413211006075288,0.32364054667481945,0.6092414490370873,-0.21824155372166998,-0.43232933360030584,0.3843975087211573,-0.22348845488350008,-0.2591983872016809,0.6973340693410015,-0.05581743520030636,-0.07233870224673206,0.20508249442099344,-0.39716320721489234,0.014463742365529426,-0.007765128077954344,0.053376667528407466,-0.16786428156887925,0.4765868439109011,0.7222489469282901,0.4335630896813201,-0.43209994345743524,0.043749947572055456,0.14020179581031594,0.4824227276712254,-0.013209974788463131,0.04512062380431315,-0.33469916300667024,-1.6274102946143438
Suppressive Regulatory T Cell Liver Human,0.2566196659237756,0.5065694769045151,0.06743083644008561,0.3549226181238208,0.030753995663673865,0.0004948802025580995,0.09774852883312563,-0.17409811902489267,0.11314222372667891,-0.5323220078138681,-0.25763452451019897,-0.41859895491157534,-0.8952586237896853,-0.2746218744325,0.02183213756403189,0.8476284793881047,0.3477209108066445,0.18288918638200113,-0.3710327281618021,0.13283779334476603,-4.479782901511242,0.12458878596411939,0.012075600613663263,-0.4553081877868645,0.8067113439065448,0.4465134964193978,-0.15923637165886098,-0.020443200104283958,0.06289634911000909,-0.8346291980109499,0.08838100840161227,-0.25797340945882347,0.6637835059604799,0.3835361777295033,0.30240092351324466,-0.577490324870204,0.23758306715494745,0.2979275176860138,0.710938953980235,0.4648141055583589,0.8241990307282221,0.22213930797180864,-0.10776453885100926,0.9283266907421768,0.13847157054754652,0.13498237564409543,-0.48398375014849687,0.19287284631102034,0.06129690751652447,-1.7503730004755411,0.10211057650199125,-0.2693228215513861,0.18391225665702965,0.068719893836211,0.37247394214300295,-0.07834947985573419,0.443765581057436,0.44630654928268715,0.8674189886230897,0.10270964413505228,0.5993059859099655,0.7839010744898526,0.5888444781707403,-0.1539364361082822,0.3475097839000085,-0.10250008638135268,-0.16779775171015698,0.799042771522235,-0.45479174047556664,-0.47868454223625867,-0.23989262419857374,0.6580581800414715,-0.47868841498308723,-0.607745994624403,-0.2972059753332377,-0.3656183641719291,-0.6790276413963046,0.005026937930700171,-0.3720344707883798,-0.08467573200977464,0.24056942140835041,0.620984043125665,-0.2546365000840413,0.7128967109411884,-0.5552932698211357,-0.0666313926555308,-0.6348249755562859,-0.10500729929123802,0.08743818107490336,0.3496503744323985,-0.22181196455384827,0.10976833368559372,0.028967095433381888,0.3558430402349583,0.2794388753857359,0.23152648606258452,0.5944681088661038,-0.05048335719346502,-0.010803526832894051,-0.4510419242023574,-0.2765766305253079,0.20480682847265938,0.07280559713670572,0.08938662505830805,0.6049397189882313,0.10998720732216825,0.5565942837720927,0.1367726832911519,0.3234378662277021,0.11114458688235082,-0.6856151725770144,-0.12347034216952016,0.19217110353374847,0.2751657782311633,0.1637459942934657,1.1690811075199767,0.12508290534155053,0.0272446385142728,0.1208153652701809,0.8306956411514158,0.37982485348071965,-0.203057764507895,-0.7678894816047579,-0.6395508029002345,-0.3016435150054785,0.11991225336151633,-0.07384677373242146,-0.24485663335311714,-0.06906686690786752,-0.019483703445138716,1.026436215292016,0.40578829499845437,-0.32506116454694917,-1.4373209583549194,0.14836914430487186,0.31580518914186256,-0.4510690677433652,0.09279292246675354,0.2815905672990454,-0.39346604893249737,0.0966056988181306,0.25694034147513506,0.2903496557961256,-0.09448799084964041,-0.8823423252883966,0.23918778628892404,0.36740196215956245,-0.40327196490473455,0.16322000964463831,0.15372503560246809,0.13470711048030862,0.6775188645286281,0.4438373375171,0.08150031967312646,0.06445298237757316,0.635588555999849,-0.2699936746022688,-0.3461741138076428,-1.050862673892382,-0.06045513728076961,0.21529086952301948,0.7461254646895384,-0.7115276312981168,-0.4823290364569436,0.3432866604016839,-0.6351614867755244,-0.860991110832008,0.1328909912675651,-0.1753300070987184,-0.29721672829427664,0.230818812109595,-1.1442450100980723,0.18440725453389606,0.2283281769521042,0.7257425860535067,-0.39530037192969003,0.026823914257964147,0.5062462273364463,0.5685095296871991,-0.24020683581117316,0.5055101269966934,-0.40245151703142057,0.4847723192165873,-0.09930744760433938,-0.7352770192757271,-1.2756338742350464,-0.6279746931460921
T Cell Blood Human,0.09974013569748352,0.27360450268636555,0.5845431917391996,0.5780396615859954,-0.26751841626773654,0.2948022473442676,0.0028155756847556704,0.1469683006899764,1.2399663815467779,-0.5306492161677794,0.12483002426514275,-0.9862824554471991,-0.8827340294640169,-0.2510244061039719,-0.1920450382561403,0.3647605808745261,0.8968137577356647,-0.060532447270602495,0.3055238974743115,0.26341383934738705,-4.180981730382027,0.16452392328990348,0.23169835830041804,-0.7800956785231354,0.1368630426379049,0.048014731923487076,0.09213522528054686,-0.012054482283305887,0.20080000863897504,-0.5070284430128983,-0.04155989187548095,-0.3400079887542272,0.16571947615753996,0.9089523895982465,0.2408807371805518,-0.17744268581361575,-0.018597876123712106,0.14664571229244913,0.6916903337952361,0.2962051052156228,0.8813875551606023,0.7271880488606237,-0.11480973759756119,0.576662660240748,0.4538709203234581,-0.16393126391151486,-0.3270687461887014,-0.005229044508052976,-0.19400701141824067,-1.130496625641994,0.29587494279098814,-0.07083515438839134,0.2468795707244116,0.3235808935013501,0.03026479204825415,-0.025157912985410643,0.6768703943915775,0.5723749756126475,0.6642395942429066,0.20843473799217804,0.40113018662575634,1.218707006718655,0.8870404012616872,-0.4720248887990045,0.4476850731268283,-0.3005006931602043,-0.33180651228483915,0.7630631885982199,0.3131131325966994,-0.6122505340669281,-0.4356384820715217,-0.016182573832632913,0.034480703136759584,-0.490964624390638,-0.3212435754289468,-0.30351309206642973,-0.5535871917275822,0.27442915682079544,-0.1684272470512441,-0.6063397270147692,0.2902180275466596,0.5882394390160155,-0.4230640117292495,0.8023629626664535,-0.7841153365787269,-0.395244343960647,-0.33984865843594114,-0.27191519980019063,-0.11261779031323428,0.15191808128537876,0.004590204358543579,-0.36238708676949166,-0.05765217415596761,0.261952756786112,0.752707673485156,0.5142911023825955,0.6939660038075838,-0.3057711617884554,-0.3983433283145285,-0.09433189740796198,0.10749562531279913,0.9223005608733129,0.6521590835124674,-0.05732925331492845,1.6622039168574099,0.15962058164501755,1.134822886151813,-0.3195496459266061,-0.1917008842455525,-0.2895453912174706,-0.7781044296316825,-0.49760189237324676,0.1660925903158954,-0.2124282917527724,0.23018975617413961,1.0257839722035649,-0.14955865830080828,-0.49100116022488094,-0.0687442051284085,0.37592669755356484,0.6958502562820098,-0.7040969991135853,-0.9659132614988001,-0.47512641784720294,-0.11715784039250698,-0.08504527477672671,-0.3844266065821417,0.05127329303738273,0.2558219061477888,0.2756626514083995,0.9085123605871006,0.3045828773549293,-0.28084615924602574,-1.2792155335800435,-0.5837697003891767,-0.10844731147346519,-0.2684917149901623,0.3665352029751038,0.6381720016970432,-0.7518876392075288,0.22639067217684739,-0.21499776973924495,0.10527846788411291,-0.07887692599057217,-0.743684132630862,-0.2027598964422958,0.487196915511152,-0.99221803880056,0.3165826597778378,0.05185718034112965,0.4110166208385759,0.34779677354233146,0.3692873743500992,0.1139655446421713,0.07612365584227114,0.7699777174582824,-0.3100898073579639,-0.04419911766021151,-0.8913165023903065,-0.40148147613128077,-0.34988218379028546,1.1626785805925117,-0.2853115769401333,-0.14806419127215878,0.5562987249109196,-0.5016106131605229,-1.0894877366787612,0.09370319903047349,-0.1215700729729844,-0.058296011676124505,-0.21488357138929076,-0.9223730480157722,0.3928403930008089,0.3189991042214189,0.3834382146010051,-0.6054280430025675,0.2873940869353191,0.745801939099266,0.18069621652170886,-0.32206895295775867,0.35448072684227916,-0.5297460090667405,0.4283716104538419,-0.2484133098876291,-0.29426231906895367,-1.2218278335111543,-1.399960100473779
T Cell Bone Marrow Human,0.3294311177583306,0.06931055091504701,0.47078141576470245,0.6197911165911654,-0.12302256678886776,0.272992411946314,0.14724732014650166,0.08340959588134032,1.1879922815194701,-0.6345963942787717,0.09255693935408635,-0.7739947446976785,-0.8430271715309062,-0.31167830161760063,-0.230066632284432,0.36149123088189267,0.8348495854055965,0.14740431561406284,0.13000711098667422,0.36575143954887307,-5.004613276056162,0.4254154070110032,0.28834859090192505,-0.8456184762189138,0.3500851189759712,-0.032289116934006726,0.1804898526020974,-0.06281744825324061,0.27590466268227765,-0.7682711566750138,-0.023447149159328044,-0.43533085970710655,0.14784934610484698,0.7803002452946517,0.33795079620385327,-0.3100847616651417,0.12564064952407408,0.20980466868366696,0.6645140180889237,0.04479237957657563,1.0156442115044368,0.6148913325374427,0.13139708879546055,0.7044193249621666,0.3896889442665237,-0.05753125259410375,-0.31900848007297655,0.10002096113897166,-0.07471612310478327,-1.3064218156422887,0.3970259453099451,0.01103142807750486,0.3457399223139394,-0.09366811807512242,0.08789976745491343,0.10415722153606709,0.7094820555041693,0.5254587897294891,0.775806260069859,0.49209384192315364,0.6367178783773874,1.2254782384380514,0.9826933369662185,-0.5040301976424363,0.5921939801319804,-0.3271376995255283,-0.11272118224978875,0.7292834488657063,0.39937763728762277,-0.9093684122478822,-0.6285058715471008,0.06341960990294236,0.04671149641229009,-0.5350722476170773,-0.4642945444242415,-0.06706300679330153,-0.52372772490248,0.03011964989593457,-0.23109011295819806,-0.551854277081296,0.35075952776081404,0.7892439361706968,-0.4198782208852309,0.8684464085751632,-0.796880075403441,-0.24535782666944658,-0.3879073333427,-0.15272868492206745,-0.19125099692394976,0.04264864931720507,0.05092254352338286,-0.14794998661595204,-0.07822657886144073,0.4261769666694199,0.8070036418793008,0.8016610897562961,0.7161047396430776,-0.30019508346974794,-0.6570786184649401,0.1298847763094034,0.05061311707225284,0.647929553948833,0.6542739370550827,-0.049652507037348304,1.6559550695182028,-0.08091773110589198,1.2422841989928843,-0.2829208933748101,-0.30209871944287103,-0.2300959366864109,-0.9896252518998915,-0.33422671042565166,0.1913438335080545,-0.05383658910059023,0.26637327138162353,1.1233755413492106,-0.03461903788471998,-0.5533463626609185,-0.010499530432210557,0.4421660384907526,0.5662845426463949,-0.7592357302300105,-1.0954250194738628,-0.6576294267271672,-0.09802181745685391,-0.0937084635756058,-0.3835826721883253,0.044891073580962775,0.20581939625017387,0.19701676201001028,0.9127964319186338,0.37157342717946207,-0.3077174144670461,-1.053633942492344,-0.5904355352960147,-0.01332079705421078,-0.594022253714051,0.2278828258257468,0.6853425947919881,-0.6318765699223734,0.3412421637011455,-0.34149958463889263,0.11436321631651515,-0.12525434533648766,-0.7814446793292859,-0.16118842394508848,0.5430690184691527,-0.8991531635069238,0.16563820901775947,0.16713925469415802,0.45062667367508424,0.4892972006598459,0.5384455151002854,0.3413554134799075,0.001362438895167377,0.7802199962420712,-0.19432881284447825,0.18090137336340262,-0.9365095427806844,-0.8009244824931001,-0.27525102998575146,1.3649147273290598,-0.39661709398171735,-0.07211192185298912,0.6060267431634639,-0.5735651959475294,-1.1438239331443396,-0.0012343667669722743,-0.11805231681116743,-0.0814472362441084,-0.2761979564713243,-0.9572344644814836,0.2128846462892824,0.18269802097757606,0.6664128109284685,-0.8534480826409571,0.15242918402770259,0.4785342563569451,0.33214194937924274,-0.3126691364069469,0.44608198292070156,-0.7217246027233538,0.46273451859942344,-0.25050855415349643,-0.4571049572617832,-1.4356331700405067,-1.6922592537342789
T Cell Brain Human,0.30359962707654997,0.07844312875810523,0.6000742984573114,0.625989047753488,-0.0824481678641091,0.36685544021064825,0.11796371391572039,0.006370132147817513,0.9226391519855256,-0.7059114413357708,0.05906850609265188,-0.9930852146207791,-0.8901877321723316,-0.22597255705357322,-0.2568459627202418,0.3374061898437021,0.9241457795234711,0.09924292723068018,0.19572077542465732,0.30046779782693434,-4.337166564679091,0.4561344501227442,0.2156856548721369,-0.7823958983999196,0.27953253313758186,0.008465945875237496,0.020077258566063565,0.0056530171744164975,0.1908317244072453,-0.6927550643284044,-0.1047894143428818,-0.3836202353638794,0.26750049071788173,0.8449297020282928,0.35777003397309987,-0.36576860738529576,0.06404759852041722,0.03436349110205831,0.8244319738865011,0.2866691694713387,0.9303305341081494,0.54644211917077,0.12434921690423913,0.7548840751421155,0.41223483491877666,-0.12159608269324154,-0.3860521823731551,0.11502521132240541,0.03351624626001286,-1.5905755550345877,0.39321206396376607,-0.028973267498830932,0.32286348922024155,0.10145110369452998,0.08132060093594072,0.0049380295243757295,0.6123319674863094,0.4989548389993388,0.7881797583514909,0.5353899026485518,0.6407628176414601,1.2431381587511108,0.9005320389015201,-0.47635407305731287,0.545683251547354,-0.2563361891741568,-0.2915269457933776,0.8105912085638649,0.25002708381555283,-0.7133455297934673,-0.525621670203768,0.11628713512357737,0.018517350348428788,-0.5736705489643008,-0.3695765049677842,-0.19280533654771803,-0.6351062604131238,0.09286189803015993,-0.09645538388899705,-0.4296845897534068,0.34511002137473473,0.7058019135331568,-0.4090513892666161,0.892785915361935,-0.8666229058149642,-0.3276374620356808,-0.46272309554703367,-0.24220113686280373,-0.22123479449247535,0.06939371607133189,0.0001370253768614465,-0.19483222995826688,0.07795300845589269,0.531150274234809,0.6169524358044324,0.503317047877093,0.7327640938972102,-0.3980277000393465,-0.5699001559395309,-0.10207525659351505,0.02930770926931475,0.7463294424512724,0.7075256608701826,-0.09295118015823554,1.5048652082723268,-0.018056421701682937,1.1157137015171446,-0.18363135228972233,-0.11597237216034466,-0.24113715164349267,-0.8940289214953422,-0.3043528919256806,0.1946461898814021,-0.08130009106921966,0.2503901534483494,1.1012292240586863,-0.03681587014500287,-0.5371507424550339,0.044404749891055986,0.4009297197722465,0.6426975397085852,-0.8029632597266401,-1.2873472604965206,-0.497334697790471,-0.18411071497687165,-0.16637747574543013,-0.4244863275495263,-0.021440798555811755,0.21613139954052044,0.156607823961088,0.9142240550048775,0.37034184024587524,-0.4032011303736347,-1.2115702781218303,-0.6573864421422093,0.07145578279109843,-0.46714562093070067,0.304101480996082,0.7014585948288946,-0.772912347997831,0.31507120814348977,-0.3759950258449324,0.12828748602628437,-0.1847094078006585,-0.8216796785265795,-0.06030883056172311,0.6056115603387648,-0.9298338252336825,0.258308586481448,0.09347331982859049,0.3279004253066108,0.5527080103729317,0.483333622089021,0.2154136763539289,0.14655948231555865,0.7992331143673376,-0.4747471504585804,-0.08353972847553254,-1.178558878736219,-0.5887445731680785,-0.24638610675752642,1.2159489415164233,-0.36820339632017507,-0.19188537471522082,0.5047499512519469,-0.8231490849272567,-1.2910705160351799,0.047089361118416294,-0.16663770034800054,-0.07847491036959048,-0.26527521609551524,-0.972519655580801,0.42053655386662386,0.47664073738796287,0.7526301629580721,-0.7324631300285551,0.2510608593452508,0.5922113363881546,0.4588836285195729,-0.0911892947275656,0.5794778044487963,-0.5812241634705048,0.5218481314332595,-0.13116611522594313,-0.5746966156876028,-1.2076106773764363,-1.2379326709343594
T Cell Breast Human,0.2782257296174417,0.03770665128074974,0.47766756377100583,0.5283966271349672,-0.49540161872580546,0.025133809253505265,0.04381300516637055,-0.09763294595964732,1.1150099910710582,-0.5703791463664161,0.4097536681548924,-1.2139154357574753,-0.5847295480721757,-0.35929783710799745,-0.17585224258054513,0.25438492166098237,0.9784495254610222,0.05015295614738095,0.49108965800739446,0.3319787023957519,-4.734113766671878,0.3797547042785268,0.32799234679710815,-0.569917450803869,0.24606882135201683,-0.1313640647658555,0.006981278338376902,-0.08364151646060436,0.2824385474854111,-0.38532858480227594,-0.42004605882283574,-0.2502156851848596,0.6149659181502487,0.8525976823250592,0.3239512278845681,-0.12683070542532876,-0.26152944639025955,0.020358765298621857,0.834488705058786,0.11732135521257328,0.8677468905135666,0.7133374128288241,-0.000975208428758638,0.5704228350642486,0.4387892873552034,0.021695113871213176,-0.12937603411298915,0.11056137120976134,-0.31129215857884635,-1.5696208459009438,0.3354791926759812,0.12293896527847942,0.46684279357431513,0.11730377553963472,-0.05322898962981529,0.14171190534225767,0.6138801690536838,0.5497859051735933,0.8312041704607847,0.3464336059847592,0.7216623534994644,1.2241786200277018,0.7532526803035514,-0.9145288588492222,0.4454161498826317,-0.18081896852960533,-0.2966804161585332,0.6385345024845537,0.4121999822105616,-0.6614734297115898,-0.5057689397297628,0.03132719163755692,0.4301596918238792,-0.5403868586472828,-0.2359027235106836,-0.09482845309613307,-0.5290735274000177,0.12923325625110652,0.012559824623873738,-0.754055206186673,0.33158744461553746,0.4891060378392754,-0.7608380990392731,0.8780350017251755,-0.744992728537775,-0.4038194664150162,-0.3182161762838238,-0.2589726878879904,-0.2741208135858631,-0.037105225056491636,0.29333336916623975,-0.4084202200967083,-0.18183767381737798,0.6018574372230424,0.7107297869003876,0.6718684098217386,0.7817872628872311,-0.28891077673241955,-0.6920565042869647,-0.22872407081370183,0.11234827181532957,0.8301965195549512,0.8867208976424975,0.04692535452597893,1.6790830975604236,0.0035014620114836026,1.0415087573252038,-0.4578987011558222,-0.6276990615622677,-0.5904189909154933,-1.023645504173089,-0.7627638691334684,0.17406339014039438,-0.20933988220757216,0.30569917406816194,0.8166193405535821,-0.26871254109689563,-0.6628355726038403,-0.1530285925606151,0.31345753489940786,0.9196955090221417,-0.8576483376747126,-1.2240439775266627,-0.5619570554631257,-0.03104511159615011,-0.20001894319942357,-0.48119914638876055,0.06956332324997509,0.3132571606749761,0.45520988539072316,0.837643622942253,0.33985678884260256,-0.24185110787185382,-1.5663117504130237,-0.6666876011252633,0.008890345836621166,-0.2606362603991391,0.46841696422571727,0.4990212876081016,-0.8645351249572925,0.20981210762690033,-0.3823560640317328,0.3027235880752569,-0.22272490891288207,-0.6432291496606906,-0.32598444065664944,0.618346768553984,-1.4032854521288292,0.19751857710729162,0.18248193371363622,0.4108317582018491,0.4083782628034091,0.2390379454680313,0.01786545762256332,-0.07024280565500937,0.8174755709589222,-0.3830818648502021,0.12665683062208416,-0.8756073401461675,-0.49509889080576197,-0.22825568024509235,1.3394843307744488,-0.13316911898295236,0.030166248668608363,0.49644003181900853,-0.7077665703168621,-1.1554613283493713,0.08740593851766378,-0.17527682207979406,0.15240243143189128,-0.3522717815106519,-0.698181088853866,0.37079024951515804,0.5507930161502439,0.6735627857018873,-0.5875616751195321,0.40098285460831157,0.7434202670174515,0.40801466686471094,-0.18953468129500733,0.5181387149535184,-0.4226238408843953,0.6566713771683228,0.056890601079202865,-0.24767537188199648,-0.9852993868506609,-0.7384290509038418
T Cell Colon Human,0.3893017234371595,0.09858975747735618,0.806059310522372,0.5405530713607594,0.09997480528966032,0.22941734665653155,0.30316598497224523,-0.014834375505443542,0.7232789999155927,-0.6459887800979142,0.23395412674924085,-0.7445282602009822,-0.7005767644073227,-0.21310456321539434,-0.46406992261559477,0.33384812647229345,0.6321191047607375,0.1979081767524828,0.17553755321851452,0.27695643403237474,-5.959423503030514,0.3795465711715356,0.028544417450926566,-0.9541207875014008,0.35471464420634824,-0.06306627471460421,-0.05061758252357967,-0.13093891713477157,0.24285441668577365,-0.7286506986335548,-0.23270993259035036,-0.2588371329397686,1.2164759190337169,0.7405505828788408,0.2647647130740609,-0.18606063959634236,-0.18155644989795014,0.06091561772727902,0.8775422628409113,0.26660000264407774,0.9616651647009761,0.38278257581217434,0.1643789333484501,0.774998187761915,0.28671231298800764,0.040494760863630345,-0.2504841844835818,0.2645953578321963,-0.09837162456719496,-1.7911001542870477,0.4313153424763443,0.09495364929897784,0.3006662464645248,-0.2602612637653635,0.24998270792972507,0.12382794533894058,0.5776456517787916,0.5541274537239288,0.7928091796392244,0.5656003089606743,0.6432516475614604,1.0603108148715743,0.7098395540226234,-0.35302718085542384,0.5319742625649349,-0.004313599977523251,-0.3555902897283004,0.7685922689272378,0.3669426953792991,-0.8174876569731625,-0.33680209826543117,0.23494731616431402,-0.0162901047989073,-0.561966158984327,-0.3367497505592434,-0.19455807212987924,-0.6790496263902848,0.15095448062019,-0.06621559421921988,-0.08231546635474629,0.35312674909250885,0.7875981690273786,-0.44190549471395824,0.7395332959848248,-0.8369803093797723,-0.39083814453554305,-0.49494895149620854,-0.20777599310760478,-0.21802768780557735,0.07911809045676796,-0.10841114104999033,-0.3349846905326882,0.043525439718141455,0.4817204306440338,0.4629638897923305,0.3883029212697399,0.6256591199536433,-0.370757784237385,-0.6403527110261853,0.12872800104880663,-0.056641542689847314,0.3361478084865537,0.46713745160900555,-0.10728407938603449,1.1090576320781595,-0.10378170355124253,0.9170248332186709,-0.13499017297079113,-0.2515880850560609,-0.4039499119991073,-0.8361067010796089,-0.31983639133990266,0.14753238121545414,-0.015584954779765976,0.3138205176626607,0.9916476035715764,-0.28573116107050894,-0.4811528380952766,-0.15893578360845026,0.4121337422376581,0.8576890159795867,-0.7391718392813388,-1.13782578874414,-0.5126315922678989,-0.01871588957954422,-0.24298855394421906,-0.4179868500707551,0.046279976199040125,0.36108509199525635,0.4279641867574526,0.9982518499691676,0.37080574962648766,-0.30256961170926144,-1.019657886645659,-0.5434386777546153,0.28310747684188076,-0.4075557666513568,0.2589531916835135,0.553226992139639,-0.786317123243508,0.19110784840735032,-0.22778414064577265,0.27162553866196537,-0.24498141108032484,-0.5635672292504335,-0.07326281404856033,0.513577137033936,-0.9781588345295816,0.4431087187843559,0.14997829710078253,0.4915229957587667,0.6795936512031477,0.3021124362134652,0.2931170487903044,0.24427420999270025,0.8763890488060271,-0.3877577281697234,-0.1666797126014782,-1.1988580371663746,-0.46267287715744093,-0.21509679077416302,1.1410383639217099,-0.4430087932256516,-0.3886397678949707,0.7023704238969883,-0.637081695550076,-1.1957436360946607,0.12338835933511834,-0.06981363240562818,-0.24212845938765218,-0.2568512864094661,-0.768060417577855,0.4407560485613696,0.446475214432484,0.8890885400505353,-0.6973375990448811,0.24730038428740025,0.6675410590760036,0.5844824818799691,-0.14307946669428037,0.16937641730873848,-0.46098604357833667,0.7520011594959988,-0.1465016071111272,-0.42962657301931007,-1.0838655740828171,-1.5242721277704774
T Cell Intestine Human,0.22089805648975644,0.26246988022786827,0.6763549911134213,1.013715237479727,0.27917519990016887,0.6233724453971491,0.09194170594450878,-0.0545809548178858,0.8819171653963433,-0.8233448955706725,-0.2583373953374316,-0.8129668754730893,-0.7458321215243341,-0.01153667795136941,-0.6553484488441252,0.20364163396712448,0.8132952403872501,0.34333770365460164,-0.23751122399093544,0.26453272598487454,-4.976031368294265,0.44021878886126725,0.04072660360044075,-0.6334143539030896,0.16381267325538343,0.04661469473867288,-0.0673488613625027,0.04874173164797098,0.04704541583773447,-0.8382208069811053,0.11408414213154448,-0.8078691687969063,-0.1565437429125441,0.8548444601283588,0.2921493045495639,-0.6558034696327147,0.081249130678002,0.052520792755891985,0.6903669778633514,0.07631373062839795,1.234521328534148,0.4400821810788693,0.10883283502985969,1.1179656638974176,0.20415399197264808,-0.37946078148586565,-0.5516466074520904,-0.08570455762946456,0.18469086056439538,-1.6765668121272674,0.2947735650624575,0.006842595209583433,0.39702967544570406,0.19186945538056246,-0.1919154731308134,-0.027155836970044953,0.8147934204604398,0.3070027161457251,1.108884586977768,0.5691839396276532,0.6456135138798692,1.2388324013516927,0.8896861444271238,0.14009606839734987,0.6986863147676761,-0.4922917411322463,-0.21027109125044363,0.7567092561140805,0.4276213331234919,-0.8399782833553108,-0.6798097751342709,0.1610886754926324,-0.25467906949564834,-0.887772599716682,-0.674050295313009,-0.10755902929623878,-0.8123304726972248,0.05125483723900875,-0.1108730532496436,-0.15963053493368998,0.2400213394244054,0.9529073947099863,-0.38158550991425116,0.8542664846458572,-1.1270780236705011,-0.10464130843271352,-0.5431455525453995,-0.1629743827107558,-0.09735024811179822,0.08084722698709841,-0.18490944837886072,0.1289875889354989,0.20852657753663403,0.6800165503130552,0.8731251097721097,0.567526478483249,0.6537597373541901,-0.17140545229037016,-0.9125369613402257,0.32411335438453653,-0.2383702308396374,0.4461630298058074,0.5491983858113265,-0.09577358421280448,1.4061441780525878,-0.059825135851354,1.2520670939554093,-0.09688696756400256,0.27568143359846337,0.13593899827098888,-1.1902243832920172,-0.058891511985724926,0.262777367159974,0.21826576871584508,0.17699397501360326,1.120188053575038,0.09201329304231827,-0.3624481376264019,0.17674003479277112,0.31617914995115637,0.5926191758719122,-0.7868405199280566,-1.3081554878607515,-0.29774956754077814,-0.06676785817052867,-0.2247164432775274,-0.38764827032885113,-0.07818565355674705,0.25360311483230313,0.22029207234235057,1.1787732328488907,0.3317403340500529,-0.41640586482200503,-0.9270876689515295,-0.47512370608948656,-0.006909234951918439,-0.7899539634102751,0.20751609512325853,0.8900377440331748,-0.8714888264813575,0.30935478551041096,-0.31991958761686445,0.06704112270551767,-0.02334128619524722,-0.9589908292821953,0.1543957166448663,0.6132607883938982,-0.803062603482093,0.4778576166533808,0.22530432903314176,0.4596072790920006,0.7213758983294046,0.9153848551092278,0.31475753129484046,0.1517718063876197,1.0476557729132525,-0.34826264758335895,-0.1225684076587072,-1.1332375303482656,-0.5003841975354942,-0.21576001950227977,1.0755308648603477,-0.6956611969846734,-0.1850572775659859,0.5479396050263369,-0.8000363699035327,-1.607807951996791,0.0437294626514143,0.08320834194259821,-0.24317249677860683,-0.390329642236761,-1.294317611717076,0.33762104196831066,0.3213935312025147,0.9183810858586561,-0.6570600290459332,-0.025831695443137105,0.2866846199603805,0.29871649994214217,0.17688900683922856,0.6544499109726186,-1.3704401176792338,0.26991403272184966,-0.2707349708098689,-0.8576119885530182,-1.2542542934944998,-0.3735026368941414
T Cell Kidney Human,0.17965687020117463,0.20954899165779367,0.7807490527591454,0.5558995190889287,-0.3139939222553273,0.16970065547937555,0.08141429452636433,-0.09418731562755138,1.0726061360709775,-0.706453455919996,0.08299725865739448,-0.9377599643918849,-0.8263858895749895,-0.1863064429307057,-0.21084190378564244,0.43168227226286116,0.9616480389105366,0.0984524909232812,0.2803324049604906,0.31160812469271637,-4.71937671269285,0.3586670605394443,0.1366603949670197,-0.5511175441862696,0.16842684603804264,-0.07342951220322999,0.012533831813140656,-0.013092200248486077,0.11475476640256033,-0.582732717128747,0.014962374698848258,-0.3022962550063506,0.6916041040306429,0.5838077891112954,0.3268516450812488,-0.18966590248101578,0.2349144665448025,0.06548486662056752,0.776748863043598,0.0491426495940006,0.7968877889262457,0.6854162084402102,0.1150982397124329,1.061280762622085,0.37283231046427584,-0.16877560441911138,-0.404385036469297,0.2085562363757,-0.1909974568027056,-1.7045168282201941,0.3921866718758213,-0.046622112488773314,0.32746322833372665,0.1385882301992064,0.23358107284374752,0.015700839357223766,0.6749868062055727,0.4558342692924051,0.7497499804598037,0.35369208147508224,0.4441829893996895,1.0619364132609892,0.4614956187284479,-0.3253614734121882,0.4526073855337266,-0.030954816517313972,-0.3387736388763625,0.8072052137402409,0.03575333434110671,-0.44148351803465663,-0.5992337313039454,0.5574348201433367,0.11411274232896143,-0.5378532611738194,-0.16973090404830576,-0.10618134183447621,-0.5625001905659986,0.15301986314394067,-0.19618192988922792,-0.4886054316971234,0.2599714341982641,0.7870573885698617,-0.6114447000973705,0.6109740960402127,-0.755356338637889,-0.4165853781718841,-0.36430192897566716,-0.4372630154256886,-0.13695302758642416,0.030420452280629312,0.09060807208858268,-0.21625822896049063,-0.15119587055675685,0.3501406077750779,0.8447905076909713,0.44418171972025194,0.5427392687503085,-0.40637914980701095,-0.39357778663072907,0.1543191245972515,-0.034797622285865845,0.8187082026679899,0.6851841140785142,-0.07992747448754196,1.6730277317465183,-0.06395700172421963,1.027177521959761,-0.30697937996495145,-0.04860382555457376,-0.21239908655808945,-0.7975914307957159,-0.4343306280231515,0.026608530972883272,-0.10581186876073567,0.00017858045423288228,0.8597831055231525,-0.16817707880879454,-0.6377359181370483,-0.25050409811500246,0.35868362861574415,0.7374510981216399,-0.6227982407957604,-1.2972379950709467,-0.4556690234319302,-0.058069527722595535,0.08856910359329867,-0.4645819501379985,-0.06336524436475935,0.17581524844513066,0.21397950965908982,1.1546608919854158,0.1974640134877964,-0.4149651106358629,-0.9274661277856806,-0.39588774108972974,0.048767006759269274,-0.3625639585258105,0.26159870599161683,0.6608873363834084,-0.6702125595208567,0.13198692040964083,-0.3205896700454919,0.23030352056617462,-0.03535402968619331,-0.7784234054547622,-0.20055825848582484,0.6204320706105335,-0.9663897173542322,0.25312599734203767,0.13552479820840965,0.4565298928217788,0.5392859743313202,0.4044461884216542,0.09332706428435804,0.08912392294630185,0.7161761747137614,-0.5185877768118461,0.036815356333678294,-1.0835093253742396,-0.47957079961335136,-0.14864368019793073,1.2306879461611497,-0.30061002543890347,-0.18597350805507926,0.4829606313218962,-0.651896937350478,-1.1654735918305048,-0.07157607879526337,-0.04062389208840515,0.092581433926093,-0.3164296678991606,-1.1103671266354265,0.13888005337781056,0.29580122554126176,0.7329233678458175,-0.6285588221166142,0.29842482160327855,0.4557205081345897,0.40236168182338927,-0.17570200379229023,0.36636991518380096,-0.460423886226229,0.47573845747490606,-0.019254046013714384,-0.331140219056526,-1.2487739322265277,-1.182558069537683
T Cell Liver Human,0.2719518541845813,0.26147630463939664,0.3978580449706634,0.7183522078795644,0.009548274979411214,0.3848504938819057,0.05337989853350057,0.04218513069931634,0.8604547894724299,-0.5092825907291525,0.05413264216815604,-0.8059619602306186,-0.9959650257642231,-0.33024396891957414,-0.24931458766950668,0.3933737887971704,0.7094502149406952,0.06178752292027881,0.31572016852445667,0.15401413483672846,-4.573172604686771,0.24617896016577223,0.08864652666488365,-0.9163817763744474,0.366611782772685,-0.03908347589090224,-0.04888487794194499,-0.051408780412124426,0.3439699135821216,-0.8638872043086315,0.06017691469231016,-0.20491398180195666,0.31287330395979074,0.8616208013848035,0.3416765463252765,-0.2823866005813942,0.19060673618669624,0.1632714524211795,0.8149278089396726,0.3175248873754791,1.2047877148843538,0.6068740583149478,0.03655242004509317,0.7700361582198778,0.3745237206525835,-0.2025435911147614,-0.4041248076382967,0.03613646374729945,-0.17545237918900022,-1.3395421689023492,0.2975431866681804,-0.026048779241319032,0.13552890039606133,0.023471662718108164,0.12583811889284,-0.015018814026063643,0.7301757857335016,0.5225029055115868,0.9633558825433662,0.37961065869654054,0.5420229546053649,1.1658887688736972,0.9713854726405771,-0.34301516810824156,0.518763204585382,-0.28974004287114363,-0.19128574977072943,0.7208463307641595,0.3103814935216701,-0.6153765289893329,-0.47205930055399525,0.03569624591453108,0.12138926906035606,-0.5179899656329664,-0.39178138207947627,-0.30647935733793336,-0.527574760538855,0.09887515918598105,-0.14683168132840577,-0.49806431553204394,0.1596636229499318,0.8486349349855364,-0.4217360435847426,0.7442007685230343,-1.020321130667533,-0.3166769975658234,-0.2531078612301246,-0.12382777005758837,0.0030572806057341632,0.0795187165359609,0.06753444482327753,-0.28550678679683833,-0.1671577325006911,0.3519632554210103,0.576361491207813,0.5099184576512962,0.7318303579873758,-0.390991175481708,-0.3707254788250332,-0.27297322139993146,0.11655239697787059,0.7783611922091275,0.5833539051034805,0.05329473408463889,1.4822472398993092,-0.010279799012850088,1.1371155656486613,-0.14021188151789613,-0.4157150523624321,-0.2325608144401626,-0.8273496602097979,-0.42392017990724074,0.22059702144807558,-0.08632741009853423,0.274049663547928,1.0336734421014315,-0.1417980428162981,-0.545304468008962,-0.0006394680976078309,0.44624082069098464,0.7346083542947414,-0.7038229268709051,-1.0435065128721719,-0.4584829170941472,-0.0737272345296383,-0.05086319501072253,-0.47250882788772597,0.017887062261939344,0.2409780583394802,0.3073246936871204,0.9355563969651282,0.2429741494495531,-0.341465118445054,-1.4591686839905422,-0.44292553884318586,-0.10273287493821222,-0.4055981075367095,0.26875473672394384,0.6151857163680234,-0.8557524450230869,0.27619701023032295,-0.18828349208066303,0.0846272314728695,-0.1793024342431534,-0.7231733761365936,-0.0918600579218275,0.42273690400455,-0.9510887922469022,0.5043816917840789,0.07794258720892104,0.43975699161370396,0.592346271619058,0.589444378198289,0.24427244827324035,0.09522773550712409,0.8217178969994763,-0.3909568713898464,-0.06984491032706679,-0.7806403441983976,-0.36688805777030953,-0.25427743336447917,1.0892419834223925,-0.3932308024260608,-0.17673260332356147,0.72535263615912,-0.5870132390798719,-1.134417690599887,0.20862250855989697,0.032102033326310314,-0.034485735603548784,-0.2907790881708824,-0.9726871987590641,0.10506261765983645,0.2154244663258209,0.5626174578586167,-0.6404099021423523,0.3389265801825583,0.7550954979931576,0.42074634911652214,-0.2707934039971368,0.13254660721174974,-0.6828358045828582,0.5885269334581136,-0.3124969489139511,-0.5246431818187012,-1.1854932437852665,-1.9793267420807308
T Cell Lung Human,0.22528893753705137,0.11643926949911348,0.5074771879169686,0.3954491508474981,-0.3976579675383528,0.054239213937708655,-0.03124162797599369,0.027096582227797903,0.821111992816272,-0.4953035226935084,0.211081051095241,-1.097935964972585,-0.7516742157303025,-0.3534806288683934,-0.15110607368273216,0.49042454199752417,0.7334411670016627,0.044671852420632256,0.2488421347567878,0.21364248152140017,-4.294786009431484,0.33708054328472414,0.1592511702539685,-0.7016989341458453,0.17583716957353998,-0.07262233532670789,0.14419370083309843,0.0014265277742685767,0.18552839208827263,-0.4290488902536318,-0.23888289561598403,-0.2147912062216519,0.4151513043018738,1.0781582452641354,0.13536750866970737,-0.1497114959941634,-0.11703945627701076,0.11870006090972939,0.7663844357580791,0.16832744220005433,0.8454158078147122,0.5593082715947942,-0.14663422953284863,0.6022104502164193,0.43722113608472557,-0.03100276554462669,-0.39259553386180374,-0.052418189698114785,-0.2425112625777554,-1.1982207374179887,0.3154950278683545,-0.021780416212858887,0.32470049344966656,0.32808567586746207,0.13562955071709248,0.09013111507828989,0.6360915360507342,0.6007574261066855,0.7782366992442084,0.24135209222944362,0.5285809302777544,1.1630733349387583,0.8584657684636822,-0.6067613631457741,0.46561223633544313,-0.23343860493076996,-0.2612289867936933,0.835465809758746,0.3382135856758416,-0.5704274688027792,-0.26370285026366364,0.04126847865583005,0.1610972166246854,-0.3577689711496496,-0.2516645013670324,-0.2820465400213081,-0.44196151572054687,0.26983533431598056,-0.08773149854151616,-0.6125406859130577,0.23997422181208822,0.5598327434751942,-0.4987073281578733,0.9397887306328959,-0.6415068552532971,-0.38689538861989836,-0.2477477435205622,-0.2757169697969379,-0.10983395087456173,0.09586143257942714,0.19485831473513213,-0.40156266919133665,-0.12099974204107908,0.2167531288902371,0.6418787771894657,0.4197999895649171,0.7311949047720443,-0.3159813309449669,-0.3269541100445006,-0.14750377535775347,0.21122509648965263,0.748670312532973,0.526661281109348,0.13878385773587612,1.4475518256105853,0.16447041571665036,1.0155297491644488,-0.3546244038809571,-0.41028199397561327,-0.39870610886986224,-0.8049273537114725,-0.5801706623266991,0.187300341533851,-0.12420976660026223,0.2427725014857396,1.0090274949128046,-0.217799935932698,-0.469817055901872,-0.10782264153534381,0.3571929392959651,0.801777625193523,-0.6307400409410675,-1.0961717253697445,-0.5486736708639326,-0.131926414362188,-0.05932524900661217,-0.48441371986938353,0.10212558952799457,0.2641375772042112,0.37407074476114255,0.8588163451266605,0.281394408963369,-0.28908064634556047,-1.230024908778749,-0.626601763283893,-0.004441458054166616,-0.2535326194282375,0.392822563394754,0.4438463511680511,-0.7943191538888157,0.16625018534137562,-0.2987365201932047,0.13699101637436267,-0.14605086060439457,-0.6708200574453596,-0.25659881592058764,0.5100530283142202,-1.0494550879079445,0.1352722113307171,-0.015630513445373043,0.41140270724880346,0.4751402708547113,0.35168157217499946,0.05441218952569788,0.1243878606558724,0.7142828780043732,-0.357792365150611,-0.13662930945703408,-0.8848992568903905,-0.5293081572593559,-0.22478184885606528,1.1215641712070907,-0.44488445396184456,-0.20993495554101493,0.6104401500835596,-0.6356914607630764,-1.0472975407998573,0.0657963443490702,-0.07464943283798291,-0.12157869598271018,-0.18034346360623116,-0.7906473475581054,0.4441953255245429,0.3871903218600836,0.40089088102034687,-0.6593859009252364,0.3961962112351825,0.8502352135398238,0.21294175309088356,-0.13814372718015655,0.3941196612765553,-0.40693139516736,0.5122961119574382,-0.1437772364245598,-0.24675119979626878,-1.1062307145274954,-0.9953305502489075
T Cell Lymph Human,0.08925083348883818,0.24871315542182043,0.30422181719868074,0.49487287603818914,-0.103025462563216,0.11753685975914774,0.007604026355079155,0.051644802282824406,0.6099382271859619,-0.4800752886480326,-0.053598724695708824,-0.747190420616496,-0.8512452529371392,-0.37079514338251873,-0.13500003998547316,0.5932197699086583,0.6320658694810044,0.05257975755188977,0.06082109758795264,0.15877316179920664,-4.372598439073861,0.12555662955194136,0.06994445215883487,-0.6430197227681494,0.2392933226158211,0.1396510194535015,0.11440580671842845,0.03877393295846633,0.18745102840044015,-0.6468214433039357,-0.2651605567015462,-0.2622777441341401,-0.07346933241796513,0.7485277688614226,0.28939144244075643,-0.3569724871086467,-0.0017154162424136623,0.40311970193532237,0.6368301016447131,0.24989268585939453,0.9144423389351105,0.6233079208416155,0.032502212611235815,0.6227199362602609,0.3339298682040436,-0.16238312843385286,-0.3205154300939984,-0.07207272926582839,-0.13868062654275726,-1.2137465940204737,0.16917266465746275,-0.08806968310341777,0.28136778245406807,0.09304405006013362,0.11604908234491533,0.09844345211129027,0.6044186734895896,0.48563495423965297,0.833800158088541,0.1764940683745808,0.604425836503633,1.0665062965430283,0.8315749666115826,-0.4625401317627718,0.4560774812061194,-0.17870281656298237,-0.14878272277594454,0.6930716025506517,0.15661762180359456,-0.44357689494756514,-0.1947343080849305,0.14846608980440504,-0.18034766136319624,-0.33499493530622754,-0.2009289174016847,-0.24326199255826983,-0.45531219738437084,0.18382469612023714,-0.024130946377227933,-0.6197162976310847,0.09132502602977076,0.45601565549444856,-0.2936486633016507,0.9021650449759832,-0.6709597428103178,-0.3591501867326233,-0.2766993249790218,-0.2659091176324553,0.09747001616326662,0.24276483298278623,0.224814832692964,-0.24195142362826724,-0.114987804817605,0.09312733471891976,0.5984150126660654,0.5015964746204474,0.6256541963811688,-0.16213958205002116,-0.17960859236763452,-0.25019619106836316,0.18939472696361415,0.6077057761673431,0.3304899925491661,0.20578367721979285,1.2796122586419003,0.07272678165818,0.9931171570705445,-0.2072362840880419,-0.14566070846221071,-0.38064582150504417,-0.7336507164210486,-0.35257005742641323,0.19655932710697674,-0.10158613602009636,0.15963740154841657,1.0962184254272218,0.01109562636086696,-0.2582363155194213,-0.05015340944789954,0.3653416692329264,0.7116527839464285,-0.40118861374576764,-0.9825770319154088,-0.20584357876774798,-0.10647245131749611,0.05334094612999197,-0.3318853863941785,-0.07805229139194295,0.18557961566933528,0.2710310812942868,0.734735914946892,0.29005051018375816,-0.273966092893312,-1.456352423541551,-0.29345255896765277,0.006265196752817149,-0.17252828058402006,0.2531101624053398,0.38184357985042233,-0.4786608309053748,0.1769112223132391,-0.16138158873930156,0.1468366937985359,-0.25880008053025133,-0.8437840453167871,-0.23357475325549648,0.5520471092681343,-0.8328008728255113,0.022438575591112137,-0.005793064511285384,0.25517973927425625,0.3489227135651581,0.40004446928029763,0.02365966505390579,0.06345245017345343,0.7392130654309357,-0.362841356371802,-0.1696721328363482,-0.8742674054028763,-0.38987244534951043,0.07961227871109287,0.9625087145556926,-0.39964835323666087,-0.25902711134405326,0.5642762610031021,-0.7538291090400787,-0.9452694737096616,0.11830245300586623,-0.06759647427749246,-0.15314130708862225,-0.08463769185261762,-0.7156461981347962,0.29220096556643793,0.3450994513358733,0.4540440624464848,-0.5210940395346968,0.46855704631688205,0.754297210459396,0.2090173948272826,-0.3450285034741738,0.3119958863248301,-0.5413600054860631,0.4121075866011283,-0.08681028995349559,-0.34802846274186444,-1.0108581157691083,-1.0831419655482557
T Cell Ovary Human,0.25181379789529346,0.14819041411042025,0.5491636300970119,0.5635067198611187,-0.41415319821358343,0.22373030642752664,0.3016149930066977,0.03257123175148593,0.9999349972808633,-0.46481275220527535,0.20082020368514975,-1.2074916090366483,-0.878948086098079,-0.34758818724620044,-0.034408014016225376,0.45844598122566715,0.9339239557703708,0.09655308915604711,0.26146564799841315,0.20988960711474647,-5.1492107406703855,0.36916835889876315,0.21481846848827305,-0.5670457826145644,0.28987302901900774,-0.06384374509940821,0.06628058487371259,-0.05735497573779072,0.1444713586157353,-0.6471611323281069,-0.31986003857356926,-0.25971662089231484,0.8327030259157493,0.8526649156251211,0.2719053629723247,-0.23252871187447482,-0.08268479522445443,0.27021180298107933,0.964441344469149,0.11150275101045873,0.8702008346844418,0.6328268872972059,-0.007076566033813488,0.7569591947331769,0.5263863902632459,0.10921904834559253,-0.30400638969466304,0.20482661657983067,-0.08884775016577078,-1.7748868669677578,0.33320994651562674,0.05340673075076505,0.38564902724746664,0.005737074436941743,0.12762322810418825,0.09086839108586524,0.5785574404166776,0.5481177516801102,0.9355929978219371,0.3637522082865606,0.6216239332353538,1.2074046227075386,0.7004927248116217,-0.8770638069210838,0.5613776188946483,-0.13638948664089903,-0.3512999350657787,0.9650392833821222,0.3230975088811395,-0.54273397358159,-0.5044982188365762,0.12923461889028995,0.24513535461680055,-0.480058892800974,-0.22046710487965798,-0.20062945384928807,-0.532663387108719,0.1859579135216803,-0.08972158784509861,-0.4570607690632193,0.30174797864717645,0.7351652640929944,-0.5896074742490737,0.7630028829984474,-0.7167985531722054,-0.4245259202061202,-0.4866737646260029,-0.44001416463572973,-0.00515859728545666,0.12841193091493555,0.26849324616686715,-0.48607422692762464,-0.11943463946027957,0.2723278755354508,0.7735433905426896,0.5587715940201584,0.6229804765798572,-0.39990399791585357,-0.4788937877123523,-0.061627072835903886,0.025475473276499783,0.6647946644540179,0.8262686655561639,0.10967880809745235,1.6569536466793635,0.00972823869024845,1.0203598222806634,-0.3679758318202235,-0.3792470691655295,-0.48860087534828645,-0.8331161938932328,-0.3094008271514684,-0.017872889529505408,-0.05545519359836331,0.19953776414314653,1.0178551049873144,-0.12221796289506257,-0.6766378416019011,-0.2413390899674102,0.46660657144094453,0.781194711684292,-0.7776040423077633,-1.3125271911734182,-0.6227425225273661,-0.0028652298600586852,-0.14963106822702602,-0.4526944488537669,0.0754347711189755,0.3334360199597225,0.44969583406497304,1.0495565602335477,0.4483329674003925,-0.3082479726036641,-1.5192845604992145,-0.5610747920461119,0.16651690472966715,-0.4263792131044297,0.32620366507490794,0.5689343932832773,-0.8316284157601384,0.31255439261637913,-0.20050381328994057,0.2605214654782267,-0.22322127425957755,-0.7570905228384093,-0.13025231619340374,0.6909133563180109,-1.3303413539820435,0.15714755140389122,0.030383917784546507,0.22246932747969084,0.49187209073697186,0.3251036098685122,0.040872747960399455,0.007504861746932976,0.7488064689795112,-0.38857407781865394,-0.07037104895520938,-0.8997129439135624,-0.6077752263146794,-0.3343304646064093,1.1017335099780743,-0.2103183919328479,0.06274554355491208,0.5799694384278921,-0.7380584226566023,-1.3837707677915005,-0.0061951807023808095,-0.0802019276561705,0.0633325221667775,-0.3012897069256906,-0.7044258821935938,0.4281281610883455,0.535065327615066,0.7870564310653051,-0.7421548413668415,0.3885401692151312,0.844946304216245,0.2868978715832408,-0.14617978622161082,0.49734291980751166,-0.9181071226156343,0.6356330260485216,-0.1356407613034932,-0.5073522297341577,-1.376672489519265,-1.0505046041971435
T Cell Pancreas Human,0.36702804062305605,0.09722292667614592,1.2464937572004837,0.8314243778121557,0.14545837101834624,0.46521313564141137,0.2539835720735546,0.20232465791149992,1.3068072844558698,-0.8065485483514997,0.01250456668220243,-0.8551289360204367,-1.0222563843234338,-0.1436413475673993,-0.5546662741148547,-0.012221156347607905,0.7923864133644486,0.11043451841815514,0.01729249410335937,0.38319704204627775,-4.433258205188499,0.5198328007764516,0.24573466112407197,-1.1634038442155854,0.31562971758527225,-0.07197920132099866,0.04457970607020113,-0.1135916274149307,0.1373877296877659,-0.8581327796382351,0.23206043858703285,-0.7899860758960209,0.29597495513689465,0.8706825979264184,0.36306092325741923,-0.33108154191528616,0.4865820512182169,-0.20334388122683295,0.782319569473132,0.12622374145187318,1.1430843430370898,0.7860055208689225,0.24194830720171528,1.1171695127767356,0.3719769054260183,-0.07699778020393515,-0.5043470278079031,0.2278666859361726,0.06403073656016112,-1.6392060866394496,0.45461346696479304,0.10585805099186217,0.5248325848038107,0.026724201848735724,0.18154960059634193,-0.023665951268241295,1.0197000606166442,0.45304214906347606,0.5683136899598046,0.6174306624611361,0.5498248571913938,1.3729489020263563,0.9024534765400973,-0.33934573801210904,0.8024998603586804,-0.25143219696985813,-0.24752401579281463,0.7248272216358016,0.5373962634112277,-0.9872830497000616,-0.8834127281639536,0.27566141916485715,0.0355978760022019,-0.6194971744974961,-0.9274720639553113,-0.1315309594219023,-0.8424936570935063,0.003446806562967057,-0.1335497305486639,-0.1638588389945542,0.29444624898760885,1.2003848237641304,-0.5097197870565078,0.5114961310500483,-1.1190418247414438,-0.1462620577128444,-0.44953112171968523,-0.14940161692604426,-0.5999010988619099,0.05664129276830752,-0.32892202781173935,-0.11499586693915384,0.16125233232786743,0.3477714350457677,1.0295045796354647,0.6272286523243668,0.7397977442035216,-0.25837302212129143,-0.8770183952594276,0.5657907812921679,-0.10567011032179183,0.9006128881172583,0.8418806497133879,-0.33822209462216896,1.7552054178314958,-0.10140656039905023,1.520069031493638,-0.2603153270618155,0.024044665926348886,0.015218974034890346,-1.1083810575802886,-0.23143051522428262,0.18339099539009085,0.09054979185441378,0.4249856452263401,1.2394860824362848,0.012082270233179662,-0.8536362186024089,-0.14021994418646144,0.4406196050154558,0.6873260631312935,-0.9155632895865731,-1.4913533378207025,-0.8377875523980577,0.09336745806413425,-0.15202249758377628,-0.5110677807127272,0.062035660475105975,0.11865761660525585,0.4182583585246101,1.106792132750103,0.21100091102761415,-0.2788436823975841,-0.41833830832766644,-0.8047194169335466,0.08489414340453073,-0.7281122963132394,0.1925640615119082,0.896649176203757,-1.2135443731704942,0.43289807534077035,-0.49966197094926273,-0.1776451914144916,-0.10043892376459786,-0.815724549489274,-0.11396916287028684,0.6655898554317038,-0.7945683654650432,0.4875035953652562,0.1888698946780826,0.7042980485750955,0.6740567522805723,0.7169886868007387,0.6147036501764986,0.38423194168201763,0.9808512182659529,-0.6635806671352744,0.04519455285925628,-1.186852632079839,-0.6528030328194702,-0.17881369882592293,1.4041020995039846,-0.5634853513569859,-0.14197760365143847,0.8352043622614272,-0.3905937624535807,-1.6594014698845703,-0.28988491791471904,-0.13583523723218985,-0.13997036327836526,-0.5470987868252357,-1.3982045223546278,-0.055413073712834895,0.3082110197439745,0.763439230115735,-1.0266253715948033,0.26216438028280686,0.31227514490550934,0.24936033457801904,-0.5095391073974102,0.09798789823294557,-0.9739067212341579,0.34708544513332446,-0.6902423305735002,-0.40056056719647565,-1.305219929723778,-1.5029897227105626
T Cell Peripheral Blood Human,0.2127163001339275,0.21950568763042907,0.6274648055688158,0.5633000638476273,-0.18300778315401559,0.2637246979182229,-0.003971669687653931,0.044797552783355926,1.1430177465406295,-0.5628657344396817,0.048521588863869425,-0.8248608958611471,-0.8823858479443913,-0.22032974129467287,-0.28999330336108536,0.36038635046166617,0.8057040046627817,0.0168896854072404,0.2595561487243904,0.10573644422844458,-4.788394495652305,0.18810800303245723,0.3297757104078775,-0.8829509082377514,0.32904825085341605,0.028920164096345322,0.02713772858846496,-0.1364549133427603,0.14295512731294505,-0.6695104606644926,-0.03441981191085204,-0.31368228086024336,0.09321005142250706,0.7544269122384507,0.28191482009829805,-0.32361157257574275,0.043089898808840565,0.057083406035896345,0.6601259228938916,0.14380359170050602,1.001999475153897,0.7427310009207876,0.07352229898186982,0.7487233342185827,0.40027864647824235,-0.16629215284870533,-0.3532773877504107,0.01894770950317838,-0.11563393944121474,-1.3711705418468292,0.31440399848646106,-0.019485594574735622,0.21933766474179697,0.1666277588348738,0.12171641956999589,-0.04627431041596767,0.6046708301607866,0.5309717496803851,0.7533202945565836,0.2180849246443065,0.5437664527633514,1.191753095308058,0.9549931933162902,-0.3853651788707187,0.48662983017257044,-0.15579664179775363,-0.21716381018144212,0.6298629019196723,0.16845239466182796,-0.7642759430300178,-0.3994999459133171,0.16873293747825965,-0.10179558050342262,-0.4779155367263113,-0.4099279100779474,-0.24087796220618574,-0.5594677351784577,0.08559018806294426,-0.041958109777508745,-0.6465143555620099,0.16414082361494461,0.7363475312417033,-0.4834877271920092,0.8050453639024456,-0.8640755352844853,-0.299687695139268,-0.32529054815521824,-0.28865355183006053,-0.07475507400010552,0.12210973655841263,-0.05571737988443746,-0.17838752945749503,-0.06968383869963779,0.2802458211663894,0.7529574589602382,0.5513109733503051,0.7223943616019969,-0.11301506480366265,-0.4943496055525578,-0.133455292593847,0.019318210548543283,0.8951658285876863,0.7607042719538141,-0.013914744631293871,1.5301664324089732,0.028754692425223372,1.15892332979478,-0.2598082631756224,-0.09924453905150173,-0.18316698992751013,-0.872425887598585,-0.31911334533703406,0.18780069230496588,-0.1057642132432216,0.15497016427095914,1.0315096002618491,-0.041276455209018785,-0.39094861146354853,-0.06296552053658644,0.4218310140399703,0.6760208123829493,-0.5891545491812901,-1.0508520404194537,-0.532045575489101,-0.1579439146344167,-0.058750754641323934,-0.3685037714847707,0.1318381888676818,0.22842166277455422,0.24187347563882766,0.918889376627026,0.2957859065346515,-0.24508613026978,-1.2114221131849536,-0.41918393278266003,0.00018324258593144008,-0.2534130798964193,0.24125565931601115,0.7648624602533065,-0.7386567344480574,0.257797206825279,-0.23363257863023457,0.015297773771116711,-0.03917105250037344,-0.7891852602532207,-0.16497480007240414,0.627679674198717,-0.9475981632146674,0.2907993239091686,0.026062869702751127,0.33462236453379474,0.44258305962204697,0.5301148768471984,0.21632928333535606,0.0946320825301103,0.7676286395305164,-0.465926305564566,-0.062009334216639365,-0.9924797297893398,-0.43351713237478284,-0.1433181082493047,1.1488696521390074,-0.3111762369152016,-0.0020120050649365443,0.5734188035025305,-0.6307635583991874,-1.1748628843012074,0.16655277792317885,-0.0896417164889678,-0.0009021715773727797,-0.16721082540042773,-1.0144974669528741,0.18832722110081948,0.301539683359813,0.5585651529214765,-0.6250117943776711,0.3408808296657339,0.651257950542959,0.3183265150595665,-0.40244514422713146,0.38037981954434025,-0.46982984016626733,0.4932794663925175,-0.3095081040486165,-0.49882004549339265,-1.035347373821644,-1.4966361858190365
T Cell Skin Human,0.19966290270707895,0.3617323407525405,0.36501447025070655,0.7254717117119394,0.08612415561476587,0.42514350933607226,0.04141121397418108,0.0913139894496422,0.7553629812972308,-0.51265773068581,0.08727988009732512,-0.7721507009031612,-0.8735731441328821,-0.047939870193006516,-0.24548001915162354,0.405482785222916,0.8214704108046612,0.16825769750838526,0.05648358961379629,0.06833417895814659,-5.3627022630783445,0.2985657822642928,0.040756419876504565,-0.6913261376148053,0.40211540925681216,0.09172639243370727,0.111170651671137,-0.0682821273638025,0.2543205934693036,-0.7390617657169726,0.046788944476072354,-0.4123139354261937,0.5768788089334868,0.7537943281473131,0.40147285729470505,-0.4606530184982891,0.026949176469920608,0.13606421612284386,0.7356273698512271,0.13082129576423265,0.9938048355437764,0.4984951333573895,0.0847875712450108,0.925608999229866,0.3577188276632697,-0.32110390661172866,-0.39176867746709626,-0.09673734895808027,-0.04628402385443447,-1.5531107905993407,0.2788533375675944,0.10160270040746132,0.19859609665565645,0.02438444171833623,0.1254554392597597,-0.05807014930716475,0.6304988648495251,0.4771925340002931,0.979735849907733,0.4269643193011669,0.5875591919338509,1.0689563998143856,0.8913828231820412,-0.07491250599016787,0.4388167098419579,-0.1915269275295497,-0.3000781599223594,0.7087973703455189,0.3304464738472717,-0.6877344408508527,-0.39740295744534443,0.07009489783168248,-0.05826106039900287,-0.4118550898074333,-0.36862393478539174,-0.19716520451409694,-0.550249565143771,0.0474490510341535,0.02371238746314612,-0.5731668177633485,0.26180008928235887,0.8206671399788071,-0.341622841776465,0.8033055682269401,-0.9233533645104074,-0.3804530824449681,-0.44549812825209584,-0.3936224622624425,-0.015228607515937903,0.19089216656123412,0.02722690992608115,-0.21845406562947753,-0.17438220848621386,0.4392574767088871,0.6683802163743451,0.32666841797158414,0.6221130885123404,-0.25952086135096114,-0.44589474193576506,-0.2654701025099597,-0.08252709835721467,0.5577712352162185,0.41770871710441787,-0.036388025744081835,1.1836668261253127,-0.11141828163835603,1.0676486956671731,-0.1659485721532132,-0.053482472554444965,-0.06089551351195412,-1.0474611644944964,-0.25139318705495556,0.18034081598803267,0.07218888942945861,0.24231865395484206,1.0788907266199765,-0.022323591657077407,-0.38986856697645816,-0.01662302899252188,0.3797221678368991,0.7393137940247331,-0.6967784044649769,-1.083877436063025,-0.6392753412148259,-0.14508407786657898,-0.05841327446822723,-0.29339299475144803,-0.006240152026243469,0.31870119020780047,0.2343225865061864,1.005382016301261,0.214927198206296,-0.3781284300600786,-1.2668818775952928,-0.3298351653330999,-7.678261509489204e-05,-0.3816382352075785,0.2525730575928084,0.7560618693829669,-0.7815905692040861,0.19500748888947217,-0.2878272935735971,0.16744283255794334,-0.06185317727910122,-0.7678969933863438,-0.25347189314761204,0.571231922972399,-0.8604053362074578,0.3041119808200589,0.21215998760699772,0.16217548254850878,0.4897261545636207,0.6417371524930139,0.30891037315586406,0.04722677785166705,0.9251032041927459,-0.39208270131928424,-0.03243433777596576,-0.9848066536125888,-0.34794437230979175,-0.14277999628304877,0.9769346045333429,-0.38884839504969965,-0.22802348719921406,0.7124823539696622,-0.6177133785106955,-1.1690727143497919,0.18418219857485915,0.1393166698002977,-0.11180789532740683,-0.2935638472263287,-0.9862819987171071,0.3078654870844209,0.3611795268609912,0.5949744390041681,-0.5714065666899987,0.26766220675629265,0.6680893123701453,0.3895565444789893,-0.4022088096623178,0.2810654041235363,-0.7212986377867979,0.583450463104162,-0.38085448712303505,-0.6495183623354707,-1.0500626653243932,-0.9605554167608349
T Cell Soft Tissue Human,-0.1629351524356433,0.01871869783441908,0.5569056765115423,0.7352513009138839,0.3578346024031668,0.6006833545192627,-0.12624534778337124,0.02507325709838319,1.1617439508290068,-0.7408258543559498,-0.6332581733152552,-0.854317937458281,-1.2785020331171912,0.041802298876230444,-0.2264591100374542,0.31857646297989767,0.8295366785317552,-0.08948177411387438,-0.1726865951577557,0.2743820686056689,-4.75809585431387,0.277513417174027,0.2670878208744566,-0.6861476966397183,0.4415229624439334,0.10404204719456243,0.05161363897170382,0.06574446136425328,0.07850442733509083,-0.9859964377974845,0.40009775197844,-0.8900439201973095,-1.0681802288071856,0.7949674111988709,0.4093249216341021,-0.7300852733891665,0.5158698098113862,0.392000217114123,0.5507340733911927,0.11753398058190768,1.265177007778201,0.6698336952641758,0.37580523342629785,1.0502431757925754,0.5353955979447825,-0.3847150250665602,-0.23564014564053878,0.09529000002543672,0.058875526843618624,-1.7824090593495905,0.35689409540509204,-0.29599523488904783,0.40137027232090006,0.25303326886804234,0.05440377017345121,0.1079531363403094,1.0097863447402156,0.6881350703814696,0.8493105179009894,0.5963340122185129,0.7228493358659617,1.2582642206049015,0.9252287252900432,-0.10990862682160935,0.7076475706504954,-0.1768537770791146,-0.18861315654905458,0.8799780986623473,0.22391031581059195,-0.8943316250086462,-0.6708395321335001,0.392730832555925,-0.2782238810443082,-0.5665765744948144,-0.5856722706430051,0.06754402615201206,-0.5676174511069064,-0.03398844234326704,-0.0682078033253412,-0.7960496184794122,0.36055204188425605,1.2394319791032247,-0.2257378866047793,0.7111343094355207,-1.16709448680264,-0.06329088482242108,-0.4428600776197132,-0.44241206002099287,-0.1100098544419865,0.2517692751402408,0.07263790974326507,0.018253842720904793,0.05217329896450652,0.23533364963034975,0.8992985679099532,0.7533587590990284,0.7844971681271995,-0.23899193920400597,-0.4015257029321192,-0.035777957138122256,0.03128362690223747,0.6108749673481421,0.6113995840042191,0.01713453691086147,1.6476858653636337,-0.07531680727864773,1.3909703845175285,0.14153569972766836,0.19437773575019482,0.051528945626115034,-1.0677229776874824,-0.0821278420706507,0.16044800725417602,-0.0008939439501452356,-0.050157276289462156,1.3245962820933326,0.3089395069619902,-0.8375596874988036,0.19357316002553626,0.4900597573126848,0.5379819590183528,-0.7037257876303673,-1.1733182779528024,-0.5716075710802113,-0.009746929997357637,-0.07359982632082687,-0.2633329650081682,-0.19859252183464987,0.13030764089314031,0.11206544564185408,1.1699834251810788,0.23885414919832038,-0.27210334649251405,-1.042589967252811,-0.4733736955507124,-0.32122568660148987,-0.4263985012697819,0.13844627990389918,0.9160154965270096,-0.5212095353653604,0.5269847611797396,-0.5095688564725313,-0.04820578348903917,0.1288359189103558,-1.0879282658759721,-0.039423632844034565,0.5670643683814747,-0.48375271965192257,0.19810225659326974,0.36283337647578795,0.4628559224346531,0.5803418237065892,0.8759010080145058,0.6198270381081138,-0.019086367614493817,0.7831400867818286,-0.31039135619443275,0.03193593465588752,-0.9996745115353279,-0.43294209055808697,-0.1441962727537624,1.1644445704430422,-0.4085678072383723,-0.10376485860711543,0.7474082710866169,-0.5994749543556961,-1.262959104777513,0.05890637759578718,0.2659516303114768,-0.01576040062242347,-0.49078451955726593,-1.5551270050865176,-0.31954332508734207,0.23785101142495688,0.7890010861231366,-0.6904757676044911,0.0756046760453592,0.365409893573406,0.21686584273878784,-0.31476687043436463,-0.20786594922612184,-1.289769674409752,0.40313606553352793,-0.6788454403466221,-0.7784579472057305,-1.8066411163230893,-1.2627821117410487
T Cell Stomach Human,0.43292730395491824,0.09084235940375625,0.7806232147837726,0.7128726745937821,0.10320031997025936,0.4574887276146793,0.2828638924540984,0.014782421150771158,1.1954358633761941,-0.8923129713689195,0.11776373595513048,-0.9671640261858593,-0.839914331181293,-0.3684239130915,-0.4924022875292143,0.21630080104719077,0.8648330335840975,0.1672128367713352,0.14174772230196658,0.45272017238304946,-5.361236896136803,0.6527899589442084,0.1510861009665157,-0.9702537478897237,0.2575791223052755,-0.19945437620008546,0.03865227160872288,0.004972710067733322,0.2692747338136764,-0.801019479051341,-0.058822339338371006,-0.6181253077181763,0.7956871239566696,1.0356530735179323,0.39100933189990195,-0.23157212475785433,0.23247974486629314,-0.056066419078201195,0.8481907035403862,0.20177614434011562,1.0179029932561487,0.7115866762306444,0.09989134305330301,0.792674640082496,0.33539974622468466,0.1312635107967214,-0.3217907165211146,0.3077705276223194,-0.03677975721253928,-1.737166937921778,0.501078982453404,0.1573622239190497,0.48922429431525694,0.06124461357144257,0.10837529067025184,0.046246672608140575,0.7750600624653289,0.4855899535730861,0.79418761150055,0.6152461331625289,0.6856039862447699,1.317760350710788,0.8222091448550621,-0.6200866517447525,0.7235568405726455,-0.23386583553178572,-0.2512589388353129,0.7029963668839743,0.6144587024575686,-0.952999777528727,-0.8532083711753111,0.09214787288623791,0.19550511127265263,-0.5270751390547194,-0.499092514282034,-0.02515166601812362,-0.7252305886516024,0.18833753082580137,-0.28870627522269504,-0.41787601464599905,0.42204472677233773,0.8276078868045854,-0.5052345694383413,0.7576125402758286,-1.0549157231058033,-0.15841805418628874,-0.5813045522690728,-0.2705528265970928,-0.4914180244451727,-0.051404799299877374,0.029484188600753157,-0.16914318049028915,0.027818300571257667,0.407485964124631,0.8945453598405233,0.660298174968354,0.7259597966661324,-0.1942697709377539,-0.7327257761210708,0.19927524045417025,0.07351663869067694,0.6803422259966181,0.646338729134268,-0.2001725347905179,1.7820500997662694,-0.20661270667229936,1.4115383537358053,-0.2506344024091295,-0.3398085366102991,-0.19387116115060002,-1.1222906673588542,-0.3354335909588126,0.17058448094630216,0.037569858782071884,0.37350507315251646,1.1772770934722412,-0.16048217093016054,-0.6867922871835747,-0.21768865738818546,0.37991403345585595,0.6816519866513187,-0.8855974584779169,-1.4369550149409442,-0.8038739617398825,0.05107991112156886,-0.21854321059068563,-0.619873218481127,-0.05456924721877709,0.13039779962158835,0.4548537590827059,0.8489232549315787,0.32083829866245067,-0.3657996699583683,-0.9035757419972429,-0.7270202318606028,0.19079519364444064,-0.45285919436377026,0.2420447380641862,0.7501930634200409,-1.1145434372403735,0.43672487762080753,-0.44868980523196994,0.06297945975526484,-0.25356974851960973,-0.636802224558342,-0.15602974707416925,0.5848230571081601,-1.0103951092157955,0.30792288233442233,0.23199357420942943,0.530682855295636,0.5879053774871841,0.44393019960783653,0.5327043556311815,0.2524317499189558,0.894505769595554,-0.3324449423010762,-0.026095857006314522,-0.937711937219899,-0.8154307816137281,-0.3754696154211502,1.5881111741938405,-0.4837061876798128,-0.19815564281932377,0.7196574782586375,-0.6978570969469808,-1.4996908656818475,-0.17860753546973465,-0.14374465477001247,-0.1531940328812734,-0.4206606043400579,-1.0877660359781722,0.20355061316590065,0.5554738631247621,0.8877288698677168,-1.0766358929775226,0.1189880675437167,0.5473888041683993,0.34556594357426107,-0.21133545595911202,0.5202818585675243,-0.9566077033008678,0.4525494057419788,-0.2389554317157126,-0.3408482006715032,-1.1766843780245761,-1.13436301910427
T Cell Testis Human,0.505931411656541,0.040049402688657136,0.4939724148763648,0.5964466670918742,-0.37501042992973865,0.28030676002038857,0.20426340746253996,-0.013376512557496048,1.1930485197634542,-0.5225548519258768,0.3225294438860308,-1.0270416503817767,-0.8010803014381731,-0.4257586162707774,-0.1283045750545141,0.4573344810828554,1.1950557291674815,0.2006804906267979,0.592865204332896,0.2809608484936458,-4.922630710965011,0.3932720848645295,0.24582388075447176,-0.6703922352820275,0.10120721700909503,-0.1456293240956468,0.10772985660488987,0.03745725442697219,0.2262431125286723,-0.4870979856630452,-0.4915183540732721,-0.18662101688192878,0.5243847853284613,0.7980606082769127,0.21273928082710275,-0.10382067482565567,-0.12599148919898637,0.1271434736641839,1.1985625536896078,0.1108655470985222,0.8377657395980722,0.8730921748545312,-0.1376378848135801,0.5708487949175064,0.6208247595440545,-0.020139821379076602,-0.4719898559980858,0.12321359594683769,0.20048417814157288,-1.3607092763808701,0.30235832047398803,0.09426032606033939,0.31173505001875385,-0.10655346877988178,-0.07451583509832192,0.12182205565016108,0.6047954674234631,0.34956696058353476,0.651392063507016,0.37663690194099975,0.6861005151671097,1.2905069737879364,0.8085270873131477,-0.8348321956946108,0.5168669850274876,-0.47501968897563196,-0.32512825024115877,0.6160144393684821,0.6060477987309395,-0.7202090349008897,-0.3495418278661815,-0.29740717088390556,0.6420961571556354,-0.4629285350139695,-0.048140681970110816,-0.3192863337565658,-0.5341567150526257,0.18901584390822274,-0.13234475426590225,-0.41579385054960843,0.3088601802876687,0.5795188679843364,-0.8073388529957424,1.0627112953552085,-0.5832157522027133,-0.47998338121508843,-0.4490537858695947,-0.32471820151844305,-0.3229533583428593,-0.006527030783016508,0.23886341888179127,-0.25368486564562437,0.021703310396292166,0.5399555208218338,0.9315952492001577,0.674732523206737,0.6867311888786015,-0.36789499891251665,-0.7117611778842903,-0.20885698171021388,0.18815312353065533,1.0031419525249217,0.9100322539840927,0.05778017033810429,1.7959218717906213,0.014354994239282206,1.0703950273710319,-0.438481060876894,-0.568480040994167,-0.5086165404901432,-1.042087478925498,-0.3592680628534189,0.22646834317858716,-0.017304157414723884,0.2969614867949465,0.882107642086672,-0.38297527112783225,-0.6085044685686853,-0.07367905226791419,0.3282804479845327,0.9405648695725021,-0.8108870688963628,-1.3496742702673445,-0.5970413342237172,-0.14862359091313582,-0.15541009509506568,-0.6863346594623005,0.149061411898182,0.2702363540392185,0.2244748878163413,0.6660915871531039,0.3142087664949322,-0.3009726422471615,-1.6378051859195002,-0.7430942096888956,0.1356936376887873,-0.43278812270362194,0.558289450257782,0.5839815383625256,-0.8061263275302821,0.34328103040317814,-0.3354364851677297,0.23955372735903335,-0.18262168819886296,-0.7595451481856592,-0.19573326754750092,0.675898763274943,-1.2431411506007857,0.18626854956022537,0.1076578171072495,0.39800682964491096,0.47406881010363133,0.41382896980909983,0.0478195227933209,0.12478977234447033,0.807324257460153,-0.2703836401337949,0.03457111103093745,-1.0090421990876985,-0.836082567711968,-0.3515359618560018,1.416710405692282,-0.14418806608293783,-0.07123567171501216,0.4114544904284617,-0.8279892740240956,-1.4170774090669387,-0.24597638849896258,-0.31011623655290205,-0.0009825763026659819,-0.43389938516504895,-0.7273333337506058,0.5541957274679666,0.4659605436728572,0.721247690258832,-0.920311662805842,0.4764486441624254,0.7315142287219136,0.16857072568800113,-0.16858982938087383,0.5942159005342524,-0.40330578859595967,0.482831572389283,-0.1858930330205024,-0.3895961962852296,-1.2520381969060326,-0.9986359930143974
T Cell Undefined Human,0.21130703666452846,0.23868893953981518,0.47022264711538436,0.5226138687126893,-0.1134537419999156,0.16879258765555955,-0.06657492293796556,0.06270161527884155,0.867622616031777,-0.5506232822463462,0.11224340123505233,-0.8021966138901164,-0.8402865745554493,-0.20603035473029704,-0.12916193905561366,0.480398269074426,0.7439948412810834,0.07984023813037841,0.3303753962730102,0.11076408215363148,-5.212918443298851,0.15392952967168175,0.2664205208879731,-0.7266959415851244,0.35416300985309085,0.003326128097835628,-0.0714165169648679,0.022944242847460303,0.2968178383628056,-0.520096269602512,-0.0949402657888299,-0.16012421462882376,0.05290538181662691,0.659327011432813,0.28185007768283166,-0.2383457134180774,-0.08808826562389792,0.05435564702454847,0.6870217167439394,0.32670275863779735,0.8695027557617131,0.6239469724622825,-0.04259808655814709,0.7124477843857223,0.4127812659778972,-0.14364358376172967,-0.26731272855860183,-0.023996869711379945,-0.12855640552805556,-1.1653541489651498,0.2098407765991041,-0.063077960076224,0.11787129008571633,0.1684710759226938,0.12668969360777083,-0.015444440564669069,0.569416936410522,0.5690593635892466,0.7341169025499453,0.0863252475220981,0.5165351584550628,1.0851491960530086,0.8565356546989324,-0.44604630089473635,0.3676429254783443,-0.09714489453970294,-0.24402069452319847,0.645371105389748,0.1689671795495793,-0.5641838067059561,-0.2326852544894784,0.19299931256452363,0.1588841771392846,-0.4012956764637467,-0.24876258681742594,-0.2753948040762274,-0.4230779163532104,0.088536028993792,0.01036744026027983,-0.475446800842661,0.155925200384175,0.6404465133200982,-0.45757147576859497,0.7950818055847118,-0.6834622210524848,-0.3209086688716919,-0.30550223892095896,-0.18934210290499479,-0.0998283408505968,0.11796371112430838,0.02293043470703153,-0.2972480083454791,-0.12493444617736667,0.22030220291597977,0.5461106794502593,0.5701169900831548,0.7156518074873901,-0.12617381433386357,-0.31169879247705884,-0.20199510773132687,0.1228274866772111,0.8113132554033284,0.5664964120072172,0.02004100918789622,1.3239581651263461,0.035543033457223344,0.9638351838658846,-0.2469405425420003,-0.2798077527121401,-0.24959485610744708,-0.8099456780653687,-0.450129922903464,0.17715187440388253,-0.16764582741745562,0.22086645544889266,0.9849722655529426,-0.11856658656886028,-0.4184736689851189,-0.039753458005572694,0.38084191940814277,0.6384535590082556,-0.4340081568566039,-0.8612752827136999,-0.44012295727622647,-0.07230604136569878,0.026159422888383316,-0.3068950349182353,0.14269705273820066,0.19591892750648573,0.2243079399377696,0.8952663330641347,0.26809002264180687,-0.19209301739058512,-1.2238618805067398,-0.45763767198417976,0.01784073084731829,-0.11846481648205694,0.3545099548732112,0.45517741123424843,-0.7281158976672034,0.16606997420904232,-0.15412124132189772,0.19093353235688607,-0.07702432234637735,-0.6423580455537894,-0.14489472188592165,0.5306426605770156,-0.900675378312976,0.4629590844579689,0.08428702579786182,0.3093071624629386,0.4334823975181876,0.4106243583307819,0.1728342634800318,-0.0017159782564056434,0.7782025879992114,-0.5527862358043024,-0.035860611208828,-0.8393446110452591,-0.35730906892268377,-0.0867464924604307,0.9717753191396044,-0.30877356002028516,-0.1087128026083434,0.49105683605186207,-0.6008541202874114,-0.8803774582840592,0.2140516889964959,-0.13851919759972,0.0013340793856103678,-0.09573508048714574,-0.8481783089023297,0.21163469735317467,0.17812121860516808,0.2980046181097447,-0.5836205104432725,0.4789814126041,0.8376745335875423,0.3096119068386728,-0.4865178868582965,0.07119301930076356,-0.33679702906791026,0.4465186484092682,-0.41744338111274265,-0.37039006155589216,-1.043480362861893,-1.6853496767024214
Tumor Associated Macrophage (TAM) Breast Human,0.2622017207820458,0.6253652498269973,-0.06071849531388523,-0.21759726029801926,-0.7250014609508639,-0.5836659997455859,-0.28368482398062406,-0.2840726009583297,0.04748137527139629,-0.02484899970273624,0.6790099683417908,-1.2698156369879083,-0.37830850178473546,-0.6529736214034423,0.3336232649607498,0.8100815084196967,0.5757229951539876,0.062482395004974704,1.1461005159338808,-0.5170151740611549,-4.278256746348382,-0.13868060101250593,0.2965724531875475,-0.2781313081459651,0.600356836233955,0.02386981062652567,-0.41593590794602897,0.12667628861925706,0.8542677275734376,0.251787025913565,-0.6530601748068318,0.9474922911733512,-0.05986838586363822,0.6571498338550353,0.3066752314488897,0.13931900887123272,-1.2205683728316403,0.1664785712801026,1.1654545968493533,0.3069886062850151,0.5184815407392211,0.11833441117908494,-0.6343932741458338,0.15562003804408772,0.4520760943047996,0.06412300315765156,-0.15775434586953838,-0.30597425040621223,-1.0567300389211955,-0.44695067477844125,-0.3373241728798593,0.007537724815756962,0.000480311531666916,0.4536382824597207,0.16678672467802938,-0.20849585177961136,0.08544053048227655,0.7260765405906032,1.0214238090750507,-0.6977125372916717,0.37608912923775323,0.7823513983130675,0.38956766338761967,-1.0558132033287164,-0.2742350401344718,0.12227851481834136,-0.40714735004611513,0.4808269881062794,-0.08820113460075958,0.08228809130933405,0.20393612372043604,-0.07344186133918401,0.8060192995253305,-0.25545231599109014,0.48933674858963155,-0.3774140391531802,0.2947325235275265,0.33528463713760354,0.1735831039561817,-0.8455431372820642,-0.09505201932328754,0.1287472393650431,-0.3953055666348217,1.1442648616903641,-0.10530430681699836,-0.7935772702261596,-0.1289793242010574,-0.3676381689368726,0.5301477877003307,0.27852355064681583,0.6471302504899897,-1.009325784287376,-0.5024555716952687,0.40036948108319526,-0.1708094282242555,0.15513701882799716,0.8098742043810777,-0.2968278854229275,-0.13030703838940258,-0.36420698959001846,0.3922397357723275,1.1509301723090772,0.6335407129703595,0.36876382685138864,0.6916991555547384,0.399094607065482,-0.017741452460594415,-0.6315110798518994,-0.9068544462996587,-1.052006683091194,-0.43084100480637755,-1.2691947931412233,0.2992021508943989,-0.7092677453940645,0.1450863831125013,0.33711278140686773,-0.19750507271418213,-0.04800730217438249,-0.31493997413557984,0.27144315550572545,1.32418469982451,-0.39239989829288713,-0.4179247277723794,-0.070169145486935,-0.020796502866552824,0.4875801367102486,-0.33044864652751516,0.2329724968312771,0.6254504555774386,0.4013467595045362,0.9357486449888454,0.09643984846199789,0.1422572659597632,-1.6235485809014423,-0.37435072160067856,0.06976672011141305,0.5805511323381453,0.9752822145606027,-0.36295249513442013,-0.7760131074863761,-0.4134803379784026,0.3598771444933968,0.44687721546155384,-0.3053599218148238,-0.3810058516268937,-0.4483762893335148,0.4423795436630031,-1.1708596181357147,0.40115131835793383,0.08350932578309127,-0.361655548999813,0.15589852945370128,0.12235638536030218,-0.809265896581605,-0.24685456927082808,0.4557340495490784,-0.8738765596867211,-0.015551573664217213,-0.5796858227977711,0.05681695381776573,0.07539096383077522,0.356392519315329,0.03156436681120006,0.14846301470575266,0.27940724826302504,-0.582880127166472,-0.4486960476288469,0.5165919253937798,-0.04711518151948743,0.5426651007362666,0.11037603047014267,-0.34180313351881114,0.4607661709570369,0.45024285513070295,-0.4431048285978421,-0.08296364166269023,1.278999179222004,1.5567873420340523,0.20401707010984885,-0.3181724397857775,0.26657754805445705,0.4516269186777328,1.0258845339632396,-0.06265907835289551,-0.32446261822824146,-0.7754803370378124,-1.0223517550452736
